Stage	total_cycles	pim_cycles	mem_bw_util	
A	35917	0	85.854714	
B	43171	27791	73.429357	
C	146052	16645	85.858718	
D	151310	27066	83.184398	
E	109974	16069	85.985835	
F	111102	0	84.756744	
