Stage	total_cycles	pim_cycles	mem_bw_util	
A	35917	0	85.854714	
B	45878	27385	69.148884	
C	145884	17062	85.941313	
D	152434	26929	82.586890	
E	114287	17073	82.720038	
F	103651	0	90.849521	
