Stage	total_cycles	pim_cycles	mem_bw_util	
A	35917	0	85.854714	
B	43361	26956	73.031353	
C	145977	14077	85.864854	
D	152812	25924	82.345382	
E	111866	14303	84.481936	
F	108398	0	86.871010	
