Stage	total_cycles	pim_cycles	mem_bw_util	
A	35917	0	85.854714	
B	45142	25985	70.080524	
C	145012	16010	86.417072	
D	154400	24947	81.478060	
E	109460	14314	86.313379	
F	111527	0	84.433758	
