OpName	StartCycle	EndCycle	TotalCycle	ComputeCycles	MemoryStalls	WeightLoadCycles	SystolicMemoryStalls	MemoryReads	MemoryWrites	ReadBandwidth	WriteBandwidth	TotalMemoryBandwidth	NumCalculation	NpuUtilization	
layer0.attn.rn	35915	39595	3680	640	0	0	0	2121792	2105344	576573913043	572104347826	1148678260869	0	0.000000	
layer0.attn.QKVgen	39595	78903	39308	23044	0	0	0	27316544	32832	694935992673	835249821	695771242495	1610612736	4.265926	
