OpName	StartCycle	EndCycle	TotalCycle	ComputeCycles	MemoryStalls	WeightLoadCycles	SystolicMemoryStalls	MemoryReads	MemoryWrites	ReadBandwidth	WriteBandwidth	TotalMemoryBandwidth	NumCalculation	NpuUtilization	
layer0.ffn.rn	96285	101345	5060	640	0	0	0	2121792	2105344	419326482213	416075889328	835402371541	0	0.000000	
layer0.ffn.fc2	145323	182644	37321	21621	0	0	0	34145600	32832	914916534926	879719192	915796254119	2147483648	6.062254	
layer0.ffn.fc1	101345	144388	43043	27505	0	0	0	35721536	32832	829903491856	762772111	830666263968	2147483648	4.765388	
layer0.attn.QKVgen	192578	225136	32558	22647	0	0	0	27316544	32832	839011732907	1008415750	840020148657	1610612736	4.340707	
layer0.ffn.swish	144388	145323	935	128	0	0	0	532480	532480	569497326203	569497326203	1138994652406	0	0.000000	
layer0.attn.proj	79085	90500	11415	7735	0	0	0	8536640	32832	747844064826	2876215505	750720280332	536870912	4.236328	
layer0.attn.res	90500	96285	5785	128	0	0	0	4210688	2105344	727863094209	363931547104	1091794641313	0	0.000000	
layer0.ffn.res	182644	187025	4381	128	0	0	0	4210688	2105344	961124857338	480562428669	1441687286007	0	0.000000	
layer0.attn.rn	187025	192578	5553	640	0	0	0	2121792	2105344	382098325229	379136322708	761234647938	0	0.000000	
