OpName	StartCycle	EndCycle	TotalCycle	ComputeCycles	MemoryStalls	WeightLoadCycles	SystolicMemoryStalls	MemoryReads	MemoryWrites	ReadBandwidth	WriteBandwidth	TotalMemoryBandwidth	NumCalculation	NpuUtilization	
layer0.attn.rn	35915	39598	3683	640	0	0	0	2121792	2105344	576104262829	571638338311	1147742601140	0	0.000000	
layer0.attn.QKVgen	39598	78288	38690	23949	0	0	0	27316544	32832	706036288446	848591367	706884879813	1610612736	4.104723	
