OpName	StartCycle	EndCycle	TotalCycle	ComputeCycles	MemoryStalls	WeightLoadCycles	SystolicMemoryStalls	MemoryReads	MemoryWrites	ReadBandwidth	WriteBandwidth	TotalMemoryBandwidth	NumCalculation	NpuUtilization	
layer0.ffn.rn	397084	402644	5560	640	0	0	0	2121792	2105344	381617266187	378658992805	760276258992	0	0.000000	
layer0.ffn.swish	445755	447096	1341	128	0	0	0	532480	532480	397076808351	397076808351	794153616703	0	0.000000	
layer0.ffn.res	485320	489925	4605	128	0	0	0	4210688	2105344	914373072747	457186536373	1371559609120	0	0.000000	
layer0.ffn.fc2	447096	485320	38224	21367	0	0	0	34145600	32832	893302637086	858936793	894161573880	2147483648	6.134319	
layer0.ffn.fc1	402644	445755	43111	26743	0	0	0	35721536	32832	828594465449	761568973	829356034422	2147483648	4.901170	
layer0.attn.proj	380466	391711	11245	7735	0	0	0	8536640	32832	759149844375	2919697643	762069542018	536870912	4.236328	
layer0.attn.res	391711	397084	5373	128	0	0	0	4210688	2105344	783675414107	391837707053	1175513121161	0	0.000000	
