OpName	StartCycle	EndCycle	TotalCycle	ComputeCycles	MemoryStalls	WeightLoadCycles	SystolicMemoryStalls	MemoryReads	MemoryWrites	ReadBandwidth	WriteBandwidth	TotalMemoryBandwidth	NumCalculation	NpuUtilization	
layer0.attn.rn	35915	39637	3722	640	0	0	0	2121792	2105344	570067705534	565648576034	1135716281569	0	0.000000	
layer0.attn.QKVgen	39637	79275	39638	24092	0	0	0	27316544	32832	689150411221	828296079	689978707301	1610612736	4.080359	
