OpName	StartCycle	EndCycle	TotalCycle	ComputeCycles	MemoryStalls	WeightLoadCycles	SystolicMemoryStalls	MemoryReads	MemoryWrites	ReadBandwidth	WriteBandwidth	TotalMemoryBandwidth	NumCalculation	NpuUtilization	
layer0.ffn.fc2	552943	591296	38353	23399	0	0	0	34145600	32832	890298021015	856047766	891154068782	2147483648	5.601607	
layer0.attn.proj	486418	500734	14316	6465	0	0	0	8536640	32832	596300642637	2293378038	598594020676	536870912	5.068523	
layer0.ffn.swish	552259	552943	684	128	0	0	0	532480	532480	778479532163	778479532163	1556959064327	0	0.000000	
layer0.ffn.res	591296	597519	6223	128	0	0	0	4210688	2105344	676633135143	338316567571	1014949702715	0	0.000000	
layer0.ffn.rn	506429	510398	3969	640	0	0	0	2121792	2105344	534591080876	530446963970	1065038044847	0	0.000000	
layer0.ffn.fc1	510398	552259	41861	29204	0	0	0	35721536	32832	853336900695	784309978	854121210673	2147483648	4.488152	
layer0.attn.res	500734	506429	5695	128	0	0	0	4210688	2105344	739365759438	369682879719	1109048639157	0	0.000000	
