OpName	StartCycle	EndCycle	TotalCycle	ComputeCycles	MemoryStalls	WeightLoadCycles	SystolicMemoryStalls	MemoryReads	MemoryWrites	ReadBandwidth	WriteBandwidth	TotalMemoryBandwidth	NumCalculation	NpuUtilization	
layer0.ffn.rn	96507	102558	6051	640	0	0	0	2121792	2105344	350651462568	347933234176	698584696744	0	0.000000	
layer0.ffn.fc2	147031	182744	35713	21621	0	0	0	34145600	32832	956111220003	919329095	957030549099	2147483648	6.062254	
layer0.ffn.fc1	102558	145737	43179	27251	0	0	0	35721536	32832	827289562055	760369624	828049931679	2147483648	4.809805	
layer0.attn.QKVgen	192701	225251	32550	23187	0	0	0	27316544	32832	839217941628	1008663594	840226605222	1610612736	4.239617	
layer0.ffn.swish	145737	147031	1294	128	0	0	0	532480	532480	411499227202	411499227202	822998454404	0	0.000000	
layer0.attn.proj	79275	90682	11407	7735	0	0	0	8536640	32832	748368545629	2878232664	751246778294	536870912	4.236328	
layer0.attn.res	90682	96507	5825	128	0	0	0	4210688	2105344	722864892703	361432446351	1084297339055	0	0.000000	
layer0.ffn.res	182744	187212	4468	128	0	0	0	4210688	2105344	942410026857	471205013428	1413615040286	0	0.000000	
layer0.attn.rn	187212	192701	5489	640	0	0	0	2121792	2105344	386553470577	383556932045	770110402623	0	0.000000	
