OpName	StartCycle	EndCycle	TotalCycle	ComputeCycles	MemoryStalls	WeightLoadCycles	SystolicMemoryStalls	MemoryReads	MemoryWrites	ReadBandwidth	WriteBandwidth	TotalMemoryBandwidth	NumCalculation	NpuUtilization	
layer0.ffn.fc2	297385	334731	37346	22383	0	0	0	34145600	32832	914304075402	879130295	915183205698	2147483648	5.855873	
layer0.attn.res	237402	244581	7179	128	0	0	0	4210688	2105344	586528485861	293264242930	879792728792	0	0.000000	
layer0.ffn.swish	296463	297385	922	128	0	0	0	532480	532480	577527114967	577527114967	1155054229934	0	0.000000	
layer0.ffn.rn	244581	252450	7869	640	0	0	0	2121792	2105344	269639344262	267549116787	537188461049	0	0.000000	
layer0.attn.QKVgen	344682	378062	33380	22425	0	0	0	27316544	32832	818350629119	983582983	819334212103	1610612736	4.383679	
layer0.ffn.fc1	252450	296463	44013	29791	0	0	0	35721536	32832	811613296071	745961420	812359257492	2147483648	4.399718	
layer0.attn.proj	225251	237402	12151	6719	0	0	0	8536640	32832	702546292486	2701999835	705248292321	536870912	4.876916	
layer0.attn.rn	339128	344682	5554	640	0	0	0	2121792	2105344	382029528267	379068059056	761097587324	0	0.000000	
layer0.ffn.res	334731	339128	4397	128	0	0	0	4210688	2105344	957627473277	478813736638	1436441209915	0	0.000000	
