OpName	StartCycle	EndCycle	TotalCycle	ComputeCycles	MemoryStalls	WeightLoadCycles	SystolicMemoryStalls	MemoryReads	MemoryWrites	ReadBandwidth	WriteBandwidth	TotalMemoryBandwidth	NumCalculation	NpuUtilization	
layer0.attn.rn	35915	39811	3896	640	0	0	0	2121792	2105344	544607802874	540386036960	1084993839835	0	0.000000	
layer0.attn.QKVgen	39811	79085	39274	23695	0	0	0	27316544	32832	695537607577	835972908	696373580485	1610612736	4.148723	
