OpName	StartCycle	EndCycle	TotalCycle	ComputeCycles	MemoryStalls	WeightLoadCycles	SystolicMemoryStalls	MemoryReads	MemoryWrites	ReadBandwidth	WriteBandwidth	TotalMemoryBandwidth	NumCalculation	NpuUtilization	
layer0.ffn.fc2	556689	595196	38507	21875	0	0	0	34145600	32832	886737476303	852624198	887590100501	2147483648	5.991863	
layer0.attn.proj	489925	504569	14644	5195	0	0	0	8536640	32832	582944550669	2242010379	585186561048	536870912	6.307603	
layer0.ffn.swish	556039	556689	650	128	0	0	0	532480	532480	819200000000	819200000000	1638400000000	0	0.000000	
layer0.ffn.res	595196	601451	6255	128	0	0	0	4210688	2105344	673171542765	336585771382	1009757314148	0	0.000000	
layer0.ffn.rn	510211	514326	4115	640	0	0	0	2121792	2105344	515623815309	511626731470	1027250546780	0	0.000000	
layer0.ffn.fc1	514326	556039	41713	28267	0	0	0	35721536	32832	856364586579	787092752	857151679332	2147483648	4.636926	
layer0.attn.res	504569	510211	5642	128	0	0	0	4210688	2105344	746311237149	373155618574	1119466855724	0	0.000000	
