OpName	StartCycle	EndCycle	TotalCycle	ComputeCycles	MemoryStalls	WeightLoadCycles	SystolicMemoryStalls	MemoryReads	MemoryWrites	ReadBandwidth	WriteBandwidth	TotalMemoryBandwidth	NumCalculation	NpuUtilization	
layer0.ffn.fc2	555328	592325	36997	22129	0	0	0	34145600	32832	922928886125	887423304	923816309430	2147483648	5.923087	
layer0.attn.proj	494394	504020	9626	5703	0	0	0	8536640	32832	886831498026	3410762518	890242260544	536870912	5.745748	
layer0.ffn.swish	554733	555328	595	128	0	0	0	532480	532480	894924369747	894924369747	1789848739495	0	0.000000	
layer0.ffn.res	592325	598044	5719	128	0	0	0	4210688	2105344	736262983038	368131491519	1104394474558	0	0.000000	
layer0.ffn.rn	510278	513455	3177	640	0	0	0	2121792	2105344	667860245514	662683034309	1330543279823	0	0.000000	
layer0.ffn.fc1	513455	554733	41278	27648	0	0	0	35721536	32832	865389214593	795387373	866184601967	2147483648	4.740741	
layer0.attn.res	504020	510278	6258	128	0	0	0	4210688	2105344	672848833493	336424416746	1009273250239	0	0.000000	
