OpName	StartCycle	EndCycle	TotalCycle	ComputeCycles	MemoryStalls	WeightLoadCycles	SystolicMemoryStalls	MemoryReads	MemoryWrites	ReadBandwidth	WriteBandwidth	TotalMemoryBandwidth	NumCalculation	NpuUtilization	
layer0.ffn.fc2	298332	337014	38682	23653	0	0	0	34145600	32832	882725815624	848766868	883574582493	2147483648	5.541454	
layer0.attn.res	238133	244709	6576	128	0	0	0	4210688	2105344	640311435523	320155717761	960467153284	0	0.000000	
layer0.ffn.swish	297674	298332	658	128	0	0	0	532480	532480	809240121580	809240121580	1618480243161	0	0.000000	
layer0.ffn.rn	244709	254581	9872	640	0	0	0	2121792	2105344	214930307941	213264181523	428194489465	0	0.000000	
layer0.attn.QKVgen	346314	380466	34152	21631	0	0	0	27316544	32832	799851955961	961349262	800813305223	1610612736	4.544589	
layer0.ffn.fc1	254581	297674	43093	28696	0	0	0	35721536	32832	828940570394	761887081	829702457475	2147483648	4.567605	
layer0.attn.proj	226067	238133	12066	7735	0	0	0	8536640	32832	707495441737	2721034311	710216476048	536870912	4.236328	
layer0.attn.rn	342681	346314	3633	640	0	0	0	2121792	2105344	584033030553	579505642719	1163538673272	0	0.000000	
layer0.ffn.res	337014	342681	5667	128	0	0	0	4210688	2105344	743018881242	371509440621	1114528321863	0	0.000000	
