OpName	StartCycle	EndCycle	TotalCycle	ComputeCycles	MemoryStalls	WeightLoadCycles	SystolicMemoryStalls	MemoryReads	MemoryWrites	ReadBandwidth	WriteBandwidth	TotalMemoryBandwidth	NumCalculation	NpuUtilization	
layer0.ffn.fc2	298360	336711	38351	22129	0	0	0	34145600	32832	890344449949	856092409	891200542358	2147483648	5.923087	
layer0.attn.res	239261	245595	6334	128	0	0	0	4210688	2105344	664775497316	332387748658	997163245974	0	0.000000	
layer0.ffn.swish	297709	298360	651	128	0	0	0	532480	532480	817941628264	817941628264	1635883256528	0	0.000000	
layer0.ffn.rn	245595	252637	7042	640	0	0	0	2121792	2105344	301305310991	298969610905	600274921897	0	0.000000	
layer0.attn.QKVgen	345934	380108	34174	22536	0	0	0	27316544	32832	799337039854	960730379	800297770234	1610612736	4.362087	
layer0.ffn.fc1	252637	297709	45072	28299	0	0	0	35721536	32832	792543840965	728434504	793272275470	2147483648	4.631683	
layer0.attn.proj	227675	239261	11586	7481	0	0	0	8536640	32832	736806490592	2833764888	739640255480	536870912	4.380163	
layer0.attn.rn	342473	345934	3461	640	0	0	0	2121792	2105344	613057497832	608305114128	1221362611961	0	0.000000	
layer0.ffn.res	336711	342473	5762	128	0	0	0	4210688	2105344	730768483165	365384241582	1096152724748	0	0.000000	
