OpName	StartCycle	EndCycle	TotalCycle	ComputeCycles	MemoryStalls	WeightLoadCycles	SystolicMemoryStalls	MemoryReads	MemoryWrites	ReadBandwidth	WriteBandwidth	TotalMemoryBandwidth	NumCalculation	NpuUtilization	
layer0.ffn.rn	99112	104568	5456	640	0	0	0	2121792	2105344	388891495601	385876832844	774768328445	0	0.000000	
layer0.ffn.fc2	147613	183549	35936	22891	0	0	0	34145600	32832	950178094390	913624220	951091718610	2147483648	5.725918	
layer0.ffn.fc1	104568	146966	42398	26632	0	0	0	35721536	32832	842528798528	774376149	843303174678	2147483648	4.921598	
layer0.attn.QKVgen	192603	226067	33464	22282	0	0	0	27316544	32832	816296437963	981114032	817277551996	1610612736	4.411812	
layer0.ffn.swish	146966	147613	647	128	0	0	0	532480	532480	822998454404	822998454404	1645996908809	0	0.000000	
layer0.attn.proj	81056	93402	12346	7481	0	0	0	8536640	32832	691449862303	2659322857	694109185161	536870912	4.380163	
layer0.attn.res	93402	99112	5710	128	0	0	0	4210688	2105344	737423467600	368711733800	1106135201401	0	0.000000	
layer0.ffn.res	183549	189150	5601	128	0	0	0	4210688	2105344	751774326013	375887163006	1127661489019	0	0.000000	
layer0.attn.rn	189150	192603	3453	640	0	0	0	2121792	2105344	614477845351	609714451201	1224192296553	0	0.000000	
