OpName	StartCycle	EndCycle	TotalCycle	ComputeCycles	MemoryStalls	WeightLoadCycles	SystolicMemoryStalls	MemoryReads	MemoryWrites	ReadBandwidth	WriteBandwidth	TotalMemoryBandwidth	NumCalculation	NpuUtilization	
layer0.ffn.rn	395525	401436	5911	640	0	0	0	2121792	2105344	358956521739	356173913043	715130434782	0	0.000000	
layer0.ffn.swish	446512	447217	705	128	0	0	0	532480	532480	755290780141	755290780141	1510581560283	0	0.000000	
layer0.ffn.res	485359	489927	4568	128	0	0	0	4210688	2105344	921779334500	460889667250	1382669001751	0	0.000000	
layer0.ffn.fc2	447217	485359	38142	21875	0	0	0	34145600	32832	895223113628	860783388	896083897016	2147483648	5.991863	
layer0.ffn.fc1	401436	446512	45076	28918	0	0	0	35721536	32832	792473511402	728369864	793201881267	2147483648	4.532540	
layer0.attn.proj	378062	389658	11596	6719	0	0	0	8536640	32832	736171093480	2831321145	739002414625	536870912	4.876916	
layer0.attn.res	389658	395525	5867	128	0	0	0	4210688	2105344	717690131242	358845065621	1076535196863	0	0.000000	
