OpName	StartCycle	EndCycle	TotalCycle	ComputeCycles	MemoryStalls	WeightLoadCycles	SystolicMemoryStalls	MemoryReads	MemoryWrites	ReadBandwidth	WriteBandwidth	TotalMemoryBandwidth	NumCalculation	NpuUtilization	
layer0.ffn.rn	100355	104829	4474	640	0	0	0	2121792	2105344	474249441215	470573088958	944822530174	0	0.000000	
layer0.ffn.fc2	148250	184124	35874	23034	0	0	0	34145600	32832	951820259798	915203211	952735463009	2147483648	5.690371	
layer0.ffn.fc1	104829	147487	42658	28013	0	0	0	35721536	32832	837393595574	769656336	838163251910	2147483648	4.678970	
layer0.attn.QKVgen	193578	227675	34097	22536	0	0	0	27316544	32832	801142153268	962899961	802105053230	1610612736	4.362087	
layer0.ffn.swish	147487	148250	763	128	0	0	0	532480	532480	697876802096	697876802096	1395753604193	0	0.000000	
layer0.attn.proj	81792	94052	12260	7481	0	0	0	8536640	32832	696300163132	2677977161	698978140293	536870912	4.380163	
layer0.attn.res	94052	100355	6303	128	0	0	0	4210688	2105344	668045057908	334022528954	1002067586863	0	0.000000	
layer0.ffn.res	184124	190355	6231	128	0	0	0	4210688	2105344	675764403787	337882201893	1013646605681	0	0.000000	
layer0.attn.rn	190355	193578	3223	640	0	0	0	2121792	2105344	658328265591	653224945702	1311553211293	0	0.000000	
