OpName	StartCycle	EndCycle	TotalCycle	ComputeCycles	MemoryStalls	WeightLoadCycles	SystolicMemoryStalls	MemoryReads	MemoryWrites	ReadBandwidth	WriteBandwidth	TotalMemoryBandwidth	NumCalculation	NpuUtilization	
layer0.ffn.rn	399240	408379	9139	640	0	0	0	2121792	2105344	232168946274	230369187000	462538133274	0	0.000000	
layer0.ffn.swish	449405	450111	706	128	0	0	0	532480	532480	754220963172	754220963172	1508441926345	0	0.000000	
layer0.ffn.res	488147	494394	6247	128	0	0	0	4210688	2105344	674033616135	337016808067	1011050424203	0	0.000000	
layer0.ffn.fc2	450111	488147	38036	22637	0	0	0	34145600	32832	897717951414	863182248	898581133662	2147483648	5.790167	
layer0.ffn.fc1	408379	449405	41026	28045	0	0	0	35721536	32832	870704821332	800272997	871505094330	2147483648	4.673632	
layer0.attn.proj	380108	392260	12152	6465	0	0	0	8536640	32832	702488479262	2701777485	705190256747	536870912	5.068523	
layer0.attn.res	392260	399240	6980	128	0	0	0	4210688	2105344	603250429799	301625214899	904875644699	0	0.000000	
