OpName	StartCycle	EndCycle	TotalCycle	ComputeCycles	MemoryStalls	WeightLoadCycles	SystolicMemoryStalls	MemoryReads	MemoryWrites	ReadBandwidth	WriteBandwidth	TotalMemoryBandwidth	NumCalculation	NpuUtilization	
layer0.ffn.fc2	555703	593934	38231	20351	0	0	0	34145600	32832	893139075619	858779524	893997855143	2147483648	6.440568	
layer0.attn.proj	489927	504228	14301	6211	0	0	0	8536640	32832	596926089084	2295783511	599221872596	536870912	5.275801	
layer0.ffn.swish	555025	555703	678	128	0	0	0	532480	532480	785368731563	785368731563	1570737463126	0	0.000000	
layer0.ffn.res	593934	598324	4390	128	0	0	0	4210688	2105344	959154441913	479577220956	1438731662870	0	0.000000	
layer0.ffn.rn	509945	513361	3416	640	0	0	0	2121792	2105344	621133489461	616318501170	1237451990632	0	0.000000	
layer0.ffn.fc1	513361	555025	41664	28410	0	0	0	35721536	32832	857371735791	788018433	858159754224	2147483648	4.613587	
layer0.attn.res	504228	509945	5717	128	0	0	0	4210688	2105344	736520552737	368260276368	1104780829106	0	0.000000	
