OpName	StartCycle	EndCycle	TotalCycle	ComputeCycles	MemoryStalls	WeightLoadCycles	SystolicMemoryStalls	MemoryReads	MemoryWrites	ReadBandwidth	WriteBandwidth	TotalMemoryBandwidth	NumCalculation	NpuUtilization	
layer0.ffn.rn	393624	400352	6728	640	0	0	0	2121792	2105344	315367419738	312922711058	628290130796	0	0.000000	
layer0.ffn.swish	443402	444157	755	128	0	0	0	532480	532480	705271523178	705271523178	1410543046357	0	0.000000	
layer0.ffn.res	482060	486418	4358	128	0	0	0	4210688	2105344	966197338228	483098669114	1449296007342	0	0.000000	
layer0.ffn.fc2	444157	482060	37903	22383	0	0	0	34145600	32832	900868005171	866211117	901734216288	2147483648	5.855873	
layer0.ffn.fc1	400352	443402	43050	29426	0	0	0	35721536	32832	829768548199	762648083	830531196283	2147483648	4.454292	
layer0.attn.proj	376445	388178	11733	7227	0	0	0	8536640	32832	727575215204	2798261314	730373476519	536870912	4.534108	
layer0.attn.res	388178	393624	5446	128	0	0	0	4210688	2105344	773170767535	386585383767	1159756151303	0	0.000000	
