OpName	StartCycle	EndCycle	TotalCycle	ComputeCycles	MemoryStalls	WeightLoadCycles	SystolicMemoryStalls	MemoryReads	MemoryWrites	ReadBandwidth	WriteBandwidth	TotalMemoryBandwidth	NumCalculation	NpuUtilization	
layer0.ffn.fc2	295152	332793	37641	22129	0	0	0	34145600	32832	907138492601	872240376	908010732977	2147483648	5.923087	
layer0.attn.res	237361	243135	5774	128	0	0	0	4210688	2105344	729249740214	364624870107	1093874610322	0	0.000000	
layer0.ffn.swish	294388	295152	764	128	0	0	0	532480	532480	696963350785	696963350785	1393926701570	0	0.000000	
layer0.ffn.rn	243135	251037	7902	640	0	0	0	2121792	2105344	268513287775	266431789420	534945077195	0	0.000000	
layer0.attn.QKVgen	342525	376445	33920	23949	0	0	0	27316544	32832	805322641509	967924528	806290566037	1610612736	4.104723	
layer0.ffn.fc1	251037	294388	43351	27934	0	0	0	35721536	32832	824007197065	757352771	824764549837	2147483648	4.692203	
layer0.attn.proj	225136	237361	12225	8497	0	0	0	8536640	32832	698293660531	2685644171	700979304703	536870912	3.856420	
layer0.attn.rn	338452	342525	4073	640	0	0	0	2121792	2105344	520940829855	516902528848	1037843358703	0	0.000000	
layer0.ffn.res	332793	338452	5659	128	0	0	0	4210688	2105344	744069270189	372034635094	1116103905283	0	0.000000	
