Stage	total_cycles	pim_cycles	mem_bw_util	
A	8548	0	76.713120	
B	12433	5161	53.978324	
C	44331	4879	60.328551	
D	37834	5425	70.831957	
E	30486	4857	66.216665	
F	31908	0	62.954236	
