Stage	total_cycles	pim_cycles	mem_bw_util	
A	8548	0	76.713120	
B	11953	5096	56.138626	
C	39358	4430	67.943620	
D	44553	5591	60.148307	
E	30740	5260	65.659361	
F	31460	0	63.850723	
