Stage	total_cycles	pim_cycles	mem_bw_util	
A	8548	0	76.713120	
B	12278	5043	54.635323	
C	39044	4618	68.488596	
D	40305	5847	66.481981	
E	29847	4724	67.622793	
F	31585	0	63.598029	
