Stage	total_cycles	pim_cycles	mem_bw_util	
A	8548	0	76.713120	
B	12075	5445	55.616460	
C	43037	4514	62.126920	
D	41529	5581	64.540743	
E	30363	4648	66.462677	
F	31602	0	63.563817	
