OpName	StartCycle	EndCycle	TotalCycle	ComputeCycles	MemoryStalls	WeightLoadCycles	SystolicMemoryStalls	MemoryReads	MemoryWrites	ReadBandwidth	WriteBandwidth	TotalMemoryBandwidth	NumCalculation	NpuUtilization	
layer0.attn.proj	59866	63519	3653	2520	0	0	0	2134592	8256	584339447029	2260060224	586599507254	33554432	0.812698	
layer0.ffn.swish	78473	78653	180	32	0	0	0	133120	133120	739555555555	739555555555	1479111111111	0	0.000000	
layer0.ffn.fc1	64285	78473	14188	7444	0	0	0	8537408	8256	601734423456	581900197	602316323653	134217728	1.100484	
layer0.ffn.rn	64051	64285	234	136	0	0	0	137280	133056	586666666666	568615384615	1155282051282	0	0.000000	
layer0.ffn.res	92245	92550	305	32	0	0	0	266240	133120	872918032786	436459016393	1309377049180	0	0.000000	
layer0.attn.QKVgen	92842	100170	7328	5769	0	0	0	6436160	8256	878296943231	1126637554	879423580786	100663296	1.065003	
layer0.attn.res	63519	64051	532	32	0	0	0	266240	133120	500451127819	250225563909	750676691729	0	0.000000	
layer0.attn.rn	92550	92842	292	160	0	0	0	137280	133120	470136986301	455890410958	926027397260	0	0.000000	
layer0.ffn.fc2	78653	92245	13592	6539	0	0	0	8537408	8256	628120070629	607416127	628727486756	134217728	1.252791	
