OpName	StartCycle	EndCycle	TotalCycle	ComputeCycles	MemoryStalls	WeightLoadCycles	SystolicMemoryStalls	MemoryReads	MemoryWrites	ReadBandwidth	WriteBandwidth	TotalMemoryBandwidth	NumCalculation	NpuUtilization	
layer0.attn.res	133382	133707	325	32	0	0	0	266240	133120	819200000000	409600000000	1228800000000	0	0.000000	
layer0.ffn.swish	147550	147729	179	32	0	0	0	133120	133120	743687150837	743687150837	1487374301675	0	0.000000	
layer0.attn.proj	130016	133382	3366	1869	0	0	0	2134592	8256	634162804515	2452762923	636615567439	33554432	1.095773	
layer0.ffn.fc2	147729	161297	13568	7047	0	0	0	8537408	8256	629231132075	608490566	629839622641	134217728	1.162480	
layer0.ffn.res	161297	161600	303	32	0	0	0	266240	133120	878679867986	439339933993	1318019801980	0	0.000000	
layer0.ffn.rn	133707	134015	308	160	0	0	0	137280	133120	445714285714	432207792207	877922077922	0	0.000000	
layer0.ffn.fc1	134015	147550	13535	6793	0	0	0	8537408	8256	630765275212	609974141	631375249353	134217728	1.205947	
