OpName	StartCycle	EndCycle	TotalCycle	ComputeCycles	MemoryStalls	WeightLoadCycles	SystolicMemoryStalls	MemoryReads	MemoryWrites	ReadBandwidth	WriteBandwidth	TotalMemoryBandwidth	NumCalculation	NpuUtilization	
layer0.attn.rn	8546	8749	203	160	0	0	0	137280	133120	676256157635	655763546798	1332019704433	0	0.000000	
layer0.attn.QKVgen	8749	20498	11749	6420	0	0	0	6436160	8256	547804919567	702698101	548507617669	100663296	0.957009	
