OpName	StartCycle	EndCycle	TotalCycle	ComputeCycles	MemoryStalls	WeightLoadCycles	SystolicMemoryStalls	MemoryReads	MemoryWrites	ReadBandwidth	WriteBandwidth	TotalMemoryBandwidth	NumCalculation	NpuUtilization	
layer0.attn.rn	8546	8751	205	160	0	0	0	137280	133120	669658536585	649365853658	1319024390243	0	0.000000	
layer0.attn.QKVgen	8751	20978	12227	6277	0	0	0	6436160	8256	526389138791	675226956	527064365747	100663296	0.978812	
