OpName	StartCycle	EndCycle	TotalCycle	ComputeCycles	MemoryStalls	WeightLoadCycles	SystolicMemoryStalls	MemoryReads	MemoryWrites	ReadBandwidth	WriteBandwidth	TotalMemoryBandwidth	NumCalculation	NpuUtilization	
layer0.ffn.fc1	26630	40213	13583	7047	0	0	0	8537408	8256	628536258558	607818596	629144077155	134217728	1.162480	
layer0.ffn.res	54189	54496	307	32	0	0	0	266240	133120	867231270358	433615635179	1300846905537	0	0.000000	
layer0.ffn.fc2	40394	54189	13795	6793	0	0	0	8537408	8256	618876984414	598477709	619475462123	134217728	1.205947	
layer0.attn.res	24151	26383	2232	32	0	0	0	266240	133120	119283154121	59641577060	178924731182	0	0.000000	
layer0.attn.rn	54496	54938	442	160	0	0	0	137280	133120	310588235294	301176470588	611764705882	0	0.000000	
layer0.attn.proj	20620	24151	3531	2377	0	0	0	2134592	8256	604529028603	2338147833	606867176437	33554432	0.861590	
layer0.attn.QKVgen	54938	63656	8718	5769	0	0	0	6436160	8256	738261069052	947006194	739208075246	100663296	1.065003	
layer0.ffn.swish	40213	40394	181	32	0	0	0	133120	133120	735469613259	735469613259	1470939226519	0	0.000000	
layer0.ffn.rn	26383	26630	247	160	0	0	0	137280	133120	555789473684	538947368421	1094736842105	0	0.000000	
