OpName	StartCycle	EndCycle	TotalCycle	ComputeCycles	MemoryStalls	WeightLoadCycles	SystolicMemoryStalls	MemoryReads	MemoryWrites	ReadBandwidth	WriteBandwidth	TotalMemoryBandwidth	NumCalculation	NpuUtilization	
layer0.attn.proj	65308	68507	3199	2631	0	0	0	2134592	8256	667268521412	2580806502	669849327914	33554432	0.778411	
layer0.ffn.swish	80538	80724	186	32	0	0	0	133120	133120	715698924731	715698924731	1431397849462	0	0.000000	
layer0.ffn.fc1	69260	80538	11278	7190	0	0	0	8537408	8256	756996630608	732044688	757728675297	134217728	1.139360	
layer0.ffn.rn	68889	69260	371	112	0	0	0	137280	133120	370026954177	358814016172	728840970350	0	0.000000	
layer0.ffn.res	94543	94848	305	32	0	0	0	266240	133120	872918032786	436459016393	1309377049180	0	0.000000	
layer0.attn.QKVgen	95137	103141	8004	6023	0	0	0	6436160	8256	804117941029	1031484257	805149425287	100663296	1.020090	
layer0.attn.res	68507	68889	382	32	0	0	0	266240	133120	696963350785	348481675392	1045445026178	0	0.000000	
layer0.attn.rn	94848	95137	289	160	0	0	0	137280	133120	475017301038	460622837370	935640138408	0	0.000000	
layer0.ffn.fc2	80724	94543	13819	6793	0	0	0	8537408	8256	617802156451	597438309	618399594760	134217728	1.205947	
