OpName	StartCycle	EndCycle	TotalCycle	ComputeCycles	MemoryStalls	WeightLoadCycles	SystolicMemoryStalls	MemoryReads	MemoryWrites	ReadBandwidth	WriteBandwidth	TotalMemoryBandwidth	NumCalculation	NpuUtilization	
layer0.attn.res	138903	139222	319	32	0	0	0	266240	133120	834608150470	417304075235	1251912225705	0	0.000000	
layer0.ffn.swish	153080	153261	181	32	0	0	0	133120	133120	735469613259	735469613259	1470939226519	0	0.000000	
layer0.attn.proj	135546	138903	3357	1869	0	0	0	2134592	8256	635862972892	2459338695	638322311587	33554432	1.095773	
layer0.ffn.fc2	153261	166843	13582	6793	0	0	0	8537408	8256	628582535709	607863348	629190399057	134217728	1.205947	
layer0.ffn.res	166843	167147	304	32	0	0	0	266240	133120	875789473684	437894736842	1313684210526	0	0.000000	
layer0.ffn.rn	139222	139538	316	160	0	0	0	137280	133120	434430379746	421265822784	855696202531	0	0.000000	
layer0.ffn.fc1	139538	153080	13542	6793	0	0	0	8537408	8256	630439226111	609658839	631048884950	134217728	1.205947	
