OpName	StartCycle	EndCycle	TotalCycle	ComputeCycles	MemoryStalls	WeightLoadCycles	SystolicMemoryStalls	MemoryReads	MemoryWrites	ReadBandwidth	WriteBandwidth	TotalMemoryBandwidth	NumCalculation	NpuUtilization	
layer0.attn.proj	100170	103740	3570	2377	0	0	0	2134592	8256	597924929971	2312605042	600237535014	33554432	0.861590	
layer0.ffn.res	129709	130016	307	32	0	0	0	266240	133120	867231270358	433615635179	1300846905537	0	0.000000	
layer0.attn.res	103740	105194	1454	32	0	0	0	266240	133120	183108665749	91554332874	274662998624	0	0.000000	
layer0.ffn.swish	115732	115897	165	32	0	0	0	133120	133120	806787878787	806787878787	1613575757575	0	0.000000	
layer0.ffn.rn	105194	105488	294	160	0	0	0	137280	133120	466938775510	452789115646	919727891156	0	0.000000	
layer0.ffn.fc2	115897	129709	13812	6539	0	0	0	8537408	8256	618115262090	597741094	618713003185	134217728	1.252791	
layer0.ffn.fc1	105488	115732	10244	7190	0	0	0	8537408	8256	833405700898	805935181	834211636079	134217728	1.139360	
