OpName	StartCycle	EndCycle	TotalCycle	ComputeCycles	MemoryStalls	WeightLoadCycles	SystolicMemoryStalls	MemoryReads	MemoryWrites	ReadBandwidth	WriteBandwidth	TotalMemoryBandwidth	NumCalculation	NpuUtilization	
layer0.attn.proj	103141	108007	4866	2631	0	0	0	2134592	8256	438674886970	1696670776	440371557747	33554432	0.778411	
layer0.ffn.res	133319	133626	307	32	0	0	0	266240	133120	867231270358	433615635179	1300846905537	0	0.000000	
layer0.attn.res	108007	109113	1106	32	0	0	0	266240	133120	240723327305	120361663652	361084990958	0	0.000000	
layer0.ffn.swish	119334	119519	185	32	0	0	0	133120	133120	719567567567	719567567567	1439135135135	0	0.000000	
layer0.ffn.rn	109113	109388	275	160	0	0	0	137280	133120	499200000000	484072727272	983272727272	0	0.000000	
layer0.ffn.fc2	119519	133319	13800	6539	0	0	0	8537408	8256	618652753623	598260869	619251014492	134217728	1.252791	
layer0.ffn.fc1	109388	119334	9946	6682	0	0	0	8537408	8256	858376030565	830082445	859206113010	134217728	1.225980	
