OpName	StartCycle	EndCycle	TotalCycle	ComputeCycles	MemoryStalls	WeightLoadCycles	SystolicMemoryStalls	MemoryReads	MemoryWrites	ReadBandwidth	WriteBandwidth	TotalMemoryBandwidth	NumCalculation	NpuUtilization	
layer0.attn.proj	59855	63249	3394	2631	0	0	0	2134592	8256	628931054802	2432527990	631363582793	33554432	0.778411	
layer0.ffn.swish	79353	79535	182	32	0	0	0	133120	133120	731428571428	731428571428	1462857142857	0	0.000000	
layer0.ffn.fc1	65274	79353	14079	7301	0	0	0	8537408	8256	606393067689	586405284	606979472973	134217728	1.122038	
layer0.ffn.rn	64368	65274	906	160	0	0	0	137280	133120	151523178807	146931567328	298454746136	0	0.000000	
layer0.ffn.res	93127	93434	307	32	0	0	0	266240	133120	867231270358	433615635179	1300846905537	0	0.000000	
layer0.attn.QKVgen	93728	104407	10679	5769	0	0	0	6436160	8256	602693136061	773106096	603466242157	100663296	1.065003	
layer0.attn.res	63249	64368	1119	32	0	0	0	266240	133120	237926720285	118963360142	356890080428	0	0.000000	
layer0.attn.rn	93434	93728	294	160	0	0	0	137280	133120	466938775510	452789115646	919727891156	0	0.000000	
layer0.ffn.fc2	79535	93127	13592	7047	0	0	0	8537408	8256	628120070629	607416127	628727486756	134217728	1.162480	
