OpName	StartCycle	EndCycle	TotalCycle	ComputeCycles	MemoryStalls	WeightLoadCycles	SystolicMemoryStalls	MemoryReads	MemoryWrites	ReadBandwidth	WriteBandwidth	TotalMemoryBandwidth	NumCalculation	NpuUtilization	
layer0.ffn.fc1	26134	39910	13776	7047	0	0	0	8537408	8256	619730545876	599303135	620329849012	134217728	1.162480	
layer0.ffn.res	53902	54208	306	32	0	0	0	266240	133120	870065359477	435032679738	1305098039215	0	0.000000	
layer0.ffn.fc2	40092	53902	13810	6539	0	0	0	8537408	8256	618204779145	597827661	618802606806	134217728	1.252791	
layer0.attn.res	24419	25228	809	32	0	0	0	266240	133120	329097651421	164548825710	493646477132	0	0.000000	
layer0.attn.rn	54208	54501	293	160	0	0	0	137280	133120	468532423208	454334470989	922866894197	0	0.000000	
layer0.attn.proj	20978	24419	3441	2377	0	0	0	2134592	8256	620340598663	2399302528	622739901191	33554432	0.861590	
layer0.attn.QKVgen	54501	65308	10807	5769	0	0	0	6436160	8256	595554733043	763949292	596318682335	100663296	1.065003	
layer0.ffn.swish	39910	40092	182	32	0	0	0	133120	133120	731428571428	731428571428	1462857142857	0	0.000000	
layer0.ffn.rn	25228	26134	906	160	0	0	0	137280	133120	151523178807	146931567328	298454746136	0	0.000000	
