OpName	StartCycle	EndCycle	TotalCycle	ComputeCycles	MemoryStalls	WeightLoadCycles	SystolicMemoryStalls	MemoryReads	MemoryWrites	ReadBandwidth	WriteBandwidth	TotalMemoryBandwidth	NumCalculation	NpuUtilization	
layer0.attn.proj	104407	107626	3219	2631	0	0	0	2134592	8256	663122708915	2564771668	665687480584	33554432	0.778411	
layer0.ffn.res	134498	135146	648	32	0	0	0	266240	133120	410864197530	205432098765	616296296296	0	0.000000	
layer0.attn.res	107626	109267	1641	32	0	0	0	266240	133120	162242535039	81121267519	243363802559	0	0.000000	
layer0.ffn.swish	123507	123686	179	32	0	0	0	133120	133120	743687150837	743687150837	1487374301675	0	0.000000	
layer0.ffn.rn	109267	109598	331	160	0	0	0	137280	133120	414743202416	402175226586	816918429003	0	0.000000	
layer0.ffn.fc2	123686	134498	10812	6936	0	0	0	8537408	8256	789623381428	763596004	790386977432	134217728	1.181084	
layer0.ffn.fc1	109598	123507	13909	7444	0	0	0	8537408	8256	613804586958	593572507	614398159465	134217728	1.100484	
