OpName	StartCycle	EndCycle	TotalCycle	ComputeCycles	MemoryStalls	WeightLoadCycles	SystolicMemoryStalls	MemoryReads	MemoryWrites	ReadBandwidth	WriteBandwidth	TotalMemoryBandwidth	NumCalculation	NpuUtilization	
layer0.attn.res	138101	138432	331	32	0	0	0	266240	133120	804350453172	402175226586	1206525679758	0	0.000000	
layer0.ffn.swish	152544	152724	180	32	0	0	0	133120	133120	739555555555	739555555555	1479111111111	0	0.000000	
layer0.attn.proj	135146	138101	2955	2377	0	0	0	2134592	8256	722366159052	2793908629	725160067681	33554432	0.861590	
layer0.ffn.fc2	152724	166301	13577	6793	0	0	0	8537408	8256	628814023716	608087206	629422110922	134217728	1.205947	
layer0.ffn.res	166301	166605	304	32	0	0	0	266240	133120	875789473684	437894736842	1313684210526	0	0.000000	
layer0.ffn.rn	138432	138753	321	160	0	0	0	137280	133120	427663551401	414704049844	842367601246	0	0.000000	
layer0.ffn.fc1	138753	152544	13791	6539	0	0	0	8537408	8256	619056486114	598651294	619655137408	134217728	1.252791	
