OpName	StartCycle	EndCycle	TotalCycle	ComputeCycles	MemoryStalls	WeightLoadCycles	SystolicMemoryStalls	MemoryReads	MemoryWrites	ReadBandwidth	WriteBandwidth	TotalMemoryBandwidth	NumCalculation	NpuUtilization	
layer0.attn.proj	105184	110030	4846	2631	0	0	0	2134592	8256	440485348741	1703673132	442189021873	33554432	0.778411	
layer0.ffn.res	135247	135546	299	32	0	0	0	266240	133120	890434782608	445217391304	1335652173913	0	0.000000	
layer0.attn.res	110030	110704	674	32	0	0	0	266240	133120	395014836795	197507418397	592522255192	0	0.000000	
layer0.ffn.swish	124855	125242	387	32	0	0	0	133120	133120	343979328165	343979328165	687958656330	0	0.000000	
layer0.ffn.rn	110704	110994	290	160	0	0	0	137280	133120	473379310344	459034482758	932413793103	0	0.000000	
layer0.ffn.fc2	125242	135247	10005	7952	0	0	0	8537408	8256	853314142928	825187406	854139330334	134217728	1.030181	
layer0.ffn.fc1	110994	124855	13861	6539	0	0	0	8537408	8256	615930163768	595628021	616525791789	134217728	1.252791	
