OpName	StartCycle	EndCycle	TotalCycle	ComputeCycles	MemoryStalls	WeightLoadCycles	SystolicMemoryStalls	MemoryReads	MemoryWrites	ReadBandwidth	WriteBandwidth	TotalMemoryBandwidth	NumCalculation	NpuUtilization	
layer0.attn.res	137238	137569	331	32	0	0	0	266240	133120	804350453172	402175226586	1206525679758	0	0.000000	
layer0.ffn.swish	151425	151605	180	32	0	0	0	133120	133120	739555555555	739555555555	1479111111111	0	0.000000	
layer0.attn.proj	133626	137238	3612	1869	0	0	0	2134592	8256	590972314507	2285714285	593258028792	33554432	1.095773	
layer0.ffn.fc2	151605	165228	13623	7444	0	0	0	8537408	8256	626690743595	606033913	627296777508	134217728	1.100484	
layer0.ffn.res	165228	165533	305	32	0	0	0	266240	133120	872918032786	436459016393	1309377049180	0	0.000000	
layer0.ffn.rn	137569	137873	304	160	0	0	0	137280	133120	451578947368	437894736842	889473684210	0	0.000000	
layer0.ffn.fc1	137873	151425	13552	6793	0	0	0	8537408	8256	629974025974	609208972	630583234946	134217728	1.205947	
