OpName	StartCycle	EndCycle	TotalCycle	ComputeCycles	MemoryStalls	WeightLoadCycles	SystolicMemoryStalls	MemoryReads	MemoryWrites	ReadBandwidth	WriteBandwidth	TotalMemoryBandwidth	NumCalculation	NpuUtilization	
layer0.attn.proj	63656	67129	3473	2377	0	0	0	2134592	8256	614624820040	2377195508	617002015548	33554432	0.861590	
layer0.ffn.swish	83257	83438	181	32	0	0	0	133120	133120	735469613259	735469613259	1470939226519	0	0.000000	
layer0.ffn.fc1	69216	83257	14041	7301	0	0	0	8537408	8256	608034185599	587992308	608622177907	134217728	1.122038	
layer0.ffn.rn	68271	69216	945	160	0	0	0	137280	133120	145269841269	140867724867	286137566137	0	0.000000	
layer0.ffn.res	97031	97336	305	32	0	0	0	266240	133120	872918032786	436459016393	1309377049180	0	0.000000	
layer0.attn.QKVgen	97845	105184	7339	5769	0	0	0	6436160	8256	876980515056	1124948903	878105463959	100663296	1.065003	
layer0.attn.res	67129	68271	1142	32	0	0	0	266240	133120	233134851138	116567425569	349702276707	0	0.000000	
layer0.attn.rn	97336	97845	509	160	0	0	0	137280	133120	269705304518	261532416502	531237721021	0	0.000000	
layer0.ffn.fc2	83438	97031	13593	7047	0	0	0	8537408	8256	628073861546	607371441	628681232987	134217728	1.162480	
