OpName	StartCycle	EndCycle	TotalCycle	ComputeCycles	MemoryStalls	WeightLoadCycles	SystolicMemoryStalls	MemoryReads	MemoryWrites	ReadBandwidth	WriteBandwidth	TotalMemoryBandwidth	NumCalculation	NpuUtilization	
layer0.attn.rn	8546	8747	201	160	0	0	0	137280	133120	682985074626	662288557213	1345273631840	0	0.000000	
layer0.attn.QKVgen	8747	20823	12076	6531	0	0	0	6436160	8256	532971182510	683670089	533654852600	100663296	0.940744	
