OpName	StartCycle	EndCycle	TotalCycle	ComputeCycles	MemoryStalls	WeightLoadCycles	SystolicMemoryStalls	MemoryReads	MemoryWrites	ReadBandwidth	WriteBandwidth	TotalMemoryBandwidth	NumCalculation	NpuUtilization	
layer0.ffn.fc1	27036	37664	10628	7301	0	0	0	8537408	8256	803293940534	776815957	804070756492	134217728	1.122038	
layer0.ffn.res	51645	51953	308	32	0	0	0	266240	133120	864415584415	432207792207	1296623376623	0	0.000000	
layer0.ffn.fc2	37848	51645	13797	6539	0	0	0	8537408	8256	618787272595	598390954	619385663550	134217728	1.252791	
layer0.attn.res	24045	26788	2743	32	0	0	0	266240	133120	97061611374	48530805687	145592417061	0	0.000000	
layer0.attn.rn	51953	52243	290	160	0	0	0	137280	133120	473379310344	459034482758	932413793103	0	0.000000	
layer0.attn.proj	20498	24045	3547	2631	0	0	0	2134592	8256	601802086270	2327600789	604129687059	33554432	0.778411	
layer0.attn.QKVgen	52243	59855	7612	5769	0	0	0	6436160	8256	845528113504	1084603258	846612716763	100663296	1.065003	
layer0.ffn.swish	37664	37848	184	32	0	0	0	133120	133120	723478260869	723478260869	1446956521739	0	0.000000	
layer0.ffn.rn	26788	27036	248	160	0	0	0	137280	133120	553548387096	536774193548	1090322580645	0	0.000000	
