OpName	StartCycle	EndCycle	TotalCycle	ComputeCycles	MemoryStalls	WeightLoadCycles	SystolicMemoryStalls	MemoryReads	MemoryWrites	ReadBandwidth	WriteBandwidth	TotalMemoryBandwidth	NumCalculation	NpuUtilization	
layer0.ffn.fc1	27457	37278	9821	6539	0	0	0	8537408	8256	869301293147	840647591	870141940739	134217728	1.252791	
layer0.ffn.res	51265	51571	306	32	0	0	0	266240	133120	870065359477	435032679738	1305098039215	0	0.000000	
layer0.ffn.fc2	37450	51265	13815	6793	0	0	0	8537408	8256	617981035106	597611292	618578646398	134217728	1.205947	
layer0.attn.res	23832	27194	3362	32	0	0	0	266240	133120	79190957763	39595478881	118786436644	0	0.000000	
layer0.attn.rn	51571	51862	291	160	0	0	0	137280	133120	471752577319	457457044673	929209621993	0	0.000000	
layer0.attn.proj	20823	23832	3009	2123	0	0	0	2134592	8256	709402459288	2743768693	712146227982	33554432	0.964673	
layer0.attn.QKVgen	51862	59866	8004	5769	0	0	0	6436160	8256	804117941029	1031484257	805149425287	100663296	1.065003	
layer0.ffn.swish	37278	37450	172	32	0	0	0	133120	133120	773953488372	773953488372	1547906976744	0	0.000000	
layer0.ffn.rn	27194	27457	263	160	0	0	0	137280	133120	521977186311	506159695817	1028136882129	0	0.000000	
