Stage	total_cycles	pim_cycles	mem_bw_util	
A	21264	0	65.286106	
B	64622	41264	24.375600	
C	82158	23457	69.698782	
D	87964	43542	66.190856	
E	63926	23826	67.863330	
F	52453	0	80.979996	
