Stage	total_cycles	pim_cycles	mem_bw_util	
A	21264	0	65.286106	
B	61403	36963	25.248868	
C	80172	21716	71.317839	
D	89099	38802	65.072981	
E	59681	21568	72.544549	
F	55403	0	76.668118	
