Stage	total_cycles	pim_cycles	mem_bw_util	
A	21264	0	65.286106	
B	54667	41679	28.807027	
C	84876	23501	67.412092	
D	82710	44397	70.395886	
E	79097	23570	54.786291	
F	54611	0	77.780003	
