Stage	total_cycles	pim_cycles	mem_bw_util	
A	21264	0	65.286106	
B	53365	39377	29.250914	
C	79628	23780	71.949173	
D	83458	40570	69.599005	
E	60587	24083	71.648002	
F	55113	0	77.071539	
