OpName	StartCycle	EndCycle	TotalCycle	ComputeCycles	MemoryStalls	WeightLoadCycles	SystolicMemoryStalls	MemoryReads	MemoryWrites	ReadBandwidth	WriteBandwidth	TotalMemoryBandwidth	NumCalculation	NpuUtilization	
layer0.ffn.swish	349685	350013	328	64	0	0	0	266240	266240	811707317073	811707317073	1623414634146	0	0.000000	
layer0.ffn.fc1	327071	349685	22614	14459	0	0	0	17336640	16448	766633059166	727337047	767360396214	536870912	2.266270	
layer0.ffn.fc2	350013	371153	21140	11397	0	0	0	17073472	16448	807638221381	778051087	808416272469	536870912	2.875143	
layer0.ffn.rn	326303	327071	768	320	0	0	0	536640	528384	698750000000	688000000000	1386750000000	0	0.000000	
layer0.attn.proj	319928	324967	5039	3147	0	0	0	4268608	16448	847114109942	3264139710	850378249652	134217728	2.603114	
layer0.ffn.res	371153	372380	1227	64	0	0	0	1056768	528384	861261613691	430630806845	1291892420537	0	0.000000	
layer0.attn.res	324967	326303	1336	64	0	0	0	1056768	528384	790994011976	395497005988	1186491017964	0	0.000000	
