OpName	StartCycle	EndCycle	TotalCycle	ComputeCycles	MemoryStalls	WeightLoadCycles	SystolicMemoryStalls	MemoryReads	MemoryWrites	ReadBandwidth	WriteBandwidth	TotalMemoryBandwidth	NumCalculation	NpuUtilization	
layer0.attn.proj	256003	262243	6240	4052	0	0	0	4268608	16448	684071794871	2635897435	686707692307	134217728	2.021718	
layer0.ffn.fc2	292762	318358	25596	11905	0	0	0	17073472	16448	667036724488	642600406	667679324894	536870912	2.752457	
layer0.ffn.fc1	265300	292114	26814	14348	0	0	0	17336640	16448	646551801297	613410904	647165212202	536870912	2.283803	
layer0.ffn.res	318358	319928	1570	64	0	0	0	1056768	528384	673100636942	336550318471	1009650955414	0	0.000000	
layer0.ffn.swish	292114	292762	648	64	0	0	0	266240	266240	410864197530	410864197530	821728395061	0	0.000000	
layer0.ffn.rn	264305	265300	995	320	0	0	0	536640	528384	539336683417	531039195979	1070375879396	0	0.000000	
layer0.attn.res	262243	264305	2062	64	0	0	0	1056768	528384	512496605237	256248302618	768744907856	0	0.000000	
