OpName	StartCycle	EndCycle	TotalCycle	ComputeCycles	MemoryStalls	WeightLoadCycles	SystolicMemoryStalls	MemoryReads	MemoryWrites	ReadBandwidth	WriteBandwidth	TotalMemoryBandwidth	NumCalculation	NpuUtilization	
layer0.attn.proj	251933	258114	6181	4163	0	0	0	4268608	16448	690601520789	2661058081	693262578870	134217728	1.967812	
layer0.ffn.fc2	288564	310384	21820	13937	0	0	0	17073472	16448	782468927589	753803849	783222731439	536870912	2.351152	
layer0.ffn.fc1	261300	287129	25829	16047	0	0	0	17336640	16448	671208331720	636803592	671845135313	536870912	2.042002	
layer0.ffn.res	310384	311613	1229	64	0	0	0	1056768	528384	859860048820	429930024410	1289790073230	0	0.000000	
layer0.ffn.swish	287129	288564	1435	64	0	0	0	266240	266240	185533101045	185533101045	371066202090	0	0.000000	
layer0.ffn.rn	260230	261300	1070	320	0	0	0	536640	528384	501532710280	493816822429	995349532710	0	0.000000	
layer0.attn.res	258114	260230	2116	64	0	0	0	1056768	528384	499417769376	249708884688	749126654064	0	0.000000	
