OpName	StartCycle	EndCycle	TotalCycle	ComputeCycles	MemoryStalls	WeightLoadCycles	SystolicMemoryStalls	MemoryReads	MemoryWrites	ReadBandwidth	WriteBandwidth	TotalMemoryBandwidth	NumCalculation	NpuUtilization	
layer0.attn.proj	243512	250200	6688	3909	0	0	0	4268608	16448	638248803827	2459330143	640708133971	134217728	2.095677	
layer0.ffn.fc2	277530	305191	27661	14191	0	0	0	17073472	16448	617239868406	594627815	617834496222	536870912	2.309069	
layer0.ffn.fc1	253434	277161	23727	13443	0	0	0	17336640	16448	730671387027	693218696	731364605723	536870912	2.437551	
layer0.ffn.res	305191	321492	16301	64	0	0	0	1056768	528384	64828415434	32414207717	97242623151	0	0.000000	
layer0.ffn.swish	277161	277530	369	64	0	0	0	266240	266240	721517615176	721517615176	1443035230352	0	0.000000	
layer0.ffn.rn	252251	253434	1183	320	0	0	0	536640	528384	453626373626	446647506339	900273879966	0	0.000000	
layer0.attn.res	250200	252251	2051	64	0	0	0	1056768	528384	515245246221	257622623110	772867869332	0	0.000000	
