OpName	StartCycle	EndCycle	TotalCycle	ComputeCycles	MemoryStalls	WeightLoadCycles	SystolicMemoryStalls	MemoryReads	MemoryWrites	ReadBandwidth	WriteBandwidth	TotalMemoryBandwidth	NumCalculation	NpuUtilization	
layer0.attn.rn	136682	140201	3519	320	0	0	0	536640	528384	152497868712	150151747655	302649616368	0	0.000000	
layer0.ffn.rn	83749	85103	1354	320	0	0	0	536640	528384	396336779911	390239290989	786576070901	0	0.000000	
layer0.ffn.swish	108649	109214	565	64	0	0	0	266240	266240	471221238938	471221238938	942442477876	0	0.000000	
layer0.ffn.fc2	109214	133782	24568	13175	0	0	0	17073472	16448	694947574080	669488765	695617062845	536870912	2.487135	
layer0.attn.res	82163	83749	1586	64	0	0	0	1056768	528384	666310214375	333155107187	999465321563	0	0.000000	
layer0.ffn.res	133782	136682	2900	64	0	0	0	1056768	528384	364402758620	182201379310	546604137931	0	0.000000	
layer0.ffn.fc1	85103	108649	23546	13697	0	0	0	17336640	16448	736288116877	698547523	736986664401	536870912	2.392349	
layer0.attn.QKVgen	140201	160803	20602	12046	0	0	0	13134144	16448	637517910882	798369090	638316279972	402653184	2.040179	
layer0.attn.proj	75928	82163	6235	3909	0	0	0	4268608	16448	684620368885	2638011226	687258380112	134217728	2.095677	
