OpName	StartCycle	EndCycle	TotalCycle	ComputeCycles	MemoryStalls	WeightLoadCycles	SystolicMemoryStalls	MemoryReads	MemoryWrites	ReadBandwidth	WriteBandwidth	TotalMemoryBandwidth	NumCalculation	NpuUtilization	
layer0.ffn.swish	196811	198991	2180	64	0	0	0	266240	266240	122128440366	122128440366	244256880733	0	0.000000	
layer0.ffn.rn	169003	170776	1773	320	0	0	0	536640	528384	302673434856	298016920473	600690355329	0	0.000000	
layer0.ffn.fc1	170776	196811	26035	13697	0	0	0	17336640	16448	665897445746	631764931	666529210677	536870912	2.392349	
layer0.ffn.fc2	198991	225479	26488	12159	0	0	0	17073472	16448	644573844759	620960434	645194805194	536870912	2.694958	
layer0.attn.rn	227189	228142	953	320	0	0	0	536640	528384	563105981112	554442812172	1117548793284	0	0.000000	
layer0.attn.proj	160803	167229	6426	4052	0	0	0	4268608	16448	664271397447	2559601618	666830999066	134217728	2.021718	
layer0.attn.QKVgen	228142	243512	15370	10887	0	0	0	13134144	16448	854531164606	1070136629	855601301236	402653184	2.257371	
layer0.attn.res	167229	169003	1774	64	0	0	0	1056768	528384	595697857948	297848928974	893546786922	0	0.000000	
layer0.ffn.res	225479	227189	1710	64	0	0	0	1056768	528384	617992982456	308996491228	926989473684	0	0.000000	
