OpName	StartCycle	EndCycle	TotalCycle	ComputeCycles	MemoryStalls	WeightLoadCycles	SystolicMemoryStalls	MemoryReads	MemoryWrites	ReadBandwidth	WriteBandwidth	TotalMemoryBandwidth	NumCalculation	NpuUtilization	
layer0.attn.proj	237710	243902	6192	4163	0	0	0	4268608	16448	689374677002	2656330749	692031007751	134217728	1.967812	
layer0.ffn.fc2	274179	297046	22867	12413	0	0	0	17073472	16448	746642410460	719289806	747361700266	536870912	2.639813	
layer0.ffn.fc1	247283	273365	26082	14602	0	0	0	17336640	16448	664697492523	630626485	665328119009	536870912	2.244076	
layer0.ffn.res	297046	298296	1250	64	0	0	0	1056768	528384	845414400000	422707200000	1268121600000	0	0.000000	
layer0.ffn.swish	273365	274179	814	64	0	0	0	266240	266240	327076167076	327076167076	654152334152	0	0.000000	
layer0.ffn.rn	245626	247283	1657	320	0	0	0	536640	528384	323862401931	318879903439	642742305371	0	0.000000	
layer0.attn.res	243902	245626	1724	64	0	0	0	1056768	528384	612974477958	306487238979	919461716937	0	0.000000	
