OpName	StartCycle	EndCycle	TotalCycle	ComputeCycles	MemoryStalls	WeightLoadCycles	SystolicMemoryStalls	MemoryReads	MemoryWrites	ReadBandwidth	WriteBandwidth	TotalMemoryBandwidth	NumCalculation	NpuUtilization	
layer0.ffn.swish	189707	190690	983	64	0	0	0	266240	266240	270844354018	270844354018	541688708036	0	0.000000	
layer0.ffn.rn	162868	163816	948	320	0	0	0	536640	528384	566075949367	557367088607	1123443037974	0	0.000000	
layer0.ffn.fc1	163816	189707	25891	13697	0	0	0	17336640	16448	669601019659	635278668	670236298327	536870912	2.392349	
layer0.ffn.fc2	190690	217016	26326	12159	0	0	0	17073472	16448	648540302362	624781584	649165083947	536870912	2.694958	
layer0.attn.rn	218836	219565	729	320	0	0	0	536640	528384	736131687242	724806584362	1460938271604	0	0.000000	
layer0.attn.proj	154253	160699	6446	3909	0	0	0	4268608	16448	662210363015	2551659944	664762022959	134217728	2.095677	
layer0.attn.QKVgen	219565	237710	18145	11395	0	0	0	13134144	16448	723843703499	906475613	724750179112	402653184	2.156735	
layer0.attn.res	160699	162868	2169	64	0	0	0	1056768	528384	487214384508	243607192254	730821576763	0	0.000000	
layer0.ffn.res	217016	218836	1820	64	0	0	0	1056768	528384	580641758241	290320879120	870962637362	0	0.000000	
