OpName	StartCycle	EndCycle	TotalCycle	ComputeCycles	MemoryStalls	WeightLoadCycles	SystolicMemoryStalls	MemoryReads	MemoryWrites	ReadBandwidth	WriteBandwidth	TotalMemoryBandwidth	NumCalculation	NpuUtilization	
layer0.ffn.swish	204070	204775	705	64	0	0	0	266240	266240	377645390070	377645390070	755290780141	0	0.000000	
layer0.ffn.rn	176109	177253	1144	320	0	0	0	536640	528384	469090909090	461874125874	930965034965	0	0.000000	
layer0.ffn.fc1	177253	204070	26817	14713	0	0	0	17336640	16448	646479471976	613342282	647092814259	536870912	2.227146	
layer0.ffn.fc2	204775	234260	29485	13683	0	0	0	17073472	16448	579056198066	557842971	579614041037	536870912	2.394796	
layer0.attn.rn	236435	237394	959	320	0	0	0	536640	528384	559582898852	550973931178	1110556830031	0	0.000000	
layer0.attn.proj	168040	174189	6149	4671	0	0	0	4268608	16448	694195478939	2674906488	696870385428	134217728	1.753800	
layer0.attn.QKVgen	237394	256003	18609	11649	0	0	0	13134144	16448	705795260357	883873394	706679133752	402653184	2.109709	
layer0.attn.res	174189	176109	1920	64	0	0	0	1056768	528384	550400000000	275200000000	825600000000	0	0.000000	
layer0.ffn.res	234260	236435	2175	64	0	0	0	1056768	527424	485870344827	242493793103	728364137931	0	0.000000	
