OpName	StartCycle	EndCycle	TotalCycle	ComputeCycles	MemoryStalls	WeightLoadCycles	SystolicMemoryStalls	MemoryReads	MemoryWrites	ReadBandwidth	WriteBandwidth	TotalMemoryBandwidth	NumCalculation	NpuUtilization	
layer0.ffn.swish	198621	199685	1064	64	0	0	0	266240	266240	250225563909	250225563909	500451127819	0	0.000000	
layer0.ffn.rn	171053	172370	1317	320	0	0	0	536640	528384	407471526195	401202733485	808674259681	0	0.000000	
layer0.ffn.fc1	172370	198621	26251	15729	0	0	0	17336640	16448	660418269780	626566606	661044836387	536870912	2.083286	
layer0.ffn.fc2	199685	228834	29149	12921	0	0	0	17073472	16448	585730968472	564273216	586295241689	536870912	2.536027	
layer0.attn.rn	230761	231536	775	320	0	0	0	536640	528384	692438709677	681785806451	1374224516129	0	0.000000	
layer0.attn.proj	162835	169290	6455	3909	0	0	0	4268608	16448	661287064291	2548102246	663835166537	134217728	2.095677	
layer0.attn.QKVgen	231536	251933	20397	11792	0	0	0	13134144	16448	643925283129	806393097	644731676226	402653184	2.084125	
layer0.attn.res	169290	171053	1763	64	0	0	0	1056768	528384	599414634146	299707317073	899121951219	0	0.000000	
layer0.ffn.res	228834	230761	1927	64	0	0	0	1056768	528384	548400622729	274200311364	822600934094	0	0.000000	
