OpName	StartCycle	EndCycle	TotalCycle	ComputeCycles	MemoryStalls	WeightLoadCycles	SystolicMemoryStalls	MemoryReads	MemoryWrites	ReadBandwidth	WriteBandwidth	TotalMemoryBandwidth	NumCalculation	NpuUtilization	
layer0.attn.rn	148630	149409	779	320	0	0	0	536640	528384	688883183568	678284980744	1367168164313	0	0.000000	
layer0.ffn.rn	95405	97145	1740	320	0	0	0	536640	528384	308413793103	303668965517	612082758620	0	0.000000	
layer0.ffn.swish	121936	122833	897	64	0	0	0	266240	266240	296811594202	296811594202	593623188405	0	0.000000	
layer0.ffn.fc2	122833	147071	24238	12159	0	0	0	17073472	16448	704409274692	678603845	705087878537	536870912	2.694958	
layer0.attn.res	93649	95405	1756	64	0	0	0	1056768	528384	601804100227	300902050113	902706150341	0	0.000000	
layer0.ffn.res	147071	148630	1559	64	0	0	0	1056768	528384	677849903784	338924951892	1016774855676	0	0.000000	
layer0.ffn.fc1	97145	121936	24791	13840	0	0	0	17336640	16448	699311847041	663466580	699975313621	536870912	2.367630	
layer0.attn.QKVgen	149409	168040	18631	11284	0	0	0	13134144	16448	704961837797	882829692	705844667489	402653184	2.177951	
layer0.attn.proj	85883	93649	7766	3401	0	0	0	4268608	16448	549653360803	2117950038	551771310842	134217728	2.408703	
