OpName	StartCycle	EndCycle	TotalCycle	ComputeCycles	MemoryStalls	WeightLoadCycles	SystolicMemoryStalls	MemoryReads	MemoryWrites	ReadBandwidth	WriteBandwidth	TotalMemoryBandwidth	NumCalculation	NpuUtilization	
layer0.ffn.swish	353578	353939	361	64	0	0	0	266240	266240	737506925207	737506925207	1475013850415	0	0.000000	
layer0.ffn.fc1	330388	353578	23190	14094	0	0	0	17336640	16448	747591203104	709271237	748300474342	536870912	2.324961	
layer0.ffn.fc2	353939	375987	22048	11397	0	0	0	17073472	16448	774377358490	746008708	775123367198	536870912	2.875143	
layer0.ffn.rn	329396	330388	992	320	0	0	0	536640	528384	540967741935	532645161290	1073612903225	0	0.000000	
layer0.attn.proj	322608	328120	5512	3290	0	0	0	4268608	16448	774420899854	2984034833	777404934687	134217728	2.489970	
layer0.ffn.res	375987	377218	1231	64	0	0	0	1056768	528384	858463038180	429231519090	1287694557270	0	0.000000	
layer0.attn.res	328120	329396	1276	64	0	0	0	1056768	528384	828188087774	414094043887	1242282131661	0	0.000000	
