OpName	StartCycle	EndCycle	TotalCycle	ComputeCycles	MemoryStalls	WeightLoadCycles	SystolicMemoryStalls	MemoryReads	MemoryWrites	ReadBandwidth	WriteBandwidth	TotalMemoryBandwidth	NumCalculation	NpuUtilization	
layer0.ffn.swish	344604	344967	363	64	0	0	0	266240	266240	733443526170	733443526170	1466887052341	0	0.000000	
layer0.ffn.fc1	320930	344604	23674	14094	0	0	0	17336640	16448	732307172425	694770634	733001943059	536870912	2.324961	
layer0.ffn.fc2	344967	365461	20494	12667	0	0	0	17073472	16448	833096125695	802576363	833898702059	536870912	2.586879	
layer0.ffn.rn	320013	320930	917	320	0	0	0	536640	528384	585212649945	576209378407	1161422028353	0	0.000000	
layer0.attn.proj	311613	318648	7035	3909	0	0	0	4268608	16448	606767306325	2338024164	609105330490	134217728	2.095677	
layer0.ffn.res	365461	367015	1554	64	0	0	0	1056768	528384	680030888030	340015444015	1020046332046	0	0.000000	
layer0.attn.res	318648	320013	1365	64	0	0	0	1056768	528384	774189010989	387094505494	1161283516483	0	0.000000	
