OpName	StartCycle	EndCycle	TotalCycle	ComputeCycles	MemoryStalls	WeightLoadCycles	SystolicMemoryStalls	MemoryReads	MemoryWrites	ReadBandwidth	WriteBandwidth	TotalMemoryBandwidth	NumCalculation	NpuUtilization	
layer0.attn.rn	137588	139265	1677	320	0	0	0	536640	528384	320000000000	315076923076	635076923076	0	0.000000	
layer0.ffn.rn	82923	83947	1024	320	0	0	0	536640	528384	524062500000	516000000000	1040062500000	0	0.000000	
layer0.ffn.swish	112465	113372	907	64	0	0	0	266240	266240	293539140022	293539140022	587078280044	0	0.000000	
layer0.ffn.fc2	113372	136344	22972	12413	0	0	0	17073472	16448	743229670903	716002089	743945672993	536870912	2.639813	
layer0.attn.res	80802	82923	2121	64	0	0	0	1056768	528384	498240452616	249120226308	747360678925	0	0.000000	
layer0.ffn.res	136344	137588	1244	64	0	0	0	1056768	528384	849491961414	424745980707	1274237942122	0	0.000000	
layer0.ffn.fc1	83947	112465	28518	14459	0	0	0	17336640	16448	607919208920	576758538	608495967459	536870912	2.266270	
layer0.attn.QKVgen	139265	154253	14988	11141	0	0	0	13134144	16448	876310648518	1097411262	877408059781	402653184	2.205906	
layer0.attn.proj	74626	80802	6176	3909	0	0	0	4268608	16448	691160621761	2663212435	693823834196	134217728	2.095677	
