OpName	StartCycle	EndCycle	TotalCycle	ComputeCycles	MemoryStalls	WeightLoadCycles	SystolicMemoryStalls	MemoryReads	MemoryWrites	ReadBandwidth	WriteBandwidth	TotalMemoryBandwidth	NumCalculation	NpuUtilization	
layer0.ffn.swish	329815	330141	326	64	0	0	0	266240	266240	816687116564	816687116564	1633374233128	0	0.000000	
layer0.ffn.fc1	307026	329815	22789	13189	0	0	0	17336640	16448	760745973934	721751722	761467725657	536870912	2.484495	
layer0.ffn.fc2	330141	351727	21586	12159	0	0	0	17073472	16448	790951172055	761975354	791713147410	536870912	2.694958	
layer0.ffn.rn	305633	307026	1393	320	0	0	0	536640	528384	385240488155	379313711414	764554199569	0	0.000000	
layer0.attn.proj	298296	304137	5841	2893	0	0	0	4268608	16448	730800890258	2815956171	733616846430	134217728	2.831663	
layer0.ffn.res	351727	353408	1681	64	0	0	0	1056768	528384	628654372397	314327186198	942981558596	0	0.000000	
layer0.attn.res	304137	305633	1496	64	0	0	0	1056768	528384	706395721925	353197860962	1059593582887	0	0.000000	
