OpName	StartCycle	EndCycle	TotalCycle	ComputeCycles	MemoryStalls	WeightLoadCycles	SystolicMemoryStalls	MemoryReads	MemoryWrites	ReadBandwidth	WriteBandwidth	TotalMemoryBandwidth	NumCalculation	NpuUtilization	
layer0.attn.rn	141102	141984	882	320	0	0	0	536640	528384	608435374149	599074829931	1207510204081	0	0.000000	
layer0.ffn.rn	90692	91729	1037	320	0	0	0	536640	528384	517492767598	509531340405	1027024108003	0	0.000000	
layer0.ffn.swish	116869	117235	366	64	0	0	0	266240	266240	727431693989	727431693989	1454863387978	0	0.000000	
layer0.ffn.fc2	117235	139542	22307	12159	0	0	0	17073472	16448	765386291298	737347021	766123638319	536870912	2.694958	
layer0.attn.res	88837	90692	1855	64	0	0	0	1056768	528384	569686253369	284843126684	854529380053	0	0.000000	
layer0.ffn.res	139542	141102	1560	64	0	0	0	1056768	528384	677415384615	338707692307	1016123076923	0	0.000000	
layer0.ffn.fc1	91729	116869	25140	14967	0	0	0	17336640	16448	689603818615	654256165	690258074781	536870912	2.189350	
layer0.attn.QKVgen	141984	162835	20851	13062	0	0	0	13134144	16448	629904752769	788835067	630693587837	402653184	1.881488	
layer0.attn.proj	82664	88837	6173	3909	0	0	0	4268608	16448	691496517090	2664506722	694161023813	134217728	2.095677	
