Stage	total_cycles	pim_cycles	mem_bw_util	
A	12057	0	64.240172	
B	138001	91063	9.511118	
C	85881	46285	40.834629	
D	139155	91845	27.343116	
E	85123	45308	32.098992	
F	33637	0	74.095304	
