Stage	total_cycles	pim_cycles	mem_bw_util	
A	12057	0	64.240172	
B	114404	84205	11.127452	
C	79989	44475	43.593494	
D	116989	86052	32.185611	
E	79175	43135	34.259078	
F	36721	0	67.872437	
