Stage	total_cycles	pim_cycles	mem_bw_util	
A	12057	0	64.240172	
B	124182	90418	10.575758	
C	107596	40222	32.276525	
D	125184	90130	30.400900	
E	107679	40259	25.058391	
F	36086	0	69.066778	
