Stage	total_cycles	pim_cycles	mem_bw_util	
A	12057	0	64.240172	
B	122017	89150	10.737131	
C	78337	41853	44.338483	
D	122514	90064	31.036555	
E	77606	41059	34.775420	
F	28553	0	87.288332	
