OpName	StartCycle	EndCycle	TotalCycle	ComputeCycles	MemoryStalls	WeightLoadCycles	SystolicMemoryStalls	MemoryReads	MemoryWrites	ReadBandwidth	WriteBandwidth	TotalMemoryBandwidth	NumCalculation	NpuUtilization	
layer0.ffn.rn	328941	330570	1629	640	0	0	0	536640	532480	329429097605	326875383670	656304481276	0	0.000000	
layer0.ffn.swish	346580	348174	1594	128	0	0	0	532480	532480	334052697616	334052697616	668105395232	0	0.000000	
layer0.ffn.res	364664	366591	1927	128	0	0	0	1064960	532416	552651790347	276292682926	828944473274	0	0.000000	
layer0.ffn.fc1	330570	346580	16010	7047	0	0	0	8930624	32832	557815365396	2050718301	559866083697	536870912	4.649922	
layer0.attn.proj	323434	326911	3477	2377	0	0	0	2232896	32832	642190394017	9442622950	651633016968	134217728	3.446361	
layer0.ffn.fc2	348174	364664	16490	7555	0	0	0	8930624	32832	541578168587	1991024863	543569193450	536870912	4.337260	
layer0.attn.res	326911	328941	2030	128	0	0	0	1064960	532480	524610837438	262305418719	786916256157	0	0.000000	
