OpName	StartCycle	EndCycle	TotalCycle	ComputeCycles	MemoryStalls	WeightLoadCycles	SystolicMemoryStalls	MemoryReads	MemoryWrites	ReadBandwidth	WriteBandwidth	TotalMemoryBandwidth	NumCalculation	NpuUtilization	
layer0.ffn.fc2	261247	278388	17141	7555	0	0	0	8930624	32832	521009509363	1915407502	522924916865	536870912	4.337260	
layer0.ffn.swish	259947	261247	1300	128	0	0	0	532480	532480	409600000000	409600000000	819200000000	0	0.000000	
layer0.attn.QKVgen	281542	294456	12914	5515	0	0	0	6829376	32832	528835062722	2542357131	531377419854	402653184	4.456210	
layer0.ffn.fc1	243234	259947	16713	7555	0	0	0	8930624	32832	534351941602	1964458804	536316400406	536870912	4.337260	
layer0.ffn.res	278388	280167	1779	128	0	0	0	1064960	532480	598628442945	299314221472	897942664418	0	0.000000	
layer0.attn.res	239674	241106	1432	128	0	0	0	1064960	532480	743687150837	371843575418	1115530726256	0	0.000000	
layer0.ffn.rn	241106	243234	2128	640	0	0	0	536640	532480	252180451127	250225563909	502406015037	0	0.000000	
layer0.attn.rn	280167	281542	1375	640	0	0	0	536640	532480	390283636363	387258181818	777541818181	0	0.000000	
layer0.attn.proj	235935	239674	3739	1869	0	0	0	2232896	32832	597190692698	8780957475	605971650173	134217728	4.383093	
