OpName	StartCycle	EndCycle	TotalCycle	ComputeCycles	MemoryStalls	WeightLoadCycles	SystolicMemoryStalls	MemoryReads	MemoryWrites	ReadBandwidth	WriteBandwidth	TotalMemoryBandwidth	NumCalculation	NpuUtilization	
layer0.ffn.fc2	231045	246979	15934	8317	0	0	0	8930624	32832	560475963348	2060499560	562536462909	536870912	3.939882	
layer0.ffn.swish	229445	231045	1600	128	0	0	0	532480	532480	332800000000	332800000000	665600000000	0	0.000000	
layer0.attn.QKVgen	250196	264234	14038	6166	0	0	0	6829376	32832	486492092890	2338794700	488830887590	402653184	3.985728	
layer0.ffn.fc1	213693	229445	15752	7698	0	0	0	8930624	32832	566951752158	2084306754	569036058913	536870912	4.256690	
layer0.ffn.res	246979	248873	1894	128	0	0	0	1064960	532480	562280887011	281140443505	843421330517	0	0.000000	
layer0.attn.res	209913	211917	2004	128	0	0	0	1064960	532480	531417165668	265708582834	797125748502	0	0.000000	
layer0.ffn.rn	211917	213693	1776	640	0	0	0	536640	532480	302162162162	299819819819	601981981981	0	0.000000	
layer0.attn.rn	248873	250196	1323	628	0	0	0	536640	532416	405623582766	402430839002	808054421768	0	0.000000	
layer0.attn.proj	206446	209913	3467	2123	0	0	0	2232896	32832	644042688203	9469858667	653512546870	134217728	3.858691	
