OpName	StartCycle	EndCycle	TotalCycle	ComputeCycles	MemoryStalls	WeightLoadCycles	SystolicMemoryStalls	MemoryReads	MemoryWrites	ReadBandwidth	WriteBandwidth	TotalMemoryBandwidth	NumCalculation	NpuUtilization	
layer0.ffn.res	511680	512777	1097	128	0	0	0	1064960	532480	970793072014	485396536007	1456189608021	0	0.000000	
layer0.ffn.rn	480950	481638	688	640	0	0	0	536640	532480	780000000000	773953488372	1553953488372	0	0.000000	
layer0.ffn.fc2	497185	511680	14495	7952	0	0	0	8930624	32832	616117557778	2265056916	618382614694	536870912	4.120724	
layer0.ffn.fc1	481638	496566	14928	6539	0	0	0	8930624	32832	598246516613	2199356913	600445873526	536870912	5.011164	
layer0.attn.proj	476692	479596	2904	2123	0	0	0	2232896	32832	768903581267	11305785123	780209366391	134217728	3.858691	
layer0.ffn.swish	496566	497185	619	128	0	0	0	532480	532480	860226171243	860226171243	1720452342487	0	0.000000	
layer0.attn.res	479596	480950	1354	128	0	0	0	1064960	532480	786528803545	393264401772	1179793205317	0	0.000000	
