OpName	StartCycle	EndCycle	TotalCycle	ComputeCycles	MemoryStalls	WeightLoadCycles	SystolicMemoryStalls	MemoryReads	MemoryWrites	ReadBandwidth	WriteBandwidth	TotalMemoryBandwidth	NumCalculation	NpuUtilization	
layer0.ffn.res	437471	439328	1857	128	0	0	0	1064960	532480	573484114162	286742057081	860226171243	0	0.000000	
layer0.ffn.rn	407083	408135	1052	640	0	0	0	536640	532480	510114068441	506159695817	1016273764258	0	0.000000	
layer0.ffn.fc2	423990	437471	13481	7555	0	0	0	8930624	32832	662460054892	2435427638	664895482530	536870912	4.337260	
layer0.ffn.fc1	408135	423186	15051	7555	0	0	0	8930624	32832	593357517772	2181383296	595538901069	536870912	4.337260	
layer0.attn.proj	402608	405631	3023	2377	0	0	0	2232896	32832	738635792259	10860734369	749496526629	134217728	3.446361	
layer0.ffn.swish	423186	423990	804	128	0	0	0	532480	532480	662288557213	662288557213	1324577114427	0	0.000000	
layer0.attn.res	405631	407083	1452	128	0	0	0	1064960	532480	733443526170	366721763085	1100165289256	0	0.000000	
