OpName	StartCycle	EndCycle	TotalCycle	ComputeCycles	MemoryStalls	WeightLoadCycles	SystolicMemoryStalls	MemoryReads	MemoryWrites	ReadBandwidth	WriteBandwidth	TotalMemoryBandwidth	NumCalculation	NpuUtilization	
layer0.attn.rn	175789	177237	1448	640	0	0	0	536640	532480	370607734806	367734806629	738342541436	0	0.000000	
layer0.ffn.swish	154869	155755	886	128	0	0	0	532480	532480	600993227990	600993227990	1201986455981	0	0.000000	
layer0.attn.QKVgen	177237	191861	14624	5769	0	0	0	6829376	32832	466997811816	2245076586	469242888402	402653184	4.260010	
layer0.attn.proj	126458	130358	3900	2885	0	0	0	2232896	32832	572537435897	8418461538	580955897435	134217728	2.839515	
layer0.attn.res	130358	136498	6140	128	0	0	0	1064960	532480	173446254071	86723127035	260169381107	0	0.000000	
layer0.ffn.fc1	137944	154869	16925	7301	0	0	0	8930624	32832	527658729689	1939852289	529598581979	536870912	4.488152	
layer0.ffn.fc2	155755	172562	16807	7047	0	0	0	8930624	32832	531363360504	1953471767	533316832272	536870912	4.649922	
layer0.ffn.rn	136498	137944	1446	640	0	0	0	536640	532480	371120331950	368243430152	739363762102	0	0.000000	
layer0.ffn.res	172562	175789	3227	128	0	0	0	1064960	532480	330015494267	165007747133	495023241400	0	0.000000	
