OpName	StartCycle	EndCycle	TotalCycle	ComputeCycles	MemoryStalls	WeightLoadCycles	SystolicMemoryStalls	MemoryReads	MemoryWrites	ReadBandwidth	WriteBandwidth	TotalMemoryBandwidth	NumCalculation	NpuUtilization	
layer0.ffn.rn	340549	342004	1455	640	0	0	0	536640	532480	368824742268	365965635738	734790378006	0	0.000000	
layer0.ffn.swish	358368	359407	1039	128	0	0	0	532480	532480	512492781520	512492781520	1024985563041	0	0.000000	
layer0.ffn.res	375099	376701	1602	128	0	0	0	1064960	532480	664769038701	332384519350	997153558052	0	0.000000	
layer0.ffn.fc1	342004	358368	16364	8063	0	0	0	8930624	32832	545748227817	2006355414	547754583231	536870912	4.063996	
layer0.attn.proj	334920	338645	3725	2377	0	0	0	2232896	32832	599435167785	8813959731	608249127516	134217728	3.446361	
layer0.ffn.fc2	359407	375099	15692	6793	0	0	0	8930624	32832	569119551363	2092276319	571211827682	536870912	4.823789	
layer0.attn.res	338645	340549	1904	128	0	0	0	1064960	532480	559327731092	279663865546	838991596638	0	0.000000	
