OpName	StartCycle	EndCycle	TotalCycle	ComputeCycles	MemoryStalls	WeightLoadCycles	SystolicMemoryStalls	MemoryReads	MemoryWrites	ReadBandwidth	WriteBandwidth	TotalMemoryBandwidth	NumCalculation	NpuUtilization	
layer0.ffn.rn	380393	381809	1416	640	0	0	0	536640	532480	378983050847	376045197740	755028248587	0	0.000000	
layer0.ffn.swish	399816	400712	896	128	0	0	0	532480	532480	594285714285	594285714285	1188571428571	0	0.000000	
layer0.ffn.res	416258	417646	1388	128	0	0	0	1064960	532480	767262247838	383631123919	1150893371757	0	0.000000	
layer0.ffn.fc1	381809	399816	18007	7190	0	0	0	8930624	32832	495952907202	1823290942	497776198145	536870912	4.557441	
layer0.attn.proj	375089	378712	3623	2631	0	0	0	2232896	32832	616311344189	9062103229	625373447419	134217728	3.113645	
layer0.ffn.fc2	400712	416258	15546	6936	0	0	0	8930624	32832	574464428148	2111925897	576576354046	536870912	4.724337	
layer0.attn.res	378712	380393	1681	128	0	0	0	1064960	532480	633527662105	316763831052	950291493158	0	0.000000	
