OpName	StartCycle	EndCycle	TotalCycle	ComputeCycles	MemoryStalls	WeightLoadCycles	SystolicMemoryStalls	MemoryReads	MemoryWrites	ReadBandwidth	WriteBandwidth	TotalMemoryBandwidth	NumCalculation	NpuUtilization	
layer0.attn.rn	12055	13163	1108	640	0	0	0	536640	532480	484332129963	480577617328	964909747292	0	0.000000	
layer0.attn.QKVgen	13163	26221	13058	7579	0	0	0	6829376	32832	523003216419	2514320722	525517537141	402653184	3.242644	
