OpName	StartCycle	EndCycle	TotalCycle	ComputeCycles	MemoryStalls	WeightLoadCycles	SystolicMemoryStalls	MemoryReads	MemoryWrites	ReadBandwidth	WriteBandwidth	TotalMemoryBandwidth	NumCalculation	NpuUtilization	
layer0.attn.rn	195708	198834	3126	640	0	0	0	536640	532480	171669865642	170339091490	342008957133	0	0.000000	
layer0.ffn.swish	178423	179513	1090	128	0	0	0	532480	532480	488513761467	488513761467	977027522935	0	0.000000	
layer0.attn.QKVgen	198834	215895	17061	6309	0	0	0	6829376	32832	400291659340	1924388957	402216048297	402653184	3.895388	
layer0.attn.proj	150055	154225	4170	2774	0	0	0	2232896	32832	535466666666	7873381294	543340047961	134217728	2.953136	
layer0.attn.res	154225	159797	5572	128	0	0	0	1064960	532480	191127063890	95563531945	286690595836	0	0.000000	
layer0.ffn.fc1	160784	178423	17639	7444	0	0	0	8930624	32832	506299903622	1861330007	508161233630	536870912	4.401934	
layer0.ffn.fc2	179513	193897	14384	7301	0	0	0	8930624	32832	620872080088	2282536151	623154616240	536870912	4.488152	
layer0.ffn.rn	159797	160784	987	640	0	0	0	536640	532480	543708206686	539493414387	1083201621073	0	0.000000	
layer0.ffn.res	193897	195708	1811	128	0	0	0	1064960	532480	588050800662	294025400331	882076200993	0	0.000000	
