OpName	StartCycle	EndCycle	TotalCycle	ComputeCycles	MemoryStalls	WeightLoadCycles	SystolicMemoryStalls	MemoryReads	MemoryWrites	ReadBandwidth	WriteBandwidth	TotalMemoryBandwidth	NumCalculation	NpuUtilization	
layer0.ffn.res	439761	441077	1316	128	0	0	0	1064960	532480	809240121580	404620060790	1213860182370	0	0.000000	
layer0.ffn.rn	416817	418375	1558	640	0	0	0	536640	532480	344441591784	341771501925	686213093709	0	0.000000	
layer0.ffn.fc2	429366	439761	10395	6793	0	0	0	8930624	32832	859126887926	3158441558	862285329485	536870912	4.823789	
layer0.ffn.fc1	418375	428469	10094	7047	0	0	0	8930624	32832	884745789577	3252625321	887998414899	536870912	4.649922	
layer0.attn.proj	412525	415642	3117	2631	0	0	0	2232896	32832	716360603144	10533205004	726893808148	134217728	3.113645	
layer0.ffn.swish	428469	429366	897	128	0	0	0	532480	532480	593623188405	593623188405	1187246376811	0	0.000000	
layer0.attn.res	415642	416817	1175	128	0	0	0	1064960	532480	906348936170	453174468085	1359523404255	0	0.000000	
