OpName	StartCycle	EndCycle	TotalCycle	ComputeCycles	MemoryStalls	WeightLoadCycles	SystolicMemoryStalls	MemoryReads	MemoryWrites	ReadBandwidth	WriteBandwidth	TotalMemoryBandwidth	NumCalculation	NpuUtilization	
layer0.ffn.res	492278	493847	1569	128	0	0	0	1064960	532480	678750796685	339375398342	1018126195028	0	0.000000	
layer0.ffn.rn	465014	466603	1589	640	0	0	0	536640	532480	337721837633	335103838892	672825676526	0	0.000000	
layer0.ffn.fc2	481821	492278	10457	6793	0	0	0	8930624	32832	854033087883	3139715023	857172802907	536870912	4.823789	
layer0.ffn.fc1	466603	480774	14171	6793	0	0	0	8930624	32832	630204219885	2316844259	632521064145	536870912	4.823789	
layer0.attn.proj	460211	463651	3440	2123	0	0	0	2232896	32832	649097674418	9544186046	658641860465	134217728	3.858691	
layer0.ffn.swish	480774	481821	1047	128	0	0	0	532480	532480	508576886341	508576886341	1017153772683	0	0.000000	
layer0.attn.res	463651	465014	1363	128	0	0	0	1064960	532480	781335289801	390667644900	1172002934702	0	0.000000	
