OpName	StartCycle	EndCycle	TotalCycle	ComputeCycles	MemoryStalls	WeightLoadCycles	SystolicMemoryStalls	MemoryReads	MemoryWrites	ReadBandwidth	WriteBandwidth	TotalMemoryBandwidth	NumCalculation	NpuUtilization	
layer0.ffn.fc2	237775	255277	17502	6936	0	0	0	8930624	32832	510263055650	1875899897	512138955547	536870912	4.724337	
layer0.ffn.swish	236844	237775	931	128	0	0	0	532480	532480	571944146079	571944146079	1143888292158	0	0.000000	
layer0.attn.QKVgen	258567	272048	13481	5515	0	0	0	6829376	32832	506592686002	2435427638	509028113641	402653184	4.456210	
layer0.ffn.fc1	219726	236844	17118	7444	0	0	0	8930624	32832	521709545507	1917981072	523627526580	536870912	4.401934	
layer0.ffn.res	255277	256993	1716	128	0	0	0	1064960	532480	620606060606	310303030303	930909090909	0	0.000000	
layer0.attn.res	216478	218248	1770	128	0	0	0	1064960	532480	601672316384	300836158192	902508474576	0	0.000000	
layer0.ffn.rn	218248	219726	1478	640	0	0	0	536640	532480	363085250338	360270635994	723355886332	0	0.000000	
layer0.attn.rn	256993	258567	1574	640	0	0	0	536640	532480	340940279542	338297331639	679237611181	0	0.000000	
layer0.attn.proj	212407	216478	4071	1869	0	0	0	2232896	32832	548488332105	8064848931	556553181036	134217728	4.383093	
