OpName	StartCycle	EndCycle	TotalCycle	ComputeCycles	MemoryStalls	WeightLoadCycles	SystolicMemoryStalls	MemoryReads	MemoryWrites	ReadBandwidth	WriteBandwidth	TotalMemoryBandwidth	NumCalculation	NpuUtilization	
layer0.ffn.fc2	270230	287472	17242	8063	0	0	0	8930624	32832	517957545528	1904187449	519861732977	536870912	4.063996	
layer0.ffn.swish	268768	270230	1462	128	0	0	0	532480	532480	364213406292	364213406292	728426812585	0	0.000000	
layer0.attn.QKVgen	290992	305157	14165	5515	0	0	0	6829376	32832	482130321214	2317825626	484448146840	402653184	4.456210	
layer0.ffn.fc1	251503	268768	17265	7301	0	0	0	8930624	32832	517267535476	1901650738	519169186214	536870912	4.488152	
layer0.ffn.res	287472	289640	2168	128	0	0	0	1064960	532480	491217712177	245608856088	736826568265	0	0.000000	
layer0.attn.res	248178	250302	2124	128	0	0	0	1064960	532480	501393596986	250696798493	752090395480	0	0.000000	
layer0.ffn.rn	250302	251503	1201	640	0	0	0	536640	532480	446827643630	443363863447	890191507077	0	0.000000	
layer0.attn.rn	289640	290992	1352	640	0	0	0	536640	532480	396923076923	393846153846	790769230769	0	0.000000	
layer0.attn.proj	243831	248178	4347	2123	0	0	0	2232896	32832	513663676098	7552795031	521216471129	134217728	3.858691	
