OpName	StartCycle	EndCycle	TotalCycle	ComputeCycles	MemoryStalls	WeightLoadCycles	SystolicMemoryStalls	MemoryReads	MemoryWrites	ReadBandwidth	WriteBandwidth	TotalMemoryBandwidth	NumCalculation	NpuUtilization	
layer0.ffn.rn	374384	376136	1752	640	0	0	0	536640	532480	306301369863	303926940639	610228310502	0	0.000000	
layer0.ffn.swish	392813	393675	862	128	0	0	0	532480	532480	617726218097	617726218097	1235452436194	0	0.000000	
layer0.ffn.res	408319	410206	1887	128	0	0	0	1064960	532480	564366719660	282183359830	846550079491	0	0.000000	
layer0.ffn.fc1	376136	392813	16677	7301	0	0	0	8930624	32832	535505426635	1968699406	537474126041	536870912	4.488152	
layer0.attn.proj	369014	372763	3749	2917	0	0	0	2232896	32832	595597759402	8757535342	604355294745	134217728	2.808365	
layer0.ffn.fc2	393675	408319	14644	6793	0	0	0	8930624	32832	609848675225	2242010379	612090685605	536870912	4.823789	
layer0.attn.res	372763	374384	1621	128	0	0	0	1064960	532480	656977174583	328488587291	985465761875	0	0.000000	
