OpName	StartCycle	EndCycle	TotalCycle	ComputeCycles	MemoryStalls	WeightLoadCycles	SystolicMemoryStalls	MemoryReads	MemoryWrites	ReadBandwidth	WriteBandwidth	TotalMemoryBandwidth	NumCalculation	NpuUtilization	
layer0.attn.rn	183925	184840	915	640	0	0	0	536640	532480	586491803278	581945355191	1168437158469	0	0.000000	
layer0.ffn.swish	164421	165362	941	128	0	0	0	532480	532480	565866099893	565866099893	1131732199787	0	0.000000	
layer0.attn.QKVgen	184840	196022	11182	6277	0	0	0	6829376	32832	610747272402	2936147379	613683419781	402653184	3.915246	
layer0.attn.proj	136236	140168	3932	2885	0	0	0	2232896	32832	567877924720	8349949135	576227873855	134217728	2.839515	
layer0.attn.res	140168	146059	5891	128	0	0	0	1064960	532480	180777457138	90388728569	271166185707	0	0.000000	
layer0.ffn.fc1	147436	164421	16985	7444	0	0	0	8930624	32832	525794760082	1932999705	527727759788	536870912	4.401934	
layer0.ffn.fc2	165362	182146	16784	7301	0	0	0	8930624	32832	532091515729	1956148713	534047664442	536870912	4.488152	
layer0.ffn.rn	146059	147436	1377	640	0	0	0	536640	532480	389716775599	386695715323	776412490922	0	0.000000	
layer0.ffn.res	182146	183925	1779	128	0	0	0	1064960	532480	598628442945	299314221472	897942664418	0	0.000000	
