OpName	StartCycle	EndCycle	TotalCycle	ComputeCycles	MemoryStalls	WeightLoadCycles	SystolicMemoryStalls	MemoryReads	MemoryWrites	ReadBandwidth	WriteBandwidth	TotalMemoryBandwidth	NumCalculation	NpuUtilization	
layer0.attn.rn	179594	181374	1780	640	0	0	0	536640	532480	301483146067	299146067415	600629213483	0	0.000000	
layer0.ffn.swish	162370	163397	1027	128	0	0	0	532480	532480	518481012658	518481012658	1036962025316	0	0.000000	
layer0.attn.QKVgen	181374	198293	16919	6674	0	0	0	6829376	32832	403651279626	1940540221	405591819847	402653184	3.682349	
layer0.attn.proj	134071	137635	3564	2123	0	0	0	2232896	32832	626514029180	9212121212	635726150392	134217728	3.858691	
layer0.attn.res	137635	143381	5746	128	0	0	0	1064960	532480	185339366515	92669683257	278009049773	0	0.000000	
layer0.ffn.fc1	144452	162370	17918	8206	0	0	0	8930624	32832	498416341109	1832347360	500248688469	536870912	3.993176	
layer0.ffn.fc2	163397	177359	13962	8349	0	0	0	8930624	32832	639637874230	2351525569	641989399799	536870912	3.924781	
layer0.ffn.rn	143381	144452	1071	640	0	0	0	536640	532480	501064425770	497180205415	998244631185	0	0.000000	
layer0.ffn.res	177359	179594	2235	128	0	0	0	1064960	532480	476492170022	238246085011	714738255033	0	0.000000	
