Stage	total_cycles	pim_cycles	mem_bw_util	
A	17740	0	48.404383	
B	178580	136545	9.438627	
C	128166	57110	30.970431	
D	181536	138088	24.871582	
E	124615	56175	24.962184	
F	53084	0	53.302667	
