Stage	total_cycles	pim_cycles	mem_bw_util	
A	17740	0	48.404383	
B	173335	143681	9.948763	
C	120440	61067	33.156188	
D	175202	145861	25.993211	
E	118057	60598	26.552163	
F	52603	0	53.790064	
