Stage	total_cycles	pim_cycles	mem_bw_util	
A	17740	0	48.404383	
B	168482	136432	9.986786	
C	132757	52536	29.667409	
D	169845	137645	26.566060	
E	133949	52381	22.992799	
F	52786	0	53.603583	
