Stage	total_cycles	pim_cycles	mem_bw_util	
A	17740	0	48.404383	
B	176884	143772	9.766464	
C	124643	63609	32.173086	
D	177986	145589	25.603418	
E	123072	62513	25.606606	
F	53548	0	52.840792	
