OpName	StartCycle	EndCycle	TotalCycle	ComputeCycles	MemoryStalls	WeightLoadCycles	SystolicMemoryStalls	MemoryReads	MemoryWrites	ReadBandwidth	WriteBandwidth	TotalMemoryBandwidth	NumCalculation	NpuUtilization	
layer0.attn.rn	17738	19486	1748	960	0	0	0	802880	798720	459313501144	456933638443	916247139588	0	0.000000	
layer0.attn.QKVgen	19486	39537	20051	10522	0	0	0	7092864	98560	353741160041	4915465562	358656625604	603979776	3.503516	
