OpName	StartCycle	EndCycle	TotalCycle	ComputeCycles	MemoryStalls	WeightLoadCycles	SystolicMemoryStalls	MemoryReads	MemoryWrites	ReadBandwidth	WriteBandwidth	TotalMemoryBandwidth	NumCalculation	NpuUtilization	
layer0.attn.rn	17738	19475	1737	960	0	0	0	802880	798720	462222222222	459827288428	922049510650	0	0.000000	
layer0.attn.QKVgen	19475	37426	17951	10776	0	0	0	7092864	98560	395123614283	5490501921	400614116205	603979776	3.420935	
