OpName	StartCycle	EndCycle	TotalCycle	ComputeCycles	MemoryStalls	WeightLoadCycles	SystolicMemoryStalls	MemoryReads	MemoryWrites	ReadBandwidth	WriteBandwidth	TotalMemoryBandwidth	NumCalculation	NpuUtilization	
layer0.attn.res	625375	627210	1835	192	0	0	0	1597440	798720	870539509536	435269754768	1305809264305	0	0.000000	
layer0.attn.proj	620319	625375	5056	3849	0	0	0	2299008	98560	454708860759	19493670886	474202531645	201326592	3.192518	
layer0.ffn.rn	627210	629225	2015	960	0	0	0	802880	798720	398451612903	396387096774	794838709677	0	0.000000	
layer0.ffn.res	671976	673866	1890	192	0	0	0	1597440	798720	845206349206	422603174603	1267809523809	0	0.000000	
layer0.ffn.fc2	650562	671976	21414	12935	0	0	0	9194112	98560	429350518352	4602596432	433953114784	805306368	3.799923	
layer0.ffn.fc1	629225	649484	20259	12935	0	0	0	9194112	98560	453828520657	4864998272	458693518929	805306368	3.799923	
layer0.ffn.swish	649484	650562	1078	192	0	0	0	798720	798720	740927643784	740927643784	1481855287569	0	0.000000	
