OpName	StartCycle	EndCycle	TotalCycle	ComputeCycles	MemoryStalls	WeightLoadCycles	SystolicMemoryStalls	MemoryReads	MemoryWrites	ReadBandwidth	WriteBandwidth	TotalMemoryBandwidth	NumCalculation	NpuUtilization	
layer0.ffn.fc1	206228	229506	23278	13697	0	0	0	9194112	98560	394970014606	4234040725	399204055331	805306368	3.588523	
layer0.ffn.res	254617	256805	2188	192	0	0	0	1597440	798720	730091407678	365045703839	1095137111517	0	0.000000	
layer0.attn.proj	196317	201721	5404	4500	0	0	0	2299008	98560	425427091043	18238341968	443665433012	201326592	2.730667	
layer0.ffn.swish	229506	230932	1426	192	0	0	0	798720	798720	560112201963	560112201963	1120224403927	0	0.000000	
layer0.attn.res	201721	204091	2370	192	0	0	0	1597440	798720	674025316455	337012658227	1011037974683	0	0.000000	
layer0.attn.rn	256805	259330	2525	960	0	0	0	802880	798720	317972277227	316324752475	634297029702	0	0.000000	
layer0.ffn.rn	204091	206228	2137	960	0	0	0	802880	798720	375704258306	373757604117	749461862423	0	0.000000	
layer0.attn.QKVgen	259330	275076	15746	11141	0	0	0	7092864	98560	450454972691	6259367458	456714340149	603979776	3.308859	
layer0.ffn.fc2	230932	254617	23685	13443	0	0	0	9194112	98560	388182900569	4161283512	392344184082	805306368	3.656327	
