OpName	StartCycle	EndCycle	TotalCycle	ComputeCycles	MemoryStalls	WeightLoadCycles	SystolicMemoryStalls	MemoryReads	MemoryWrites	ReadBandwidth	WriteBandwidth	TotalMemoryBandwidth	NumCalculation	NpuUtilization	
layer0.attn.res	627462	629233	1771	192	0	0	0	1597440	798720	901998870694	450999435347	1352998306041	0	0.000000	
layer0.attn.proj	622767	627462	4695	3992	0	0	0	2299008	98560	489671565495	20992545260	510664110756	201326592	3.078156	
layer0.ffn.rn	629233	630970	1737	960	0	0	0	802880	798720	462222222222	459827288428	922049510650	0	0.000000	
layer0.ffn.res	673574	675552	1978	192	0	0	0	1597440	798720	807603640040	403801820020	1211405460060	0	0.000000	
layer0.ffn.fc2	652509	673574	21065	12681	0	0	0	9194112	98560	436463897460	4678851174	441142748635	805306368	3.876035	
layer0.ffn.fc1	630970	651250	20280	13189	0	0	0	9194112	98560	453358579881	4859960552	458218540433	805306368	3.726742	
layer0.ffn.swish	651250	652509	1259	192	0	0	0	798720	798720	634408260524	634408260524	1268816521048	0	0.000000	
