OpName	StartCycle	EndCycle	TotalCycle	ComputeCycles	MemoryStalls	WeightLoadCycles	SystolicMemoryStalls	MemoryReads	MemoryWrites	ReadBandwidth	WriteBandwidth	TotalMemoryBandwidth	NumCalculation	NpuUtilization	
layer0.attn.res	609470	611354	1884	192	0	0	0	1597440	798720	847898089171	423949044585	1271847133757	0	0.000000	
layer0.attn.proj	604768	609470	4702	3849	0	0	0	2299008	98560	488942577626	20961293066	509903870693	201326592	3.192518	
layer0.ffn.rn	611354	613421	2067	960	0	0	0	802880	798720	388427672955	386415094339	774842767295	0	0.000000	
layer0.ffn.res	655346	657370	2024	192	0	0	0	1597440	798720	789249011857	394624505928	1183873517786	0	0.000000	
layer0.ffn.fc2	635356	655346	19990	12681	0	0	0	9194112	98560	459935567783	4930465232	464866033016	805306368	3.876035	
layer0.ffn.fc1	613421	634162	20741	13189	0	0	0	9194112	98560	443282001832	4751940600	448033942432	805306368	3.726742	
layer0.ffn.swish	634162	635356	1194	192	0	0	0	798720	798720	668944723618	668944723618	1337889447236	0	0.000000	
