OpName	StartCycle	EndCycle	TotalCycle	ComputeCycles	MemoryStalls	WeightLoadCycles	SystolicMemoryStalls	MemoryReads	MemoryWrites	ReadBandwidth	WriteBandwidth	TotalMemoryBandwidth	NumCalculation	NpuUtilization	
layer0.ffn.fc1	205353	229136	23783	13443	0	0	0	9194112	98560	386583357860	4144136568	390727494428	805306368	3.656327	
layer0.ffn.res	253448	255795	2347	192	0	0	0	1597440	798720	680630592245	340315296122	1020945888368	0	0.000000	
layer0.attn.proj	194621	200142	5521	3849	0	0	0	2299008	98560	416411519652	17851838435	434263358087	201326592	3.192518	
layer0.ffn.swish	229136	231203	2067	192	0	0	0	798720	798720	386415094339	386415094339	772830188679	0	0.000000	
layer0.attn.res	200142	203581	3439	192	0	0	0	1597440	798720	464507124164	232253562082	696760686246	0	0.000000	
layer0.attn.rn	255795	258018	2223	956	0	0	0	802880	798720	361169590643	359298245614	720467836257	0	0.000000	
layer0.ffn.rn	203581	205353	1772	960	0	0	0	802880	798720	453092550790	450744920993	903837471783	0	0.000000	
layer0.attn.QKVgen	258018	277108	19090	11284	0	0	0	7092864	98560	371548664222	5162912519	376711576741	603979776	3.266927	
layer0.ffn.fc2	231203	253448	22245	14856	0	0	0	9194112	98560	413311395819	4430658574	417742054394	805306368	3.308562	
