OpName	StartCycle	EndCycle	TotalCycle	ComputeCycles	MemoryStalls	WeightLoadCycles	SystolicMemoryStalls	MemoryReads	MemoryWrites	ReadBandwidth	WriteBandwidth	TotalMemoryBandwidth	NumCalculation	NpuUtilization	
layer0.ffn.swish	352511	354054	1543	192	0	0	0	798720	798720	517640959170	517640959170	1035281918340	0	0.000000	
layer0.attn.QKVgen	382554	401254	18700	12046	0	0	0	7092864	98560	379297540106	5270588235	384568128342	603979776	3.060269	
layer0.attn.res	324243	326863	2620	192	0	0	0	1597440	798720	609709923664	304854961832	914564885496	0	0.000000	
layer0.attn.proj	319263	324243	4980	4246	0	0	0	2299008	98560	461648192771	19791164658	481439357429	201326592	2.894018	
layer0.ffn.res	377804	380304	2500	192	0	0	0	1597440	798720	638976000000	319488000000	958464000000	0	0.000000	
layer0.ffn.fc1	328826	352511	23685	13697	0	0	0	9194112	98560	388182900569	4161283512	392344184082	805306368	3.588523	
layer0.ffn.fc2	354054	377804	23750	14094	0	0	0	9194112	98560	387120505263	4149894736	391270400000	805306368	3.487441	
layer0.attn.rn	380304	382554	2250	960	0	0	0	802880	798720	356835555555	354986666666	711822222222	0	0.000000	
layer0.ffn.rn	326863	328826	1963	960	0	0	0	802880	798720	409006622516	406887417218	815894039735	0	0.000000	
