OpName	StartCycle	EndCycle	TotalCycle	ComputeCycles	MemoryStalls	WeightLoadCycles	SystolicMemoryStalls	MemoryReads	MemoryWrites	ReadBandwidth	WriteBandwidth	TotalMemoryBandwidth	NumCalculation	NpuUtilization	
layer0.ffn.swish	345139	346492	1353	192	0	0	0	798720	798720	590332594235	590332594235	1180665188470	0	0.000000	
layer0.attn.QKVgen	375131	394688	19557	11538	0	0	0	7092864	98560	362676484123	5039627754	367716111878	603979776	3.195008	
layer0.attn.res	316914	319376	2462	192	0	0	0	1597440	798720	648838342810	324419171405	973257514216	0	0.000000	
layer0.attn.proj	311511	316914	5403	4246	0	0	0	2299008	98560	425505830094	18241717564	443747547658	201326592	2.894018	
layer0.ffn.res	369988	373097	3109	192	0	0	0	1597440	798720	513811514956	256905757478	770717272434	0	0.000000	
layer0.ffn.fc1	321765	345139	23374	13189	0	0	0	9194112	98560	393347822366	4216650979	397564473346	805306368	3.726742	
layer0.ffn.fc2	346492	369988	23496	13951	0	0	0	9194112	98560	391305413687	4194756554	395500170241	805306368	3.523188	
layer0.attn.rn	373097	375131	2034	960	0	0	0	802880	798720	394729596853	392684365781	787413962635	0	0.000000	
layer0.ffn.rn	319376	321765	2389	960	0	0	0	802880	798720	336073670992	334332356634	670406027626	0	0.000000	
