OpName	StartCycle	EndCycle	TotalCycle	ComputeCycles	MemoryStalls	WeightLoadCycles	SystolicMemoryStalls	MemoryReads	MemoryWrites	ReadBandwidth	WriteBandwidth	TotalMemoryBandwidth	NumCalculation	NpuUtilization	
layer0.ffn.swish	354723	356209	1486	192	0	0	0	798720	798720	537496635262	537496635262	1074993270524	0	0.000000	
layer0.attn.QKVgen	385388	403854	18466	11030	0	0	0	7092864	98560	384103974872	5337376800	389441351673	603979776	3.342158	
layer0.attn.res	324140	329242	5102	192	0	0	0	1597440	798720	313100744805	156550372402	469651117208	0	0.000000	
layer0.attn.proj	318975	324140	5165	4246	0	0	0	2299008	98560	445112875121	19082284607	464195159728	201326592	2.894018	
layer0.ffn.res	380768	383441	2673	192	0	0	0	1597440	798720	597620650953	298810325476	896430976430	0	0.000000	
layer0.ffn.fc1	331202	354723	23521	13586	0	0	0	9194112	98560	390889502997	4190298031	395079801028	805306368	3.617842	
layer0.ffn.fc2	356209	380768	24559	13697	0	0	0	9194112	98560	374368337473	4013192719	378381530192	805306368	3.588523	
layer0.attn.rn	383441	385388	1947	960	0	0	0	802880	798720	412367745249	410231124807	822598870056	0	0.000000	
layer0.ffn.rn	329242	331202	1960	960	0	0	0	802880	798720	409632653061	407510204081	817142857142	0	0.000000	
