OpName	StartCycle	EndCycle	TotalCycle	ComputeCycles	MemoryStalls	WeightLoadCycles	SystolicMemoryStalls	MemoryReads	MemoryWrites	ReadBandwidth	WriteBandwidth	TotalMemoryBandwidth	NumCalculation	NpuUtilization	
layer0.ffn.fc1	201738	223450	21712	13443	0	0	0	9194112	98560	423457627118	4539425202	427997052321	805306368	3.656327	
layer0.ffn.res	247719	250115	2396	192	0	0	0	1597440	798720	666711185308	333355592654	1000066777963	0	0.000000	
layer0.attn.proj	191072	196653	5581	3341	0	0	0	2299008	98560	411934778713	17659917577	429594696290	201326592	3.677941	
layer0.ffn.swish	223450	225274	1824	192	0	0	0	798720	798720	437894736842	437894736842	875789473684	0	0.000000	
layer0.attn.res	196653	199562	2909	192	0	0	0	1597440	798720	549137160536	274568580268	823705740804	0	0.000000	
layer0.attn.rn	250115	252384	2269	960	0	0	0	802880	798720	353847509916	352014103129	705861613045	0	0.000000	
layer0.ffn.rn	199562	201738	2176	960	0	0	0	802880	798720	368970588235	367058823529	736029411764	0	0.000000	
layer0.attn.QKVgen	252384	270447	18063	11141	0	0	0	7092864	98560	392673642252	5456457952	398130100204	603979776	3.308859	
layer0.ffn.fc2	225274	247719	22445	13078	0	0	0	9194112	98560	409628514145	4391178436	414019692581	805306368	3.758373	
