OpName	StartCycle	EndCycle	TotalCycle	ComputeCycles	MemoryStalls	WeightLoadCycles	SystolicMemoryStalls	MemoryReads	MemoryWrites	ReadBandwidth	WriteBandwidth	TotalMemoryBandwidth	NumCalculation	NpuUtilization	
layer0.ffn.rn	507688	510329	2641	960	0	0	0	802880	798720	304006058311	302430897387	606436955698	0	0.000000	
layer0.ffn.swish	533290	534516	1226	192	0	0	0	798720	798720	651484502446	651484502446	1302969004893	0	0.000000	
layer0.ffn.res	555860	558350	2490	192	0	0	0	1597440	798720	641542168674	320771084337	962313253012	0	0.000000	
layer0.ffn.fc2	534516	555860	21344	13951	0	0	0	9194112	98560	430758620689	4617691154	435376311844	805306368	3.523188	
layer0.ffn.fc1	510329	533290	22961	13332	0	0	0	9194112	98560	400422978093	4292495971	404715474064	805306368	3.686769	
layer0.attn.proj	497248	502697	5449	4103	0	0	0	2299008	98560	421913745641	18087722517	440001468159	201326592	2.994882	
layer0.attn.res	502697	507688	4991	192	0	0	0	1597440	798720	320064115407	160032057703	480096173111	0	0.000000	
