OpName	StartCycle	EndCycle	TotalCycle	ComputeCycles	MemoryStalls	WeightLoadCycles	SystolicMemoryStalls	MemoryReads	MemoryWrites	ReadBandwidth	WriteBandwidth	TotalMemoryBandwidth	NumCalculation	NpuUtilization	
layer0.ffn.rn	500464	502722	2258	960	0	0	0	802880	798720	355571302037	353728963684	709300265721	0	0.000000	
layer0.ffn.swish	526349	527387	1038	192	0	0	0	798720	798720	769479768786	769479768786	1538959537572	0	0.000000	
layer0.ffn.res	549889	552473	2584	192	0	0	0	1597440	798720	618204334365	309102167182	927306501547	0	0.000000	
layer0.ffn.fc2	527387	549889	22502	12935	0	0	0	9194112	98560	408590880810	4380055106	412970935916	805306368	3.799923	
layer0.ffn.fc1	502722	526349	23627	12935	0	0	0	9194112	98560	389135819189	4171498709	393307317899	805306368	3.799923	
layer0.attn.proj	488819	493996	5177	3849	0	0	0	2299008	98560	444081128066	19038052926	463119180992	201326592	3.192518	
layer0.attn.res	493996	500464	6468	192	0	0	0	1597440	798720	246975881261	123487940630	370463821892	0	0.000000	
