OpName	StartCycle	EndCycle	TotalCycle	ComputeCycles	MemoryStalls	WeightLoadCycles	SystolicMemoryStalls	MemoryReads	MemoryWrites	ReadBandwidth	WriteBandwidth	TotalMemoryBandwidth	NumCalculation	NpuUtilization	
layer0.ffn.fc1	196830	219791	22961	13697	0	0	0	9194112	98560	400422978093	4292495971	404715474064	805306368	3.588523	
layer0.ffn.res	243403	245538	2135	192	0	0	0	1597440	798720	748215456674	374107728337	1122323185011	0	0.000000	
layer0.attn.proj	186219	191410	5191	3992	0	0	0	2299008	98560	442883452128	18986707763	461870159892	201326592	3.078156	
layer0.ffn.swish	219791	221278	1487	192	0	0	0	798720	798720	537135171486	537135171486	1074270342972	0	0.000000	
layer0.attn.res	191410	194452	3042	192	0	0	0	1597440	798720	525128205128	262564102564	787692307692	0	0.000000	
layer0.attn.rn	245538	248081	2543	946	0	0	0	802880	798720	315721588674	314085725521	629807314195	0	0.000000	
layer0.ffn.rn	194452	196830	2378	960	0	0	0	802880	798720	337628259041	335878889823	673507148864	0	0.000000	
layer0.attn.QKVgen	248081	267356	19275	11538	0	0	0	7092864	98560	367982568093	5113359273	373095927367	603979776	3.195008	
layer0.ffn.fc2	221278	243403	22125	13443	0	0	0	9194112	98560	415553084745	4454689265	420007774011	805306368	3.656327	
