OpName	StartCycle	EndCycle	TotalCycle	ComputeCycles	MemoryStalls	WeightLoadCycles	SystolicMemoryStalls	MemoryReads	MemoryWrites	ReadBandwidth	WriteBandwidth	TotalMemoryBandwidth	NumCalculation	NpuUtilization	
layer0.ffn.rn	516691	518486	1795	960	0	0	0	802880	798720	447286908077	444969359331	892256267409	0	0.000000	
layer0.ffn.swish	542372	543610	1238	192	0	0	0	798720	798720	645169628432	645169628432	1290339256865	0	0.000000	
layer0.ffn.res	565220	567347	2127	192	0	0	0	1597440	798720	751029619181	375514809590	1126544428772	0	0.000000	
layer0.ffn.fc2	543610	565220	21610	12935	0	0	0	9194112	98560	425456362795	4560851457	430017214252	805306368	3.799923	
layer0.ffn.fc1	518486	542372	23886	13951	0	0	0	9194112	98560	384916352675	4126266432	389042619107	805306368	3.523188	
layer0.attn.proj	506017	511285	5268	4246	0	0	0	2299008	98560	436410022779	18709187547	455119210326	201326592	2.894018	
layer0.attn.res	511285	516691	5406	192	0	0	0	1597440	798720	295493895671	147746947835	443240843507	0	0.000000	
