OpName	StartCycle	EndCycle	TotalCycle	ComputeCycles	MemoryStalls	WeightLoadCycles	SystolicMemoryStalls	MemoryReads	MemoryWrites	ReadBandwidth	WriteBandwidth	TotalMemoryBandwidth	NumCalculation	NpuUtilization	
layer0.attn.res	635193	637142	1949	192	0	0	0	1597440	798720	819620318111	409810159055	1229430477167	0	0.000000	
layer0.attn.proj	630631	635193	4562	3849	0	0	0	2299008	98560	503947391494	21604559403	525551950898	201326592	3.192518	
layer0.ffn.rn	637142	638914	1772	960	0	0	0	802880	798720	453092550790	450744920993	903837471783	0	0.000000	
layer0.ffn.res	681811	683714	1903	192	0	0	0	1597440	798720	839432475039	419716237519	1259148712559	0	0.000000	
layer0.ffn.fc2	660692	681811	21119	12935	0	0	0	9194112	98560	435347885790	4666887636	440014773426	805306368	3.799923	
layer0.ffn.fc1	638914	659597	20683	12935	0	0	0	9194112	98560	444525068897	4765266160	449290335057	805306368	3.799923	
layer0.ffn.swish	659597	660692	1095	192	0	0	0	798720	798720	729424657534	729424657534	1458849315068	0	0.000000	
