OpName	StartCycle	EndCycle	TotalCycle	ComputeCycles	MemoryStalls	WeightLoadCycles	SystolicMemoryStalls	MemoryReads	MemoryWrites	ReadBandwidth	WriteBandwidth	TotalMemoryBandwidth	NumCalculation	NpuUtilization	
layer0.ffn.rn	498220	500771	2551	960	0	0	0	802880	798720	314731477851	313100744805	627832222657	0	0.000000	
layer0.ffn.swish	524117	525852	1735	192	0	0	0	798720	798720	460357348703	460357348703	920714697406	0	0.000000	
layer0.ffn.res	547888	550182	2294	192	0	0	0	1597440	798720	696355710549	348177855274	1044533565823	0	0.000000	
layer0.ffn.fc2	525852	547888	22036	13586	0	0	0	9194112	98560	417231439462	4472681067	421704120530	805306368	3.617842	
layer0.ffn.fc1	500771	524117	23346	14856	0	0	0	9194112	98560	393819583654	4221708215	398041291870	805306368	3.308562	
layer0.attn.proj	486712	492035	5323	4103	0	0	0	2299008	98560	431900807815	18515874506	450416682321	201326592	2.994882	
layer0.attn.res	492035	498220	6185	192	0	0	0	1597440	798720	258276475343	129138237671	387414713015	0	0.000000	
