OpName	StartCycle	EndCycle	TotalCycle	ComputeCycles	MemoryStalls	WeightLoadCycles	SystolicMemoryStalls	MemoryReads	MemoryWrites	ReadBandwidth	WriteBandwidth	TotalMemoryBandwidth	NumCalculation	NpuUtilization	
layer0.ffn.swish	358146	359944	1798	192	0	0	0	798720	798720	444226918798	444226918798	888453837597	0	0.000000	
layer0.attn.QKVgen	388387	407609	19222	10776	0	0	0	7092864	98560	368997190718	5127458120	374124648839	603979776	3.420935	
layer0.attn.res	329676	332644	2968	192	0	0	0	1597440	798720	538221024258	269110512129	807331536388	0	0.000000	
layer0.attn.proj	324482	329676	5194	4246	0	0	0	2299008	98560	442627647285	18975741239	461603388525	201326592	2.894018	
layer0.ffn.res	383167	385905	2738	192	0	0	0	1597440	798720	583433162892	291716581446	875149744338	0	0.000000	
layer0.ffn.fc1	334400	358146	23746	13189	0	0	0	9194112	98560	387185715488	4150593784	391336309273	805306368	3.726742	
layer0.ffn.fc2	359944	383167	23223	13189	0	0	0	9194112	98560	395905438573	4244068380	400149506954	805306368	3.726742	
layer0.attn.rn	385905	388387	2482	900	0	0	0	802880	798720	323481063658	321804995970	645286059629	0	0.000000	
layer0.ffn.rn	332644	334400	1756	960	0	0	0	802880	798720	457220956719	454851936218	912072892938	0	0.000000	
