OpName	StartCycle	EndCycle	TotalCycle	ComputeCycles	MemoryStalls	WeightLoadCycles	SystolicMemoryStalls	MemoryReads	MemoryWrites	ReadBandwidth	WriteBandwidth	TotalMemoryBandwidth	NumCalculation	NpuUtilization	
layer0.attn.rn	17738	19591	1853	960	0	0	0	802880	798720	433286562331	431041554236	864328116567	0	0.000000	
layer0.attn.QKVgen	19591	38285	18694	11538	0	0	0	7092864	98560	379419278913	5272279875	384691558788	603979776	3.195008	
