OpName	StartCycle	EndCycle	TotalCycle	ComputeCycles	MemoryStalls	WeightLoadCycles	SystolicMemoryStalls	MemoryReads	MemoryWrites	ReadBandwidth	WriteBandwidth	TotalMemoryBandwidth	NumCalculation	NpuUtilization	
layer0.attn.rn	17738	19479	1741	960	0	0	0	802880	798720	461160252728	458770821367	919931074095	0	0.000000	
layer0.attn.QKVgen	19479	39536	20057	10776	0	0	0	7092864	98560	353635339283	4913995113	358549334396	603979776	3.420935	
