Stage	total_cycles	pim_cycles	mem_bw_util	
A	60556	0	61.260548	
B	68018	25889	55.256329	
C	233880	17751	64.992170	
D	239756	26185	63.490121	
E	176950	17973	64.937341	
F	175157	0	65.448248	
