Stage	total_cycles	pim_cycles	mem_bw_util	
A	60556	0	61.260548	
B	67268	25758	55.856425	
C	235920	17840	64.432090	
D	236457	22712	64.371482	
E	172603	18148	66.575356	
F	173925	0	65.911851	
