Stage	total_cycles	pim_cycles	mem_bw_util	
A	60556	0	61.260548	
B	68205	25919	55.099608	
C	236830	17478	64.183697	
D	237785	22712	64.014893	
E	174674	17819	65.784833	
F	174005	0	65.881548	
