Stage	total_cycles	pim_cycles	mem_bw_util	
A	60556	0	61.260548	
B	68305	26208	55.041542	
C	237208	17353	64.079626	
D	236546	23031	64.356986	
E	173499	17549	66.228119	
F	174332	0	65.757972	
