OpName	StartCycle	EndCycle	TotalCycle	ComputeCycles	MemoryStalls	WeightLoadCycles	SystolicMemoryStalls	MemoryReads	MemoryWrites	ReadBandwidth	WriteBandwidth	TotalMemoryBandwidth	NumCalculation	NpuUtilization	
layer0.attn.res	790735	799984	9249	256	0	0	0	8421376	4210688	910517461347	455258730673	1365776192020	0	0.000000	
layer0.ffn.res	934891	946722	11831	256	0	0	0	8421376	4210688	711805933564	355902966782	1067708900346	0	0.000000	
layer0.ffn.rn	799984	809908	9924	1280	0	0	0	4227136	4210688	425950826279	424293430068	850244256348	0	0.000000	
layer0.attn.proj	772798	790735	17937	10755	0	0	0	8668288	131328	483262975971	7321625689	490584601661	1073741824	6.093538	
layer0.ffn.fc1	809908	876524	66616	51486	0	0	0	37823104	131328	567778071334	1971418277	569749489612	4294967296	5.091559	
layer0.ffn.fc2	878068	934891	56823	41067	0	0	0	34671232	131328	610161941467	2311176812	612473118279	4294967296	6.383325	
layer0.ffn.swish	876524	878068	1544	256	0	0	0	1064960	1064960	689740932642	689740932642	1379481865284	0	0.000000	
