OpName	StartCycle	EndCycle	TotalCycle	ComputeCycles	MemoryStalls	WeightLoadCycles	SystolicMemoryStalls	MemoryReads	MemoryWrites	ReadBandwidth	WriteBandwidth	TotalMemoryBandwidth	NumCalculation	NpuUtilization	
layer0.attn.proj	365587	382149	16562	12533	0	0	0	8668288	131328	523384132351	7929477116	531313609467	1073741824	5.229075	
layer0.ffn.rn	393865	403174	9309	1280	0	0	0	4227136	4210688	454091309485	452324417230	906415726716	0	0.000000	
layer0.attn.QKVgen	548207	603371	55164	43437	0	0	0	29418112	131328	533284605902	2380683054	535665288956	3221225472	4.526279	
layer0.attn.res	382149	393865	11716	256	0	0	0	8421376	4210688	718792762034	359396381017	1078189143052	0	0.000000	
layer0.ffn.res	528944	541323	12379	256	0	0	0	8421376	4210688	680295338880	340147669440	1020443008320	0	0.000000	
layer0.ffn.swish	470731	472328	1597	256	0	0	0	1064960	1064960	666850344395	666850344395	1333700688791	0	0.000000	
layer0.ffn.fc1	403174	470731	67557	50946	0	0	0	37823104	131328	559869502790	1943958435	561813461225	4294967296	5.145527	
layer0.ffn.fc2	472328	528944	56616	41321	0	0	0	34671232	131328	612392821817	2319626960	614712448777	4294967296	6.344087	
layer0.attn.rn	541323	548207	6884	1280	0	0	0	4227136	4210688	614052295177	611662986635	1225715281812	0	0.000000	
