OpName	StartCycle	EndCycle	TotalCycle	ComputeCycles	MemoryStalls	WeightLoadCycles	SystolicMemoryStalls	MemoryReads	MemoryWrites	ReadBandwidth	WriteBandwidth	TotalMemoryBandwidth	NumCalculation	NpuUtilization	
layer0.attn.rn	60554	67138	6584	1280	0	0	0	4227136	4210688	642031591737	639533414337	1281565006075	0	0.000000	
layer0.attn.QKVgen	67138	128758	61620	43405	0	0	0	29418112	131328	477411749432	2131256085	479543005517	3221225472	4.529616	
