OpName	StartCycle	EndCycle	TotalCycle	ComputeCycles	MemoryStalls	WeightLoadCycles	SystolicMemoryStalls	MemoryReads	MemoryWrites	ReadBandwidth	WriteBandwidth	TotalMemoryBandwidth	NumCalculation	NpuUtilization	
layer0.attn.res	619383	632727	13344	256	0	0	0	8421376	4210688	631098321342	315549160671	946647482014	0	0.000000	
layer0.ffn.rn	632727	640363	7636	1280	0	0	0	4227136	4210688	553579884756	551425877422	1105005762179	0	0.000000	
layer0.ffn.swish	708069	709660	1591	256	0	0	0	1064960	1064960	669365179132	669365179132	1338730358265	0	0.000000	
layer0.ffn.fc1	640363	708069	67706	52724	0	0	0	37823104	131328	558637402888	1939680382	560577083271	4294967296	4.972005	
layer0.ffn.fc2	709660	766691	57031	40051	0	0	0	34671232	131328	607936595886	2302747628	610239343514	4294967296	6.545255	
layer0.ffn.res	766691	778044	11353	256	0	0	0	8421376	4210688	741775389764	370887694882	1112663084647	0	0.000000	
layer0.attn.proj	603371	619383	16012	11263	0	0	0	8668288	131328	541361978516	8201848613	549563827129	1073741824	5.818698	
