OpName	StartCycle	EndCycle	TotalCycle	ComputeCycles	MemoryStalls	WeightLoadCycles	SystolicMemoryStalls	MemoryReads	MemoryWrites	ReadBandwidth	WriteBandwidth	TotalMemoryBandwidth	NumCalculation	NpuUtilization	
layer0.attn.res	794684	803875	9191	256	0	0	0	8421376	4210688	916263301055	458131650527	1374394951583	0	0.000000	
layer0.ffn.res	938652	950439	11787	256	0	0	0	8421376	4210688	714463052515	357231526257	1071694578773	0	0.000000	
layer0.ffn.rn	803875	813563	9688	1280	0	0	0	4227136	4210688	436327002477	434629232039	870956234516	0	0.000000	
layer0.attn.proj	776108	794684	18576	11517	0	0	0	8668288	131328	466639104220	7069767441	473708871662	1073741824	5.690371	
layer0.ffn.fc1	813563	880999	67436	51597	0	0	0	37823104	131328	560874073195	1947446467	562821519663	4294967296	5.080605	
layer0.ffn.fc2	882574	938652	56078	41829	0	0	0	34671232	131328	618267983879	2341880951	620609864831	4294967296	6.267040	
layer0.ffn.swish	880999	882574	1575	256	0	0	0	1064960	1064960	676165079365	676165079365	1352330158730	0	0.000000	
