OpName	StartCycle	EndCycle	TotalCycle	ComputeCycles	MemoryStalls	WeightLoadCycles	SystolicMemoryStalls	MemoryReads	MemoryWrites	ReadBandwidth	WriteBandwidth	TotalMemoryBandwidth	NumCalculation	NpuUtilization	
layer0.attn.res	618216	632221	14005	256	0	0	0	8421376	4210688	601312102820	300656051410	901968154230	0	0.000000	
layer0.ffn.rn	632221	638738	6517	1280	0	0	0	4227136	4210688	648632192726	646108332054	1294740524781	0	0.000000	
layer0.ffn.swish	705874	707604	1730	256	0	0	0	1064960	1064960	615583815028	615583815028	1231167630057	0	0.000000	
layer0.ffn.fc1	638738	705874	67136	51454	0	0	0	37823104	131328	563380362249	1956148713	565336510962	4294967296	5.094725	
layer0.ffn.fc2	707604	764414	56810	41067	0	0	0	34671232	131328	610301566625	2311705685	612613272311	4294967296	6.383325	
layer0.ffn.res	764414	776108	11694	256	0	0	0	8421376	4210688	720145031640	360072515820	1080217547460	0	0.000000	
layer0.attn.proj	602610	618216	15606	10755	0	0	0	8668288	131328	555445854158	8415224913	563861079072	1073741824	6.093538	
