OpName	StartCycle	EndCycle	TotalCycle	ComputeCycles	MemoryStalls	WeightLoadCycles	SystolicMemoryStalls	MemoryReads	MemoryWrites	ReadBandwidth	WriteBandwidth	TotalMemoryBandwidth	NumCalculation	NpuUtilization	
layer0.ffn.rn	158258	165018	6760	1280	0	0	0	4227136	4210688	625315976331	622882840236	1248198816568	0	0.000000	
layer0.attn.proj	128571	143923	15352	10755	0	0	0	8668288	131328	564635747785	8554455445	573190203230	1073741824	6.093538	
layer0.ffn.res	290157	301835	11678	256	0	0	0	8421376	4210688	721131700633	360565850316	1081697550950	0	0.000000	
layer0.attn.res	143923	158258	14335	256	0	0	0	8421376	4210688	587469550052	293734775026	881204325078	0	0.000000	
layer0.ffn.swish	231907	233443	1536	256	0	0	0	1064960	1064960	693333333333	693333333333	1386666666666	0	0.000000	
layer0.ffn.fc1	165018	231907	66889	52756	0	0	0	37823104	131328	565460748404	1963372153	567424120557	4294967296	4.968989	
layer0.attn.QKVgen	307846	362450	54604	41087	0	0	0	29418112	131328	538753790931	2405098527	541158889458	3221225472	4.785163	
layer0.attn.rn	301835	307846	6011	1280	0	0	0	4227136	4210688	703233405423	700497088670	1403730494094	0	0.000000	
layer0.ffn.fc2	233443	290157	56714	40051	0	0	0	34671232	131328	611334626370	2315618718	613650245089	4294967296	6.545255	
