OpName	StartCycle	EndCycle	TotalCycle	ComputeCycles	MemoryStalls	WeightLoadCycles	SystolicMemoryStalls	MemoryReads	MemoryWrites	ReadBandwidth	WriteBandwidth	TotalMemoryBandwidth	NumCalculation	NpuUtilization	
layer0.ffn.rn	157303	163510	6207	1280	0	0	0	4227136	4210688	681027227323	678377315933	1359404543257	0	0.000000	
layer0.attn.proj	127821	142797	14976	10755	0	0	0	8668288	131328	578811965811	8769230769	587581196581	1073741824	6.093538	
layer0.ffn.res	289611	299829	10218	256	0	0	0	8421376	4210688	824170679193	412085339596	1236256018790	0	0.000000	
layer0.attn.res	142797	157303	14506	256	0	0	0	8421376	4210688	580544326485	290272163242	870816489728	0	0.000000	
layer0.ffn.swish	230991	232621	1630	256	0	0	0	1064960	1064960	653349693251	653349693251	1306699386503	0	0.000000	
layer0.ffn.fc1	163510	230991	67481	52248	0	0	0	37823104	131328	560500051866	1946147804	562446199671	4294967296	5.017302	
layer0.attn.QKVgen	308723	363740	55017	43802	0	0	0	29418112	131328	534709489794	2387044004	537096533798	3221225472	4.488562	
layer0.attn.rn	299829	308723	8894	1280	0	0	0	4227136	4210688	475279514279	473430177647	948709691927	0	0.000000	
layer0.ffn.fc2	232621	289611	56990	43099	0	0	0	34671232	131328	608373960343	2304404281	610678364625	4294967296	6.082369	
