OpName	StartCycle	EndCycle	TotalCycle	ComputeCycles	MemoryStalls	WeightLoadCycles	SystolicMemoryStalls	MemoryReads	MemoryWrites	ReadBandwidth	WriteBandwidth	TotalMemoryBandwidth	NumCalculation	NpuUtilization	
layer0.attn.res	615273	629290	14017	256	0	0	0	8421376	4210688	600797317542	300398658771	901195976314	0	0.000000	
layer0.ffn.rn	629290	635912	6622	1280	0	0	0	4227136	4210688	638347327091	635863485351	1274210812443	0	0.000000	
layer0.ffn.swish	703134	704573	1439	256	0	0	0	1064960	1064960	740069492703	740069492703	1480138985406	0	0.000000	
layer0.ffn.fc1	635912	703134	67222	52105	0	0	0	37823104	131328	562659605486	1953646127	564613251614	4294967296	5.031072	
layer0.ffn.fc2	704573	761022	56449	41321	0	0	0	34671232	131328	614204538610	2326489397	616531028007	4294967296	6.344087	
layer0.ffn.res	761022	772798	11776	256	0	0	0	8421376	4210688	715130434782	357565217391	1072695652173	0	0.000000	
layer0.attn.proj	600196	615273	15077	11263	0	0	0	8668288	131328	574934536048	8710486170	583645022219	1073741824	5.818698	
