OpName	StartCycle	EndCycle	TotalCycle	ComputeCycles	MemoryStalls	WeightLoadCycles	SystolicMemoryStalls	MemoryReads	MemoryWrites	ReadBandwidth	WriteBandwidth	TotalMemoryBandwidth	NumCalculation	NpuUtilization	
layer0.ffn.rn	159219	166042	6823	1280	0	0	0	4227136	4210688	619542136889	617131467096	1236673603986	0	0.000000	
layer0.attn.proj	128758	146041	17283	11771	0	0	0	8668288	131328	501549962390	7598680784	509148643175	1073741824	5.567581	
layer0.ffn.res	291432	303367	11935	256	0	0	0	8421376	4210688	705603351487	352801675743	1058405027230	0	0.000000	
layer0.attn.res	146041	159219	13178	256	0	0	0	8421376	4210688	639048110487	319524055243	958572165730	0	0.000000	
layer0.ffn.swish	233052	234917	1865	256	0	0	0	1064960	1064960	571024128686	571024128686	1142048257372	0	0.000000	
layer0.ffn.fc1	166042	233052	67010	51962	0	0	0	37823104	131328	564439695567	1959826891	566399522459	4294967296	5.044917	
layer0.attn.QKVgen	310643	365587	54944	42246	0	0	0	29418112	131328	535419918462	2390215492	537810133954	3221225472	4.653884	
layer0.attn.rn	303367	310643	7276	1280	0	0	0	4227136	4210688	580969763606	578709180868	1159678944474	0	0.000000	
layer0.ffn.fc2	234917	291432	56515	39797	0	0	0	34671232	131328	613487251172	2323772449	615811023622	4294967296	6.587029	
