OpName	StartCycle	EndCycle	TotalCycle	ComputeCycles	MemoryStalls	WeightLoadCycles	SystolicMemoryStalls	MemoryReads	MemoryWrites	ReadBandwidth	WriteBandwidth	TotalMemoryBandwidth	NumCalculation	NpuUtilization	
layer0.attn.proj	366065	382927	16862	11771	0	0	0	8668288	131328	514072352034	7788399952	521860751986	1073741824	5.567581	
layer0.ffn.rn	396363	404661	8298	1280	0	0	0	4227136	4210688	509416244878	507434080501	1016850325379	0	0.000000	
layer0.attn.QKVgen	547538	602610	55072	41738	0	0	0	29418112	131328	534175479372	2384660081	536560139453	3221225472	4.710528	
layer0.attn.res	382927	396363	13436	256	0	0	0	8421376	4210688	626777016969	313388508484	940165525454	0	0.000000	
layer0.ffn.res	528935	540614	11679	256	0	0	0	8421376	4210688	721069954619	360534977309	1081604931929	0	0.000000	
layer0.ffn.swish	471091	472851	1760	256	0	0	0	1064960	1064960	605090909090	605090909090	1210181818181	0	0.000000	
layer0.ffn.fc1	404661	471091	66430	51200	0	0	0	37823104	131328	569367815745	1976938130	571344753876	4294967296	5.120000	
layer0.ffn.fc2	472851	528935	56084	40813	0	0	0	34671232	131328	618201840096	2341630411	620543470508	4294967296	6.423051	
layer0.attn.rn	540614	547538	6924	1280	0	0	0	4227136	4210688	610504910456	608129404968	1218634315424	0	0.000000	
