OpName	StartCycle	EndCycle	TotalCycle	ComputeCycles	MemoryStalls	WeightLoadCycles	SystolicMemoryStalls	MemoryReads	MemoryWrites	ReadBandwidth	WriteBandwidth	TotalMemoryBandwidth	NumCalculation	NpuUtilization	
layer0.ffn.rn	157970	165073	7103	1280	0	0	0	4227136	4210688	595119808531	592804167253	1187923975784	0	0.000000	
layer0.attn.proj	128858	144039	15181	11263	0	0	0	8668288	131264	570995850075	8646597720	579642447796	1073741824	5.818698	
layer0.ffn.res	290536	302156	11620	256	0	0	0	8421376	4210688	724731153184	362365576592	1087096729776	0	0.000000	
layer0.attn.res	144039	157970	13931	256	0	0	0	8421376	4210688	604506209173	302253104586	906759313760	0	0.000000	
layer0.ffn.swish	231689	233005	1316	256	0	0	0	1064960	1064960	809240121580	809240121580	1618480243161	0	0.000000	
layer0.ffn.fc1	165073	231689	66616	52359	0	0	0	37823104	131328	567778071334	1971418277	569749489612	4294967296	5.006666	
layer0.attn.QKVgen	309658	366065	56407	43659	0	0	0	29418112	131328	521533001223	2328221674	523861222897	3221225472	4.503264	
layer0.attn.rn	302156	309658	7502	1280	0	0	0	4227136	4210688	563467875233	561275393228	1124743268461	0	0.000000	
layer0.ffn.fc2	233005	290536	57531	41067	0	0	0	34671232	131328	602653039231	2282734525	604935773756	4294967296	6.383325	
