OpName	StartCycle	EndCycle	TotalCycle	ComputeCycles	MemoryStalls	WeightLoadCycles	SystolicMemoryStalls	MemoryReads	MemoryWrites	ReadBandwidth	WriteBandwidth	TotalMemoryBandwidth	NumCalculation	NpuUtilization	
layer0.attn.rn	60554	66954	6400	1280	0	0	0	4227136	4210688	660490000000	657920000000	1318410000000	0	0.000000	
layer0.attn.QKVgen	66954	127821	60867	44278	0	0	0	29418112	131328	483317922683	2157622356	485475545040	3221225472	4.440309	
