OpName	StartCycle	EndCycle	TotalCycle	ComputeCycles	MemoryStalls	WeightLoadCycles	SystolicMemoryStalls	MemoryReads	MemoryWrites	ReadBandwidth	WriteBandwidth	TotalMemoryBandwidth	NumCalculation	NpuUtilization	
layer0.attn.res	796470	808283	11813	256	0	0	0	8421376	4210688	712890544315	356445272157	1069335816473	0	0.000000	
layer0.ffn.res	939531	952048	12517	256	0	0	0	8421376	4210688	672795078692	336397539346	1009192618039	0	0.000000	
layer0.ffn.rn	808283	815203	6920	1280	0	0	0	4227136	4210688	610857803468	608480924855	1219338728323	0	0.000000	
layer0.attn.proj	778044	796470	18426	10247	0	0	0	8668288	131328	470437859546	7127320091	477565179637	1073741824	6.395628	
layer0.ffn.fc1	815203	881479	66276	52327	0	0	0	37823104	131328	570690808135	1981531776	572672339911	4294967296	5.009727	
layer0.ffn.fc2	883083	939531	56448	40813	0	0	0	34671232	131328	614215419501	2326530612	616541950113	4294967296	6.423051	
layer0.ffn.swish	881479	883083	1604	256	0	0	0	1064960	1064960	663940149625	663940149625	1327880299251	0	0.000000	
