OpName	StartCycle	EndCycle	TotalCycle	ComputeCycles	MemoryStalls	WeightLoadCycles	SystolicMemoryStalls	MemoryReads	MemoryWrites	ReadBandwidth	WriteBandwidth	TotalMemoryBandwidth	NumCalculation	NpuUtilization	
layer0.attn.rn	60554	69472	8918	1280	0	0	0	4227136	4210688	474000448531	472156088809	946156537340	0	0.000000	
layer0.attn.QKVgen	69472	128858	59386	43373	0	0	0	29418112	131328	495371164921	2211430303	497582595224	3221225472	4.532958	
