OpName	StartCycle	EndCycle	TotalCycle	ComputeCycles	MemoryStalls	WeightLoadCycles	SystolicMemoryStalls	MemoryReads	MemoryWrites	ReadBandwidth	WriteBandwidth	TotalMemoryBandwidth	NumCalculation	NpuUtilization	
layer0.attn.proj	362450	378543	16093	12279	0	0	0	8668288	131328	538637171440	8160566706	546797738147	1073741824	5.337242	
layer0.ffn.rn	395276	402252	6976	1280	0	0	0	4227136	4210688	605954128440	603596330275	1209550458715	0	0.000000	
layer0.attn.QKVgen	546662	602205	55543	42246	0	0	0	29418112	131328	529645715931	2364438363	532010154294	3221225472	4.653884	
layer0.attn.res	378543	395276	16733	256	0	0	0	8421376	4210688	503279507559	251639753779	754919261339	0	0.000000	
layer0.ffn.res	527698	539324	11626	256	0	0	0	8421376	4210688	724357130569	362178565284	1086535695854	0	0.000000	
layer0.ffn.swish	469469	471100	1631	256	0	0	0	1064960	1064960	652949110974	652949110974	1305898221949	0	0.000000	
layer0.ffn.fc1	402252	469469	67217	51311	0	0	0	37823104	131328	562701459452	1953791451	564655250903	4294967296	5.108924	
layer0.ffn.fc2	471100	527698	56598	41067	0	0	0	34671232	131328	612587582600	2320364677	614907947277	4294967296	6.383325	
layer0.attn.rn	539324	546662	7338	1280	0	0	0	4227136	4210688	576061052057	573819569364	1149880621422	0	0.000000	
