OpName	StartCycle	EndCycle	TotalCycle	ComputeCycles	MemoryStalls	WeightLoadCycles	SystolicMemoryStalls	MemoryReads	MemoryWrites	ReadBandwidth	WriteBandwidth	TotalMemoryBandwidth	NumCalculation	NpuUtilization	
layer0.attn.res	797197	808948	11751	256	0	0	0	8421376	4210688	716651859416	358325929708	1074977789124	0	0.000000	
layer0.ffn.res	942247	954310	12063	256	0	0	0	8421376	4210688	698116223161	349058111580	1047174334742	0	0.000000	
layer0.ffn.rn	808948	815997	7049	1280	0	0	0	4227136	4210688	599678819690	597345439069	1197024258760	0	0.000000	
layer0.attn.proj	779154	797197	18043	10501	0	0	0	8668288	131328	480423876295	7278612204	487702488499	1073741824	6.240929	
layer0.ffn.fc1	815997	883156	67159	51454	0	0	0	37823104	131328	563187420896	1955478789	565142899685	4294967296	5.094725	
layer0.ffn.fc2	884552	942247	57695	41067	0	0	0	34671232	131328	600939977467	2276245775	603216223242	4294967296	6.383325	
layer0.ffn.swish	883156	884552	1396	256	0	0	0	1064960	1064960	762865329512	762865329512	1525730659025	0	0.000000	
