OpName	StartCycle	EndCycle	TotalCycle	ComputeCycles	MemoryStalls	WeightLoadCycles	SystolicMemoryStalls	MemoryReads	MemoryWrites	ReadBandwidth	WriteBandwidth	TotalMemoryBandwidth	NumCalculation	NpuUtilization	
layer0.attn.proj	363740	379818	16078	12279	0	0	0	8668288	131328	539139693991	8168180121	547307874113	1073741824	5.337242	
layer0.ffn.rn	391245	400767	9522	1280	0	0	0	4227136	4210688	443933627389	442206259189	886139886578	0	0.000000	
layer0.attn.QKVgen	545174	600196	55022	41087	0	0	0	29418112	131328	534660899276	2386827087	537047726363	3221225472	4.785163	
layer0.attn.res	379818	391245	11427	256	0	0	0	8421376	4210688	736971733613	368485866806	1105457600420	0	0.000000	
layer0.ffn.res	526537	538077	11540	256	0	0	0	8421376	4210688	729755285961	364877642980	1094632928942	0	0.000000	
layer0.ffn.swish	468089	469723	1634	256	0	0	0	1064960	1064960	651750305997	651750305997	1303500611995	0	0.000000	
layer0.ffn.fc1	400767	468089	67322	52073	0	0	0	37823104	131328	561823831734	1950744184	563774575918	4294967296	5.034164	
layer0.ffn.fc2	469723	526537	56814	43353	0	0	0	34671232	131328	610258598232	2311542929	612570141162	4294967296	6.046733	
layer0.attn.rn	538077	545174	7097	1280	0	0	0	4227136	4210688	595622939270	593305340284	1188928279554	0	0.000000	
