OpName	StartCycle	EndCycle	TotalCycle	ComputeCycles	MemoryStalls	WeightLoadCycles	SystolicMemoryStalls	MemoryReads	MemoryWrites	ReadBandwidth	WriteBandwidth	TotalMemoryBandwidth	NumCalculation	NpuUtilization	
layer0.attn.rn	60554	67149	6595	1280	0	0	0	4227136	4210688	640960727824	638466717210	1279427445034	0	0.000000	
layer0.attn.QKVgen	67149	128571	61422	43151	0	0	0	29418112	131328	478950734264	2138126404	481088860668	3221225472	4.556279	
