OpName	StartCycle	EndCycle	TotalCycle	ComputeCycles	MemoryStalls	WeightLoadCycles	SystolicMemoryStalls	MemoryReads	MemoryWrites	ReadBandwidth	WriteBandwidth	TotalMemoryBandwidth	NumCalculation	NpuUtilization	
layer0.attn.res	622624	634482	11858	256	0	0	0	8421376	4210688	710185191431	355092595715	1065277787147	0	0.000000	
layer0.ffn.rn	634482	641945	7463	1280	0	0	0	4227136	4210688	566412434677	564208495243	1130620929920	0	0.000000	
layer0.ffn.swish	708422	710161	1739	256	0	0	0	1064960	1064960	612397929844	612397929844	1224795859689	0	0.000000	
layer0.ffn.fc1	641945	708422	66477	50803	0	0	0	37823104	131328	568965266182	1975540412	570940806594	4294967296	5.160010	
layer0.ffn.fc2	710161	767240	57079	40051	0	0	0	34671232	131328	607425357837	2300811156	609726168993	4294967296	6.545255	
layer0.ffn.res	767240	779154	11914	256	0	0	0	8421376	4210688	706847070673	353423535336	1060270606009	0	0.000000	
layer0.attn.proj	602205	622624	20419	12025	0	0	0	8668288	131328	424520691512	6431656790	430952348303	1073741824	5.449979	
