Stage	total_cycles	pim_cycles	mem_bw_util	
A	12057	0	64.240172	
B	23978	20659	34.815247	
C	55181	18538	59.818031	
D	54104	21090	61.494298	
E	41473	19129	60.914179	
F	38236	0	65.183172	
