Stage	total_cycles	pim_cycles	mem_bw_util	
A	12057	0	64.240172	
B	24736	21211	33.788052	
C	50129	18757	65.829285	
D	54424	20957	61.149837	
E	39512	18733	63.915867	
F	36806	0	67.715692	
