Stage	total_cycles	pim_cycles	mem_bw_util	
A	12057	0	64.240172	
B	25956	21063	32.298168	
C	51765	18781	63.772819	
D	53064	21067	62.766306	
E	39326	18648	64.249161	
F	36174	0	68.898760	
