Stage	total_cycles	pim_cycles	mem_bw_util	
A	12057	0	64.240172	
B	25550	20481	32.566536	
C	55595	18513	59.339419	
D	55956	20542	59.411859	
E	40739	18417	61.966727	
F	37679	0	66.146759	
