OpName	StartCycle	EndCycle	TotalCycle	ComputeCycles	MemoryStalls	WeightLoadCycles	SystolicMemoryStalls	MemoryReads	MemoryWrites	ReadBandwidth	WriteBandwidth	TotalMemoryBandwidth	NumCalculation	NpuUtilization	
layer0.ffn.rn	152009	153278	1269	640	0	0	0	536640	532480	422884160756	419605988967	842490149724	0	0.000000	
layer0.ffn.swish	170028	170675	647	128	0	0	0	532480	532480	822998454404	822998454404	1645996908809	0	0.000000	
layer0.ffn.res	185666	186787	1121	128	0	0	0	1064960	532480	950008920606	475004460303	1425013380909	0	0.000000	
layer0.ffn.fc1	153278	170028	16750	7952	0	0	0	8930624	32832	533171582089	1960119402	535131701492	536870912	4.120724	
layer0.attn.proj	145315	149375	4060	1869	0	0	0	2232896	32832	549974384236	8086699507	558061083743	134217728	4.383093	
layer0.ffn.fc2	170675	185666	14991	7190	0	0	0	8930624	32832	595732372756	2190114068	597922486825	536870912	4.557441	
layer0.attn.res	149375	152009	2634	128	0	0	0	1064960	532480	404312832194	202156416097	606469248291	0	0.000000	
