OpName	StartCycle	EndCycle	TotalCycle	ComputeCycles	MemoryStalls	WeightLoadCycles	SystolicMemoryStalls	MemoryReads	MemoryWrites	ReadBandwidth	WriteBandwidth	TotalMemoryBandwidth	NumCalculation	NpuUtilization	
layer0.attn.rn	78877	79636	759	640	0	0	0	536640	532480	707035573122	701554677206	1408590250329	0	0.000000	
layer0.ffn.swish	62235	63223	988	128	0	0	0	532480	532480	538947368421	538947368421	1077894736842	0	0.000000	
layer0.attn.QKVgen	79636	91212	11576	7071	0	0	0	6829376	32832	589959917069	2836212854	592796129923	402653184	3.475605	
layer0.attn.proj	36032	39754	3722	2631	0	0	0	2232896	32832	599918323481	8821063944	608739387426	134217728	3.113645	
layer0.attn.res	39754	43021	3267	128	0	0	0	1064960	532480	325974900520	162987450260	488962350780	0	0.000000	
layer0.ffn.fc1	43979	62235	18256	6285	0	0	0	8930624	32832	489188431200	1798422436	490986853637	536870912	5.213683	
layer0.ffn.fc2	63223	77483	14260	7698	0	0	0	8930624	32832	626270967741	2302384291	628573352033	536870912	4.256690	
layer0.ffn.rn	43021	43979	958	640	0	0	0	536640	532480	560167014613	555824634655	1115991649269	0	0.000000	
layer0.ffn.res	77483	78877	1394	128	0	0	0	1064960	532480	763959827833	381979913916	1145939741750	0	0.000000	
