OpName	StartCycle	EndCycle	TotalCycle	ComputeCycles	MemoryStalls	WeightLoadCycles	SystolicMemoryStalls	MemoryReads	MemoryWrites	ReadBandwidth	WriteBandwidth	TotalMemoryBandwidth	NumCalculation	NpuUtilization	
layer0.ffn.res	226465	227569	1104	128	0	0	0	1064960	532480	964637681159	482318840579	1446956521739	0	0.000000	
layer0.ffn.rn	194938	195837	899	640	0	0	0	536640	532480	596929922135	592302558398	1189232480533	0	0.000000	
layer0.ffn.fc2	211539	226465	14926	6539	0	0	0	8930624	32832	598326678279	2199651614	600526329894	536870912	5.011164	
layer0.ffn.fc1	195837	210914	15077	6539	0	0	0	8930624	32832	592334284008	2177621542	594511905551	536870912	5.011164	
layer0.attn.proj	189891	193824	3933	2266	0	0	0	2232896	32832	567733536740	8347826086	576081362827	134217728	3.615181	
layer0.ffn.swish	210914	211539	625	128	0	0	0	532480	532480	851968000000	851968000000	1703936000000	0	0.000000	
layer0.attn.res	193824	194938	1114	128	0	0	0	1064960	532480	955978456014	477989228007	1433967684021	0	0.000000	
