OpName	StartCycle	EndCycle	TotalCycle	ComputeCycles	MemoryStalls	WeightLoadCycles	SystolicMemoryStalls	MemoryReads	MemoryWrites	ReadBandwidth	WriteBandwidth	TotalMemoryBandwidth	NumCalculation	NpuUtilization	
layer0.attn.rn	12055	12901	846	640	0	0	0	536640	532480	634326241134	629408983451	1263735224586	0	0.000000	
layer0.attn.QKVgen	12901	25873	12972	7579	0	0	0	6829376	32832	526470551958	2530989824	529001541782	402653184	3.242644	
