OpName	StartCycle	EndCycle	TotalCycle	ComputeCycles	MemoryStalls	WeightLoadCycles	SystolicMemoryStalls	MemoryReads	MemoryWrites	ReadBandwidth	WriteBandwidth	TotalMemoryBandwidth	NumCalculation	NpuUtilization	
layer0.attn.rn	12055	13253	1198	640	0	0	0	536640	532480	447946577629	444474123539	892420701168	0	0.000000	
layer0.attn.QKVgen	13253	25671	12418	6674	0	0	0	6829376	32832	549957803188	2643904010	552601707199	402653184	3.682349	
