OpName	StartCycle	EndCycle	TotalCycle	ComputeCycles	MemoryStalls	WeightLoadCycles	SystolicMemoryStalls	MemoryReads	MemoryWrites	ReadBandwidth	WriteBandwidth	TotalMemoryBandwidth	NumCalculation	NpuUtilization	
layer0.ffn.fc2	118514	132918	14404	6793	0	0	0	8930624	32832	620009997222	2279366842	622289364065	536870912	4.823789	
layer0.ffn.swish	117904	118514	610	128	0	0	0	532480	532480	872918032786	872918032786	1745836065573	0	0.000000	
layer0.attn.QKVgen	135555	145315	9760	5769	0	0	0	6829376	32832	699731147540	3363934426	703095081967	402653184	4.260010	
layer0.ffn.fc1	99302	117904	18602	7952	0	0	0	8930624	32832	480089452747	1764971508	481854424255	536870912	4.120724	
layer0.ffn.res	132918	134022	1104	128	0	0	0	1064960	532480	964637681159	482318840579	1446956521739	0	0.000000	
layer0.attn.res	95017	98399	3382	128	0	0	0	1064960	532480	314890597279	157445298639	472335895919	0	0.000000	
layer0.ffn.rn	98399	99302	903	584	0	0	0	536640	532352	594285714285	589537098560	1183822812846	0	0.000000	
layer0.attn.rn	134022	135555	1533	640	0	0	0	536640	532480	350058708414	347345075016	697403783431	0	0.000000	
layer0.attn.proj	91212	95017	3805	2377	0	0	0	2232896	32832	586832063074	8628646517	595460709592	134217728	3.446361	
