OpName	StartCycle	EndCycle	TotalCycle	ComputeCycles	MemoryStalls	WeightLoadCycles	SystolicMemoryStalls	MemoryReads	MemoryWrites	ReadBandwidth	WriteBandwidth	TotalMemoryBandwidth	NumCalculation	NpuUtilization	
layer0.ffn.res	223164	225022	1858	128	0	0	0	1064960	532480	573175457481	286587728740	859763186221	0	0.000000	
layer0.ffn.rn	191756	192622	866	640	0	0	0	536640	532480	619676674364	614872979214	1234549653579	0	0.000000	
layer0.ffn.fc2	208378	223164	14786	6793	0	0	0	8930624	32832	603991884214	2220478831	606212363046	536870912	4.823789	
layer0.ffn.fc1	192622	207668	15046	6539	0	0	0	8930624	32832	593554698923	2182108201	595736807124	536870912	5.011164	
layer0.attn.proj	186787	190555	3768	2377	0	0	0	2232896	32832	592594479830	8713375796	601307855626	134217728	3.446361	
layer0.ffn.swish	207668	208378	710	128	0	0	0	532480	532480	749971830985	749971830985	1499943661971	0	0.000000	
layer0.attn.res	190555	191756	1201	128	0	0	0	1064960	532480	886727726894	443363863447	1330091590341	0	0.000000	
