OpName	StartCycle	EndCycle	TotalCycle	ComputeCycles	MemoryStalls	WeightLoadCycles	SystolicMemoryStalls	MemoryReads	MemoryWrites	ReadBandwidth	WriteBandwidth	TotalMemoryBandwidth	NumCalculation	NpuUtilization	
layer0.ffn.res	216101	217657	1556	128	0	0	0	1064960	532480	684421593830	342210796915	1026632390745	0	0.000000	
layer0.ffn.rn	185635	186509	874	640	0	0	0	536640	532480	614004576659	609244851258	1223249427917	0	0.000000	
layer0.ffn.fc2	202333	216101	13768	6793	0	0	0	8930624	32832	648650784427	2384660081	651035444509	536870912	4.823789	
layer0.ffn.fc1	186509	201629	15120	7555	0	0	0	8930624	32832	590649735449	2171428571	592821164021	536870912	4.337260	
layer0.attn.proj	180852	184197	3345	2774	0	0	0	2232896	32832	667532436472	9815246636	677347683109	134217728	2.953136	
layer0.ffn.swish	201629	202333	704	128	0	0	0	532480	532480	756363636363	756363636363	1512727272727	0	0.000000	
layer0.attn.res	184197	185635	1438	128	0	0	0	1064960	532480	740584144645	370292072322	1110876216968	0	0.000000	
