OpName	StartCycle	EndCycle	TotalCycle	ComputeCycles	MemoryStalls	WeightLoadCycles	SystolicMemoryStalls	MemoryReads	MemoryWrites	ReadBandwidth	WriteBandwidth	TotalMemoryBandwidth	NumCalculation	NpuUtilization	
layer0.attn.rn	78159	79046	887	640	0	0	0	536640	532480	605005636978	600315670800	1205321307779	0	0.000000	
layer0.ffn.swish	65432	66481	1049	128	0	0	0	532480	532480	507607244995	507607244995	1015214489990	0	0.000000	
layer0.attn.QKVgen	79046	89774	10728	6023	0	0	0	6829376	32832	636593586875	3060402684	639653989560	402653184	4.080359	
layer0.attn.proj	38010	41846	3836	2631	0	0	0	2232896	32832	582089676746	8558915537	590648592283	134217728	3.113645	
layer0.attn.res	41846	43194	1348	128	0	0	0	1064960	532480	790029673590	395014836795	1185044510385	0	0.000000	
layer0.ffn.fc1	44184	65432	21248	6285	0	0	0	8930624	32832	420304216867	1545180722	421849397590	536870912	5.213683	
layer0.ffn.fc2	66481	76887	10406	6793	0	0	0	8930624	32832	858218719969	3155102825	861373822794	536870912	4.823789	
layer0.ffn.rn	43194	44184	990	640	0	0	0	536640	532480	542060606060	537858585858	1079919191919	0	0.000000	
layer0.ffn.res	76887	78159	1272	128	0	0	0	1064960	532480	837232704402	418616352201	1255849056603	0	0.000000	
