OpName	StartCycle	EndCycle	TotalCycle	ComputeCycles	MemoryStalls	WeightLoadCycles	SystolicMemoryStalls	MemoryReads	MemoryWrites	ReadBandwidth	WriteBandwidth	TotalMemoryBandwidth	NumCalculation	NpuUtilization	
layer0.attn.rn	12055	12879	824	640	0	0	0	536640	532480	651262135922	646213592233	1297475728155	0	0.000000	
layer0.attn.QKVgen	12879	26026	13147	7579	0	0	0	6829376	32832	519462691108	2497299764	521959990872	402653184	3.242644	
