OpName	StartCycle	EndCycle	TotalCycle	ComputeCycles	MemoryStalls	WeightLoadCycles	SystolicMemoryStalls	MemoryReads	MemoryWrites	ReadBandwidth	WriteBandwidth	TotalMemoryBandwidth	NumCalculation	NpuUtilization	
layer0.ffn.rn	148171	149435	1264	640	0	0	0	536640	532480	424556962025	421265822784	845822784810	0	0.000000	
layer0.ffn.swish	166518	167171	653	128	0	0	0	532480	532480	815436447166	815436447166	1630872894333	0	0.000000	
layer0.ffn.res	179686	180852	1166	128	0	0	0	1064960	532480	913344768439	456672384219	1370017152658	0	0.000000	
layer0.ffn.fc1	149435	166518	17083	8206	0	0	0	8930624	32832	522778434701	1921910671	524700345372	536870912	3.993176	
layer0.attn.proj	141341	145303	3962	1869	0	0	0	2232896	32832	563577990913	8286723876	571864714790	134217728	4.383093	
layer0.ffn.fc2	167171	179686	12515	6793	0	0	0	8930624	32832	713593607670	2623411905	716217019576	536870912	4.823789	
layer0.attn.res	145303	148171	2868	128	0	0	0	1064960	532480	371324965132	185662482566	556987447698	0	0.000000	
