OpName	StartCycle	EndCycle	TotalCycle	ComputeCycles	MemoryStalls	WeightLoadCycles	SystolicMemoryStalls	MemoryReads	MemoryWrites	ReadBandwidth	WriteBandwidth	TotalMemoryBandwidth	NumCalculation	NpuUtilization	
layer0.attn.rn	12055	13253	1198	640	0	0	0	536640	532480	447946577629	444474123539	892420701168	0	0.000000	
layer0.attn.QKVgen	13253	25240	11987	6420	0	0	0	6829376	32832	569731876199	2738967214	572470843413	402653184	3.828037	
