OpName	StartCycle	EndCycle	TotalCycle	ComputeCycles	MemoryStalls	WeightLoadCycles	SystolicMemoryStalls	MemoryReads	MemoryWrites	ReadBandwidth	WriteBandwidth	TotalMemoryBandwidth	NumCalculation	NpuUtilization	
layer0.ffn.fc2	120870	135506	14636	6793	0	0	0	8930624	32832	610182016944	2243235856	612425252801	536870912	4.823789	
layer0.ffn.swish	120239	120870	631	128	0	0	0	532480	532480	843866877971	843866877971	1687733755942	0	0.000000	
layer0.attn.QKVgen	137766	149153	11387	5769	0	0	0	6829376	32832	599751997892	2883287959	602635285852	402653184	4.260010	
layer0.ffn.fc1	102453	120239	17786	7301	0	0	0	8930624	32832	502115371640	1845946249	503961317890	536870912	4.488152	
layer0.ffn.res	135506	136915	1409	128	0	0	0	1064960	532480	755826827537	377913413768	1133740241305	0	0.000000	
layer0.attn.res	96884	101430	4546	128	0	0	0	1064960	532480	234263088429	117131544214	351394632644	0	0.000000	
layer0.ffn.rn	101430	102453	1023	636	0	0	0	536640	532480	524574780058	520508308895	1045083088954	0	0.000000	
layer0.attn.rn	136915	137766	851	640	0	0	0	536640	532480	630599294947	625710928319	1256310223266	0	0.000000	
layer0.attn.proj	93198	96884	3686	2377	0	0	0	2232896	32832	605777536625	8907216494	614684753119	134217728	3.446361	
