OpName	StartCycle	EndCycle	TotalCycle	ComputeCycles	MemoryStalls	WeightLoadCycles	SystolicMemoryStalls	MemoryReads	MemoryWrites	ReadBandwidth	WriteBandwidth	TotalMemoryBandwidth	NumCalculation	NpuUtilization	
layer0.attn.rn	76592	77946	1354	640	0	0	0	536640	532480	396336779911	393264401772	789601181683	0	0.000000	
layer0.ffn.swish	63891	65205	1314	128	0	0	0	532480	532480	405235920852	405235920852	810471841704	0	0.000000	
layer0.attn.QKVgen	77946	86918	8972	5769	0	0	0	6829376	32832	761187695051	3659384752	764847079803	402653184	4.260010	
layer0.attn.proj	36790	40440	3650	2377	0	0	0	2232896	32832	611752328767	8995068493	620747397260	134217728	3.446361	
layer0.attn.res	40440	42173	1733	128	0	0	0	1064960	532352	614518176572	307185227928	921703404500	0	0.000000	
layer0.ffn.fc1	43751	63891	20140	6285	0	0	0	8930624	32832	443427209533	1630188679	445057398212	536870912	5.213683	
layer0.ffn.fc2	65205	75083	9878	7952	0	0	0	8930624	32832	904092326381	3323749746	907416076128	536870912	4.120724	
layer0.ffn.rn	42173	43751	1578	640	0	0	0	536640	532480	340076045627	337439797211	677515842839	0	0.000000	
layer0.ffn.res	75083	76592	1509	128	0	0	0	1064960	532480	705738899933	352869449966	1058608349900	0	0.000000	
