OpName	StartCycle	EndCycle	TotalCycle	ComputeCycles	MemoryStalls	WeightLoadCycles	SystolicMemoryStalls	MemoryReads	MemoryWrites	ReadBandwidth	WriteBandwidth	TotalMemoryBandwidth	NumCalculation	NpuUtilization	
layer0.ffn.fc2	114541	129161	14620	6793	0	0	0	8930624	32832	610849794801	2245690834	613095485636	536870912	4.823789	
layer0.ffn.swish	113875	114541	666	128	0	0	0	532480	532480	799519519519	799519519519	1599039039039	0	0.000000	
layer0.attn.QKVgen	131662	141341	9679	5769	0	0	0	6829376	32832	705586940799	3392085959	708979026758	402653184	4.260010	
layer0.ffn.fc1	95325	113875	18550	7555	0	0	0	8930624	32832	481435256064	1769919137	483205175202	536870912	4.337260	
layer0.ffn.res	129161	130261	1100	128	0	0	0	1064960	532480	968145454545	484072727272	1452218181818	0	0.000000	
layer0.attn.res	90656	94498	3842	128	0	0	0	1064960	532288	277188964081	138544508068	415733472149	0	0.000000	
layer0.ffn.rn	94498	95325	827	540	0	0	0	536640	532288	648899637243	643637243047	1292536880290	0	0.000000	
layer0.attn.rn	130261	131662	1401	640	0	0	0	536640	532480	383040685224	380071377587	763112062812	0	0.000000	
layer0.attn.proj	86918	90656	3738	2377	0	0	0	2232896	32832	597350454788	8783306581	606133761369	134217728	3.446361	
