OpName	StartCycle	EndCycle	TotalCycle	ComputeCycles	MemoryStalls	WeightLoadCycles	SystolicMemoryStalls	MemoryReads	MemoryWrites	ReadBandwidth	WriteBandwidth	TotalMemoryBandwidth	NumCalculation	NpuUtilization	
layer0.ffn.fc2	117995	132640	14645	7301	0	0	0	8930624	32832	609807033117	2241857289	612048890406	536870912	4.488152	
layer0.ffn.swish	117043	117995	952	128	0	0	0	532480	532480	559327731092	559327731092	1118655462184	0	0.000000	
layer0.attn.QKVgen	135387	142837	7450	6023	0	0	0	6829376	32832	916694765100	4406979865	921101744966	402653184	4.080359	
layer0.ffn.fc1	99111	117043	17932	7047	0	0	0	8930624	32832	498027213919	1830916796	499858130716	536870912	4.649922	
layer0.ffn.res	132640	134195	1555	128	0	0	0	1064960	532480	684861736334	342430868167	1027292604501	0	0.000000	
layer0.attn.res	93782	98167	4385	128	0	0	0	1064960	532416	242864310148	121417559863	364281870011	0	0.000000	
layer0.ffn.rn	98167	99111	944	604	0	0	0	536640	532480	568474576271	564067796610	1132542372881	0	0.000000	
layer0.attn.rn	134195	135387	1192	640	0	0	0	536640	532480	450201342281	446711409395	896912751677	0	0.000000	
layer0.attn.proj	89774	93782	4008	2631	0	0	0	2232896	32832	557109780439	8191616766	565301397205	134217728	3.113645	
