OpName	StartCycle	EndCycle	TotalCycle	ComputeCycles	MemoryStalls	WeightLoadCycles	SystolicMemoryStalls	MemoryReads	MemoryWrites	ReadBandwidth	WriteBandwidth	TotalMemoryBandwidth	NumCalculation	NpuUtilization	
layer0.ffn.res	217062	218335	1273	128	0	0	0	1064960	532480	836575019638	418287509819	1254862529457	0	0.000000	
layer0.ffn.rn	187339	188202	863	640	0	0	0	536640	532480	621830822711	617010428736	1238841251448	0	0.000000	
layer0.ffn.fc2	202893	217062	14169	7555	0	0	0	8930624	32832	630293175241	2317171289	632610346531	536870912	4.337260	
layer0.ffn.fc1	188202	202133	13931	6793	0	0	0	8930624	32832	641061230349	2356758308	643417988658	536870912	4.823789	
layer0.attn.proj	182162	186185	4023	2266	0	0	0	2232896	32832	555032562764	8161073825	563193636589	134217728	3.615181	
layer0.ffn.swish	202133	202893	760	128	0	0	0	532480	532480	700631578947	700631578947	1401263157894	0	0.000000	
layer0.attn.res	186185	187339	1154	128	0	0	0	1064960	532480	922842287694	461421143847	1384263431542	0	0.000000	
