OpName	StartCycle	EndCycle	TotalCycle	ComputeCycles	MemoryStalls	WeightLoadCycles	SystolicMemoryStalls	MemoryReads	MemoryWrites	ReadBandwidth	WriteBandwidth	TotalMemoryBandwidth	NumCalculation	NpuUtilization	
layer0.attn.rn	12055	13258	1203	640	0	0	0	536640	532480	446084788029	442626766417	888711554447	0	0.000000	
layer0.attn.QKVgen	13258	25092	11834	6817	0	0	0	6829376	32832	577097853642	2774378908	579872232550	402653184	3.605105	
