OpName	StartCycle	EndCycle	TotalCycle	ComputeCycles	MemoryStalls	WeightLoadCycles	SystolicMemoryStalls	MemoryReads	MemoryWrites	ReadBandwidth	WriteBandwidth	TotalMemoryBandwidth	NumCalculation	NpuUtilization	
layer0.attn.rn	80778	81589	811	640	0	0	0	536640	532480	661701602959	656572133168	1318273736128	0	0.000000	
layer0.ffn.swish	63512	64205	693	128	0	0	0	532480	532480	768369408369	768369408369	1536738816738	0	0.000000	
layer0.attn.QKVgen	81589	93198	11609	7182	0	0	0	6829376	32832	588282883969	2828150572	591111034542	402653184	3.421888	
layer0.attn.proj	37604	41166	3562	2377	0	0	0	2232896	32832	626865805727	9217293655	636083099382	134217728	3.446361	
layer0.attn.res	41166	42910	1744	128	0	0	0	1064960	532480	610642201834	305321100917	915963302752	0	0.000000	
layer0.ffn.fc1	43970	63512	19542	6285	0	0	0	8930624	32832	456996417971	1680073687	458676491658	536870912	5.213683	
layer0.ffn.fc2	64205	79018	14813	6793	0	0	0	8930624	32832	602890974144	2216431512	605107405657	536870912	4.823789	
layer0.ffn.rn	42910	43970	1060	640	0	0	0	536640	532480	506264150943	502339622641	1008603773584	0	0.000000	
layer0.ffn.res	79018	80778	1760	128	0	0	0	1064960	532480	605090909090	302545454545	907636363636	0	0.000000	
