OpName	StartCycle	EndCycle	TotalCycle	ComputeCycles	MemoryStalls	WeightLoadCycles	SystolicMemoryStalls	MemoryReads	MemoryWrites	ReadBandwidth	WriteBandwidth	TotalMemoryBandwidth	NumCalculation	NpuUtilization	
layer0.ffn.rn	148493	149683	1190	640	0	0	0	536640	532480	450957983193	447462184873	898420168067	0	0.000000	
layer0.ffn.swish	166644	167340	696	128	0	0	0	532480	532480	765057471264	765057471264	1530114942528	0	0.000000	
layer0.ffn.res	180964	182162	1198	128	0	0	0	1064960	532480	888948247078	444474123539	1333422370617	0	0.000000	
layer0.ffn.fc1	149683	166644	16961	7698	0	0	0	8930624	32832	526538765402	1935734921	528474500324	536870912	4.256690	
layer0.attn.proj	142837	146682	3845	2885	0	0	0	2232896	32832	580727178153	8538881664	589266059817	134217728	2.839515	
layer0.ffn.fc2	167340	180964	13624	6793	0	0	0	8930624	32832	655506752789	2409864944	657916617733	536870912	4.823789	
layer0.attn.res	146682	148493	1811	128	0	0	0	1064960	532480	588050800662	294025400331	882076200993	0	0.000000	
