OpName	StartCycle	EndCycle	TotalCycle	ComputeCycles	MemoryStalls	WeightLoadCycles	SystolicMemoryStalls	MemoryReads	MemoryWrites	ReadBandwidth	WriteBandwidth	TotalMemoryBandwidth	NumCalculation	NpuUtilization	
layer0.ffn.rn	155927	157221	1294	640	0	0	0	536640	532480	414714064914	411499227202	826213292117	0	0.000000	
layer0.ffn.swish	173804	174439	635	128	0	0	0	532480	532480	838551181102	838551181102	1677102362204	0	0.000000	
layer0.ffn.res	188688	189891	1203	128	0	0	0	1064960	532480	885253532834	442626766417	1327880299251	0	0.000000	
layer0.ffn.fc1	157221	173804	16583	8460	0	0	0	8930624	32832	538540915395	1979858891	540520774286	536870912	3.873286	
layer0.attn.proj	149153	153417	4264	1869	0	0	0	2232896	32832	523662288930	7699812382	531362101313	134217728	4.383093	
layer0.ffn.fc2	174439	188688	14249	7698	0	0	0	8930624	32832	626754438907	2304161695	629058600603	536870912	4.256690	
layer0.attn.res	153417	155927	2510	128	0	0	0	1064960	532480	424286852589	212143426294	636430278884	0	0.000000	
