Stage	total_cycles	pim_cycles	mem_bw_util	
A	11277	0	61.660348	
B	37398	20231	21.452852	
C	47843	12886	60.909903	
D	50374	21068	59.003405	
E	36212	12605	61.270608	
F	29297	0	74.067097	
