Stage	total_cycles	pim_cycles	mem_bw_util	
A	11277	0	61.660348	
B	37366	18480	21.231367	
C	50152	13303	58.175272	
D	49121	19549	60.325650	
E	38696	13528	57.429224	
F	32849	0	66.058137	
