Stage	total_cycles	pim_cycles	mem_bw_util	
A	11277	0	61.660348	
B	37083	18637	21.390192	
C	52584	14620	55.628138	
D	47619	19842	62.225818	
E	43865	14488	50.833951	
F	27611	0	78.589828	
