Stage	total_cycles	pim_cycles	mem_bw_util	
A	11277	0	61.660348	
B	34216	18177	23.145604	
C	50012	15049	58.572693	
D	46680	19124	63.449550	
E	38801	15448	57.575836	
F	32837	0	66.082278	
