OpName	StartCycle	EndCycle	TotalCycle	ComputeCycles	MemoryStalls	WeightLoadCycles	SystolicMemoryStalls	MemoryReads	MemoryWrites	ReadBandwidth	WriteBandwidth	TotalMemoryBandwidth	NumCalculation	NpuUtilization	
layer0.ffn.rn	196181	196599	418	320	0	0	0	270400	266240	646889952153	636937799043	1283827751196	0	0.000000	
layer0.attn.res	195612	196181	569	64	0	0	0	532480	266240	935817223198	467908611599	1403725834797	0	0.000000	
layer0.ffn.fc2	209636	219476	9840	6793	0	0	0	8668480	16448	880943089430	1671544715	882614634146	268435456	2.411895	
layer0.ffn.res	219476	220032	556	64	0	0	0	532480	266240	957697841726	478848920863	1436546762589	0	0.000000	
layer0.ffn.swish	209120	209636	516	64	0	0	0	266240	266240	515968992248	515968992248	1031937984496	0	0.000000	
layer0.attn.proj	192422	195612	3190	2266	0	0	0	2167360	16448	679423197492	5156112852	684579310344	67108864	1.807590	
layer0.ffn.fc1	196599	209120	12521	7047	0	0	0	8668480	16448	692315310278	1313633096	693628943375	268435456	2.324961	
