OpName	StartCycle	EndCycle	TotalCycle	ComputeCycles	MemoryStalls	WeightLoadCycles	SystolicMemoryStalls	MemoryReads	MemoryWrites	ReadBandwidth	WriteBandwidth	TotalMemoryBandwidth	NumCalculation	NpuUtilization	
layer0.ffn.fc2	168002	182528	14526	7047	0	0	0	8668480	16448	596756161365	1132314470	597888475836	268435456	2.324961	
layer0.ffn.fc1	151900	167634	15734	7047	0	0	0	8668480	16448	550939366975	1045379433	551984746409	268435456	2.324961	
layer0.attn.res	150431	151224	793	64	0	0	0	532480	266240	671475409836	335737704918	1007213114754	0	0.000000	
layer0.ffn.res	182528	183098	570	64	0	0	0	532480	266240	934175438596	467087719298	1401263157894	0	0.000000	
layer0.attn.proj	146887	150431	3544	2520	0	0	0	2167360	16448	611557562076	4641083521	616198645598	67108864	1.625397	
layer0.ffn.rn	151224	151900	676	320	0	0	0	270400	266240	400000000000	393846153846	793846153846	0	0.000000	
layer0.ffn.swish	167634	168002	368	64	0	0	0	266240	266240	723478260869	723478260869	1446956521739	0	0.000000	
