OpName	StartCycle	EndCycle	TotalCycle	ComputeCycles	MemoryStalls	WeightLoadCycles	SystolicMemoryStalls	MemoryReads	MemoryWrites	ReadBandwidth	WriteBandwidth	TotalMemoryBandwidth	NumCalculation	NpuUtilization	
layer0.ffn.fc2	163908	180037	16129	7555	0	0	0	8668480	16448	537446834893	1019778039	538466612933	268435456	2.168630	
layer0.ffn.fc1	147665	163542	15877	7809	0	0	0	8668480	16448	545977199722	1035963973	547013163695	268435456	2.098092	
layer0.attn.res	145976	146826	850	64	0	0	0	532480	266240	626447058823	313223529411	939670588235	0	0.000000	
layer0.ffn.res	180037	180980	943	64	0	0	0	532480	266240	564665959703	282332979851	846998939554	0	0.000000	
layer0.attn.proj	142180	145976	3796	1869	0	0	0	2167360	16448	570958904109	4332982086	575291886195	67108864	2.191546	
layer0.ffn.rn	146826	147665	839	320	0	0	0	270400	266240	322288438617	317330154946	639618593563	0	0.000000	
layer0.ffn.swish	163542	163908	366	64	0	0	0	266240	266112	727431693989	727081967213	1454513661202	0	0.000000	
