OpName	StartCycle	EndCycle	TotalCycle	ComputeCycles	MemoryStalls	WeightLoadCycles	SystolicMemoryStalls	MemoryReads	MemoryWrites	ReadBandwidth	WriteBandwidth	TotalMemoryBandwidth	NumCalculation	NpuUtilization	
layer0.ffn.fc2	122559	138143	15584	7047	0	0	0	8668480	16448	556242299794	1055441478	557297741273	268435456	2.324961	
layer0.attn.QKVgen	140128	148558	8430	6023	0	0	0	6567232	16448	779031079478	1951126927	780982206405	201326592	2.040179	
layer0.attn.proj	100940	104548	3608	2377	0	0	0	2167360	16448	600709534368	4558758314	605268292682	67108864	1.723180	
layer0.attn.rn	139590	140128	538	320	0	0	0	270400	266240	502602230483	494869888475	997472118959	0	0.000000	
layer0.ffn.swish	122068	122559	491	64	0	0	0	266240	266240	542240325865	542240325865	1084480651731	0	0.000000	
layer0.ffn.res	138143	139590	1447	64	0	0	0	532480	266240	367988942639	183994471319	551983413959	0	0.000000	
layer0.ffn.fc1	106644	122068	15424	7047	0	0	0	8668480	16448	562012448132	1066390041	563078838174	268435456	2.324961	
layer0.ffn.rn	105770	106644	874	320	0	0	0	270400	266240	309382151029	304622425629	614004576659	0	0.000000	
layer0.attn.res	104548	105770	1222	64	0	0	0	532480	266240	435744680851	217872340425	653617021276	0	0.000000	
