OpName	StartCycle	EndCycle	TotalCycle	ComputeCycles	MemoryStalls	WeightLoadCycles	SystolicMemoryStalls	MemoryReads	MemoryWrites	ReadBandwidth	WriteBandwidth	TotalMemoryBandwidth	NumCalculation	NpuUtilization	
layer0.attn.QKVgen	87457	95501	8044	5769	0	0	0	6567232	16448	816413724515	2044753853	818458478368	201326592	2.130005	
layer0.ffn.fc1	50711	67720	17009	6793	0	0	0	8668480	16448	509640778411	967017461	510607795872	268435456	2.411895	
layer0.ffn.swish	67720	68161	441	64	0	0	0	266240	266240	603718820861	603718820861	1207437641723	0	0.000000	
layer0.attn.rn	86940	87457	517	320	0	0	0	270400	266240	523017408123	514970986460	1037988394584	0	0.000000	
layer0.ffn.res	86346	86940	594	64	0	0	0	532480	266240	896430976430	448215488215	1344646464646	0	0.000000	
layer0.ffn.rn	49969	50711	742	320	0	0	0	270400	266240	364420485175	358814016172	723234501347	0	0.000000	
layer0.attn.res	49168	49969	801	64	0	0	0	532480	266240	664769038701	332384519350	997153558052	0	0.000000	
layer0.ffn.fc2	68161	86346	18185	7555	0	0	0	8668480	16448	476682980478	904481715	477587462194	268435456	2.168630	
layer0.attn.proj	45490	49168	3678	2631	0	0	0	2167360	16448	589276780859	4471995649	593748776508	67108864	1.556823	
