OpName	StartCycle	EndCycle	TotalCycle	ComputeCycles	MemoryStalls	WeightLoadCycles	SystolicMemoryStalls	MemoryReads	MemoryWrites	ReadBandwidth	WriteBandwidth	TotalMemoryBandwidth	NumCalculation	NpuUtilization	
layer0.ffn.fc2	168235	184521	16286	7809	0	0	0	8668480	16448	532265749723	1009947193	533275696917	268435456	2.098092	
layer0.ffn.fc1	153750	167878	14128	7301	0	0	0	8668480	16448	613567383918	1164212910	614731596828	268435456	2.244076	
layer0.attn.res	151602	152976	1374	64	0	0	0	532480	266240	387540029112	193770014556	581310043668	0	0.000000	
layer0.ffn.res	184521	185339	818	64	0	0	0	532480	266240	650953545232	325476772616	976430317848	0	0.000000	
layer0.attn.proj	147911	151602	3691	2377	0	0	0	2167360	16448	587201300460	4456244920	591657545380	67108864	1.723180	
layer0.ffn.rn	152976	153750	774	320	0	0	0	270400	266240	349354005167	343979328165	693333333333	0	0.000000	
layer0.ffn.swish	167878	168235	357	64	0	0	0	266240	266240	745770308123	745770308123	1491540616246	0	0.000000	
