OpName	StartCycle	EndCycle	TotalCycle	ComputeCycles	MemoryStalls	WeightLoadCycles	SystolicMemoryStalls	MemoryReads	MemoryWrites	ReadBandwidth	WriteBandwidth	TotalMemoryBandwidth	NumCalculation	NpuUtilization	
layer0.ffn.rn	187229	188095	866	320	0	0	0	270400	266240	312240184757	307436489607	619676674364	0	0.000000	
layer0.attn.res	186628	187229	601	64	0	0	0	532480	266240	885990016638	442995008319	1328985024958	0	0.000000	
layer0.ffn.fc2	198266	211622	13356	7047	0	0	0	8668480	16448	649032644504	1231506439	650264150943	268435456	2.324961	
layer0.ffn.res	211622	212394	772	64	0	0	0	532480	266240	689740932642	344870466321	1034611398963	0	0.000000	
layer0.ffn.swish	197941	198266	325	64	0	0	0	266240	266240	819200000000	819200000000	1638400000000	0	0.000000	
layer0.attn.proj	183098	186628	3530	1869	0	0	0	2167360	16448	613983002832	4659490084	618642492917	67108864	2.191546	
layer0.ffn.fc1	188095	197941	9846	7047	0	0	0	8668480	16448	880406256347	1670526101	882076782449	268435456	2.324961	
