OpName	StartCycle	EndCycle	TotalCycle	ComputeCycles	MemoryStalls	WeightLoadCycles	SystolicMemoryStalls	MemoryReads	MemoryWrites	ReadBandwidth	WriteBandwidth	TotalMemoryBandwidth	NumCalculation	NpuUtilization	
layer0.ffn.fc2	113698	129500	15802	7047	0	0	0	8668480	16448	548568535628	1040880901	549609416529	268435456	2.324961	
layer0.attn.QKVgen	131329	142180	10851	6166	0	0	0	6567232	16448	605219058151	1515804994	606734863146	201326592	1.992864	
layer0.attn.proj	95501	99321	3820	2377	0	0	0	2167360	16448	567371727748	4305759162	571677486910	67108864	1.723180	
layer0.attn.rn	130729	131329	600	320	0	0	0	270400	266240	450666666666	443733333333	894400000000	0	0.000000	
layer0.ffn.swish	113032	113698	666	64	0	0	0	266240	266240	399759759759	399759759759	799519519519	0	0.000000	
layer0.ffn.res	129500	130729	1229	64	0	0	0	532480	266240	433262815296	216631407648	649894222945	0	0.000000	
layer0.ffn.fc1	101127	113032	11905	7809	0	0	0	8668480	16448	728137757244	1381604367	729519361612	268435456	2.098092	
layer0.ffn.rn	100339	101127	788	320	0	0	0	270400	266240	343147208121	337868020304	681015228426	0	0.000000	
layer0.attn.res	99321	100339	1018	64	0	0	0	532480	266240	523064833005	261532416502	784597249508	0	0.000000	
