OpName	StartCycle	EndCycle	TotalCycle	ComputeCycles	MemoryStalls	WeightLoadCycles	SystolicMemoryStalls	MemoryReads	MemoryWrites	ReadBandwidth	WriteBandwidth	TotalMemoryBandwidth	NumCalculation	NpuUtilization	
layer0.ffn.rn	184996	185404	408	320	0	0	0	270400	266240	662745098039	652549019607	1315294117647	0	0.000000	
layer0.attn.res	184216	184996	780	64	0	0	0	532480	266240	682666666666	341333333333	1024000000000	0	0.000000	
layer0.ffn.fc2	200234	213246	13012	7444	0	0	0	8668480	16448	666191208115	1264063940	667455272056	268435456	2.200967	
layer0.ffn.res	213246	213816	570	64	0	0	0	532480	266240	934175438596	467087719298	1401263157894	0	0.000000	
layer0.ffn.swish	199897	200234	337	64	0	0	0	266240	266240	790029673590	790029673590	1580059347181	0	0.000000	
layer0.attn.proj	180980	184216	3236	2123	0	0	0	2167360	16448	669765142150	5082818294	674847960444	67108864	1.929345	
layer0.ffn.fc1	185404	199897	14493	6539	0	0	0	8668480	16448	598114952045	1134892706	599249844752	268435456	2.505582	
