OpName	StartCycle	EndCycle	TotalCycle	ComputeCycles	MemoryStalls	WeightLoadCycles	SystolicMemoryStalls	MemoryReads	MemoryWrites	ReadBandwidth	WriteBandwidth	TotalMemoryBandwidth	NumCalculation	NpuUtilization	
layer0.attn.QKVgen	88115	96514	8399	5515	0	0	0	6567232	16448	781906417430	1958328372	783864745803	201326592	2.228105	
layer0.ffn.fc1	54461	70809	16348	7301	0	0	0	8668480	16448	530247125030	1006116956	531253241986	268435456	2.244076	
layer0.ffn.swish	70809	71899	1090	64	0	0	0	266240	266240	244256880733	244256880733	488513761467	0	0.000000	
layer0.attn.rn	87485	88115	630	320	0	0	0	270400	266240	429206349206	422603174603	851809523809	0	0.000000	
layer0.ffn.res	86713	87485	772	64	0	0	0	532480	266240	689740932642	344870466321	1034611398963	0	0.000000	
layer0.ffn.rn	53820	54461	641	320	0	0	0	270400	266240	421840873634	415351014040	837191887675	0	0.000000	
layer0.attn.res	52669	53820	1151	64	0	0	0	532480	266240	462623805386	231311902693	693935708079	0	0.000000	
layer0.ffn.fc2	71899	86713	14814	6793	0	0	0	8668480	16448	585154583502	1110301066	586264884568	268435456	2.411895	
layer0.attn.proj	48672	52669	3997	2377	0	0	0	2167360	16448	542246685013	4115086314	546361771328	67108864	1.723180	
