OpName	StartCycle	EndCycle	TotalCycle	ComputeCycles	MemoryStalls	WeightLoadCycles	SystolicMemoryStalls	MemoryReads	MemoryWrites	ReadBandwidth	WriteBandwidth	TotalMemoryBandwidth	NumCalculation	NpuUtilization	
layer0.ffn.fc2	118859	133501	14642	7444	0	0	0	8668480	16448	592028411419	1123343805	593151755224	268435456	2.200967	
layer0.attn.QKVgen	137412	147911	10499	5769	0	0	0	6567232	16448	625510239070	1566625392	627076864463	201326592	2.130005	
layer0.attn.proj	98791	102146	3355	2631	0	0	0	2167360	16448	646008941877	4902533532	650911475409	67108864	1.556823	
layer0.attn.rn	136297	137412	1115	320	0	0	0	270400	266240	242511210762	238780269058	481291479820	0	0.000000	
layer0.ffn.swish	118280	118859	579	64	0	0	0	266240	266240	459827288428	459827288428	919654576856	0	0.000000	
layer0.ffn.res	133501	136297	2796	64	0	0	0	532480	266240	190443490701	95221745350	285665236051	0	0.000000	
layer0.ffn.fc1	104194	118280	14086	7047	0	0	0	8668480	16448	615396847934	1167684225	616564532159	268435456	2.324961	
layer0.ffn.rn	103120	104194	1074	320	0	0	0	270400	266240	251769087523	247895716945	499664804469	0	0.000000	
layer0.attn.res	102146	103120	974	64	0	0	0	532480	266240	546694045174	273347022587	820041067761	0	0.000000	
