OpName	StartCycle	EndCycle	TotalCycle	ComputeCycles	MemoryStalls	WeightLoadCycles	SystolicMemoryStalls	MemoryReads	MemoryWrites	ReadBandwidth	WriteBandwidth	TotalMemoryBandwidth	NumCalculation	NpuUtilization	
layer0.attn.QKVgen	88748	100940	12192	5658	0	0	0	6567232	16448	538650918635	1349081364	540000000000	201326592	2.171792	
layer0.ffn.fc1	54310	70656	16346	7047	0	0	0	8668480	16448	530312002936	1006240058	531318242995	268435456	2.324961	
layer0.ffn.swish	70656	71191	535	64	0	0	0	266240	266240	497644859813	497644859813	995289719626	0	0.000000	
layer0.attn.rn	87721	88748	1027	320	0	0	0	270400	266240	263291139240	259240506329	522531645569	0	0.000000	
layer0.ffn.res	86792	87721	929	64	0	0	0	532480	266240	573175457481	286587728740	859763186221	0	0.000000	
layer0.ffn.rn	53572	54310	738	320	0	0	0	270400	266240	366395663956	360758807588	727154471544	0	0.000000	
layer0.attn.res	52400	53572	1172	64	0	0	0	532480	266176	454334470989	227112627986	681447098976	0	0.000000	
layer0.ffn.fc2	71191	86792	15601	6793	0	0	0	8668480	16448	555636177168	1054291391	556690468559	268435456	2.411895	
layer0.attn.proj	48357	52400	4043	2123	0	0	0	2167360	16448	536077170418	4068266139	540145436557	67108864	1.929345	
