OpName	StartCycle	EndCycle	TotalCycle	ComputeCycles	MemoryStalls	WeightLoadCycles	SystolicMemoryStalls	MemoryReads	MemoryWrites	ReadBandwidth	WriteBandwidth	TotalMemoryBandwidth	NumCalculation	NpuUtilization	
layer0.attn.QKVgen	87781	98791	11010	5769	0	0	0	6567232	16448	596478837420	1493914623	597972752043	201326592	2.130005	
layer0.ffn.fc1	54394	69180	14786	7301	0	0	0	8668480	16448	586262680914	1112403625	587375084539	268435456	2.244076	
layer0.ffn.swish	69180	69645	465	64	0	0	0	266240	266240	572559139784	572559139784	1145118279569	0	0.000000	
layer0.attn.rn	87228	87781	553	320	0	0	0	270400	266240	488969258589	481446654611	970415913200	0	0.000000	
layer0.ffn.res	85990	87228	1238	64	0	0	0	532480	266240	430113085621	215056542810	645169628432	0	0.000000	
layer0.ffn.rn	53590	54394	804	320	0	0	0	270400	266240	336318407960	331144278606	667462686567	0	0.000000	
layer0.attn.res	52454	53590	1136	64	0	0	0	532480	266240	468732394366	234366197183	703098591549	0	0.000000	
layer0.ffn.fc2	69645	85990	16345	8968	0	0	0	8668480	16448	530344447843	1006301621	531350749464	268435456	1.826940	
layer0.attn.proj	48640	52454	3814	2123	0	0	0	2167360	16448	568264289459	4312532773	572576822233	67108864	1.929345	
