OpName	StartCycle	EndCycle	TotalCycle	ComputeCycles	MemoryStalls	WeightLoadCycles	SystolicMemoryStalls	MemoryReads	MemoryWrites	ReadBandwidth	WriteBandwidth	TotalMemoryBandwidth	NumCalculation	NpuUtilization	
layer0.ffn.fc2	170811	187150	16339	6539	0	0	0	8668480	16448	530539200685	1006671154	531545871840	268435456	2.505582	
layer0.ffn.fc1	155021	170322	15301	7555	0	0	0	8668480	16448	566530292137	1074962420	567605254558	268435456	2.168630	
layer0.attn.res	152877	153857	980	64	0	0	0	532480	266240	543346938775	271673469387	815020408163	0	0.000000	
layer0.ffn.res	187150	187847	697	64	0	0	0	532480	266240	763959827833	381979913916	1145939741750	0	0.000000	
layer0.attn.proj	148558	152877	4319	2885	0	0	0	2167360	16448	501819865709	3808288955	505628154665	67108864	1.419757	
layer0.ffn.rn	153857	155021	1164	320	0	0	0	270400	266240	232302405498	228728522336	461030927835	0	0.000000	
layer0.ffn.swish	170322	170811	489	64	0	0	0	266240	266240	544458077709	544458077709	1088916155419	0	0.000000	
