OpName	StartCycle	EndCycle	TotalCycle	ComputeCycles	MemoryStalls	WeightLoadCycles	SystolicMemoryStalls	MemoryReads	MemoryWrites	ReadBandwidth	WriteBandwidth	TotalMemoryBandwidth	NumCalculation	NpuUtilization	
layer0.ffn.rn	190404	190843	439	320	0	0	0	270400	266240	615945330296	606469248291	1222414578587	0	0.000000	
layer0.attn.res	189616	190404	788	64	0	0	0	532480	266240	675736040609	337868020304	1013604060913	0	0.000000	
layer0.ffn.fc2	205538	218851	13313	7047	0	0	0	8668480	16448	651128971681	1235484113	652364455795	268435456	2.324961	
layer0.ffn.res	218851	219454	603	64	0	0	0	532480	266240	883051409618	441525704809	1324577114427	0	0.000000	
layer0.ffn.swish	205161	205538	377	64	0	0	0	266240	266240	706206896551	706206896551	1412413793103	0	0.000000	
layer0.attn.proj	186606	189616	3010	2631	0	0	0	2167360	16448	720053156146	5464451827	725517607973	67108864	1.556823	
layer0.ffn.fc1	190843	205161	14318	7301	0	0	0	8668480	16448	605425338734	1148763793	606574102528	268435456	2.244076	
