OpName	StartCycle	EndCycle	TotalCycle	ComputeCycles	MemoryStalls	WeightLoadCycles	SystolicMemoryStalls	MemoryReads	MemoryWrites	ReadBandwidth	WriteBandwidth	TotalMemoryBandwidth	NumCalculation	NpuUtilization	
layer0.ffn.fc2	118228	134282	16054	8317	0	0	0	8668480	16448	539957642955	1024542170	540982185125	268435456	1.969941	
layer0.attn.QKVgen	136121	146887	10766	5769	0	0	0	6567232	16448	609997399219	1527772617	611525171837	201326592	2.130005	
layer0.attn.proj	96514	100126	3612	2774	0	0	0	2167360	16448	600044296788	4553709856	604598006644	67108864	1.476568	
layer0.attn.rn	135661	136121	460	320	0	0	0	270400	266240	587826086956	578782608695	1166608695652	0	0.000000	
layer0.ffn.swish	117774	118228	454	64	0	0	0	266240	266176	586431718061	586290748898	1172722466960	0	0.000000	
layer0.ffn.res	134282	135661	1379	64	0	0	0	532480	266240	386134880348	193067440174	579202320522	0	0.000000	
layer0.ffn.fc1	102285	117774	15489	6793	0	0	0	8668480	16448	559653947963	1061914907	560715862870	268435456	2.411895	
layer0.ffn.rn	100995	102285	1290	320	0	0	0	270400	266240	209612403100	206387596899	416000000000	0	0.000000	
layer0.attn.res	100126	100995	869	64	0	0	0	532480	266240	612750287686	306375143843	919125431530	0	0.000000	
