Stage	total_cycles	pim_cycles	mem_bw_util	
A	34260	0	54.375182	
B	216269	185981	12.630278	
C	159005	76694	50.539842	
D	230852	195063	37.495831	
E	140695	76854	43.900769	
F	91606	0	64.687016	
