Stage	total_cycles	pim_cycles	mem_bw_util	
A	34260	0	54.375182	
B	226872	195686	12.243413	
C	155195	73572	51.723437	
D	238466	203521	36.497446	
E	126428	73729	48.757593	
F	93361	0	63.471029	
