Stage	total_cycles	pim_cycles	mem_bw_util	
A	34260	0	54.375182	
B	217562	180390	12.390836	
C	158489	84634	51.033707	
D	229794	188496	37.518087	
E	146566	83868	42.474679	
F	92447	0	64.098551	
