Stage	total_cycles	pim_cycles	mem_bw_util	
A	34260	0	54.375182	
B	222398	185993	12.274447	
C	145204	72339	55.263199	
D	237139	193980	36.500112	
E	112607	72324	54.716847	
F	92518	0	64.049361	
