OpName	StartCycle	EndCycle	TotalCycle	ComputeCycles	MemoryStalls	WeightLoadCycles	SystolicMemoryStalls	MemoryReads	MemoryWrites	ReadBandwidth	WriteBandwidth	TotalMemoryBandwidth	NumCalculation	NpuUtilization	
layer0.attn.res	795135	799542	4407	256	0	0	0	4227072	2113536	959172226004	479586113002	1438758339006	0	0.000000	
layer0.ffn.rn	799542	804495	4953	1280	0	0	0	2121792	2113536	428385221078	426718352513	855103573591	0	0.000000	
layer0.ffn.fc1	804495	840705	36210	25727	0	0	0	18911872	131328	522283126208	3626843413	525909969621	2147483648	5.094725	
layer0.attn.proj	786665	795135	8470	5389	0	0	0	4465792	131328	527248170011	15505076741	542753246753	536870912	6.080534	
layer0.ffn.swish	840705	842302	1597	256	0	0	0	1064960	1064960	666850344395	666850344395	1333700688791	0	0.000000	
layer0.ffn.fc2	842302	874557	32255	23667	0	0	0	17861248	131328	553751294372	4071554797	557822849170	2147483648	5.538176	
layer0.ffn.res	874557	879111	4554	256	0	0	0	4227072	2113536	928210803689	464105401844	1392316205533	0	0.000000	
