OpName	StartCycle	EndCycle	TotalCycle	ComputeCycles	MemoryStalls	WeightLoadCycles	SystolicMemoryStalls	MemoryReads	MemoryWrites	ReadBandwidth	WriteBandwidth	TotalMemoryBandwidth	NumCalculation	NpuUtilization	
layer0.attn.res	788941	793241	4300	256	0	0	0	4227072	2113536	983040000000	491520000000	1474560000000	0	0.000000	
layer0.ffn.rn	793241	798852	5611	1280	0	0	0	2121792	2113536	378148636606	376677241133	754825877740	0	0.000000	
layer0.ffn.fc1	798852	835210	36358	26235	0	0	0	18911872	131328	520157104351	3612079872	523769184223	2147483648	4.996074	
layer0.attn.proj	781215	788941	7726	6151	0	0	0	4465792	131328	578021227025	16998187936	595019414962	536870912	5.327264	
layer0.ffn.swish	835210	836658	1448	256	0	0	0	1064960	1064960	735469613259	735469613259	1470939226519	0	0.000000	
layer0.ffn.fc2	836658	869817	33159	23667	0	0	0	17861248	131328	538654603576	3960553695	542615157272	2147483648	5.538176	
layer0.ffn.res	869817	874575	4758	256	0	0	0	4227072	2113536	888413619167	444206809583	1332620428751	0	0.000000	
