OpName	StartCycle	EndCycle	TotalCycle	ComputeCycles	MemoryStalls	WeightLoadCycles	SystolicMemoryStalls	MemoryReads	MemoryWrites	ReadBandwidth	WriteBandwidth	TotalMemoryBandwidth	NumCalculation	NpuUtilization	
layer0.attn.res	788734	794711	5977	256	0	0	0	4227072	2113536	707223021582	353611510791	1060834532374	0	0.000000	
layer0.ffn.rn	794711	797840	3129	1280	0	0	0	2121792	2113536	678105465004	675466922339	1353572387344	0	0.000000	
layer0.ffn.fc1	797840	833547	35707	25981	0	0	0	18911872	131328	529640462654	3677934298	533318396952	2147483648	5.044917	
layer0.attn.proj	781075	788734	7659	6151	0	0	0	4465792	131328	583077686382	17146886016	600224572398	536870912	5.327264	
layer0.ffn.swish	833547	835158	1611	256	0	0	0	1064960	1064960	661055245189	661055245189	1322110490378	0	0.000000	
layer0.ffn.fc2	835158	867583	32425	23667	0	0	0	17861248	131328	550848049344	4050208172	554898257517	2147483648	5.538176	
layer0.ffn.res	867583	872680	5097	256	0	0	0	4227072	2113536	829325485579	414662742789	1243988228369	0	0.000000	
