OpName	StartCycle	EndCycle	TotalCycle	ComputeCycles	MemoryStalls	WeightLoadCycles	SystolicMemoryStalls	MemoryReads	MemoryWrites	ReadBandwidth	WriteBandwidth	TotalMemoryBandwidth	NumCalculation	NpuUtilization	
layer0.attn.res	759278	763838	4560	256	0	0	0	4227072	2113536	926989473684	463494736842	1390484210526	0	0.000000	
layer0.ffn.rn	763838	768763	4925	1280	0	0	0	2121792	2113536	430820710659	429144365482	859965076142	0	0.000000	
layer0.ffn.fc1	768763	805288	36525	27537	0	0	0	18911872	131328	517778836413	3595564681	521374401095	2147483648	4.759850	
layer0.attn.proj	751602	759278	7676	6151	0	0	0	4465792	131328	581786347055	17108910891	598895257946	536870912	5.327264	
layer0.ffn.swish	805288	806832	1544	256	0	0	0	1064960	1064960	689740932642	689740932642	1379481865284	0	0.000000	
layer0.ffn.fc2	806832	838377	31545	23413	0	0	0	17861248	131328	566214867649	4163195435	570378063084	2147483648	5.598257	
layer0.ffn.res	838377	844119	5742	256	0	0	0	4227072	2113536	736167189132	368083594566	1104250783699	0	0.000000	
