OpName	StartCycle	EndCycle	TotalCycle	ComputeCycles	MemoryStalls	WeightLoadCycles	SystolicMemoryStalls	MemoryReads	MemoryWrites	ReadBandwidth	WriteBandwidth	TotalMemoryBandwidth	NumCalculation	NpuUtilization	
layer0.ffn.fc1	422954	465420	42466	27902	0	0	0	18911872	131328	445341496726	3092544623	448434041350	2147483648	4.697584	
layer0.ffn.swish	465420	467494	2074	256	0	0	0	1064960	1064960	513481195756	513481195756	1026962391513	0	0.000000	
layer0.attn.res	411043	418145	7102	256	0	0	0	4227072	2113536	595194593072	297597296536	892791889608	0	0.000000	
layer0.attn.rn	511998	518009	6011	1100	0	0	0	2121792	2113472	352984861088	351600731991	704585593079	0	0.000000	
layer0.attn.QKVgen	518009	553177	35168	21631	0	0	0	14709376	131328	418260236578	3734303912	421994540491	1610612736	4.544589	
layer0.ffn.rn	418145	422954	4809	1280	0	0	0	2121792	2113536	441212726138	439495945102	880708671241	0	0.000000	
layer0.ffn.res	505045	511998	6953	256	0	0	0	4227072	2113536	607949374370	303974687185	911924061556	0	0.000000	
layer0.attn.proj	401858	411043	9185	6913	0	0	0	4465792	131328	486204899292	14298094719	500502994011	536870912	4.740055	
layer0.ffn.fc2	467494	505045	37551	24683	0	0	0	17861248	131328	475653058507	3497323639	479150382146	2147483648	5.310214	
