OpName	StartCycle	EndCycle	TotalCycle	ComputeCycles	MemoryStalls	WeightLoadCycles	SystolicMemoryStalls	MemoryReads	MemoryWrites	ReadBandwidth	WriteBandwidth	TotalMemoryBandwidth	NumCalculation	NpuUtilization	
layer0.ffn.swish	714026	716116	2090	256	0	0	0	1064960	1064960	509550239234	509550239234	1019100478468	0	0.000000	
layer0.ffn.fc1	676384	714026	37642	26743	0	0	0	18911872	131328	502414111896	3488868816	505902980713	2147483648	4.901170	
layer0.ffn.fc2	716116	757400	41284	25477	0	0	0	17861248	131328	432643348512	3181087103	435824435616	2147483648	5.144719	
layer0.ffn.res	757400	765570	8170	256	0	0	0	4227072	2113536	517389473684	258694736842	776084210526	0	0.000000	
layer0.ffn.rn	670063	676384	6321	1280	0	0	0	2121792	2113536	335673469387	334367346938	670040816326	0	0.000000	
layer0.attn.res	664127	670063	5936	256	0	0	0	4227072	2113536	712107816711	356053908355	1068161725067	0	0.000000	
layer0.attn.proj	654788	664127	9339	6659	0	0	0	4465792	131328	478187386229	14062319306	492249705535	536870912	4.920859	
