OpName	StartCycle	EndCycle	TotalCycle	ComputeCycles	MemoryStalls	WeightLoadCycles	SystolicMemoryStalls	MemoryReads	MemoryWrites	ReadBandwidth	WriteBandwidth	TotalMemoryBandwidth	NumCalculation	NpuUtilization	
layer0.attn.rn	360768	379160	18392	1280	0	0	0	2121792	2113536	115364941278	114916050456	230280991735	0	0.000000	
layer0.ffn.rn	266623	272495	5872	1274	0	0	0	2121792	2113536	361340599455	359934604904	721275204359	0	0.000000	
layer0.ffn.res	353942	360768	6826	256	0	0	0	4227072	2111232	619260474655	309292704365	928553179021	0	0.000000	
layer0.attn.proj	250526	260553	10027	6405	0	0	0	4465792	131328	445376682956	13097436920	458474119876	536870912	5.116003	
layer0.attn.res	260553	266623	6070	256	0	0	0	4227072	2113536	696387479406	348193739703	1044581219110	0	0.000000	
layer0.ffn.swish	311778	313491	1713	256	0	0	0	1064960	1064960	621692936368	621692936368	1243385872737	0	0.000000	
layer0.ffn.fc2	313491	353942	40451	23667	0	0	0	17861248	131328	441552693382	3246594645	444799288027	2147483648	5.538176	
layer0.ffn.fc1	272495	311778	39283	27648	0	0	0	18911872	131328	481426367639	3343125525	484769493164	2147483648	4.740741	
layer0.attn.QKVgen	379160	409530	30370	21663	0	0	0	14680576	131328	483390714520	4324267369	487714981890	1610612736	4.537876	
