OpName	StartCycle	EndCycle	TotalCycle	ComputeCycles	MemoryStalls	WeightLoadCycles	SystolicMemoryStalls	MemoryReads	MemoryWrites	ReadBandwidth	WriteBandwidth	TotalMemoryBandwidth	NumCalculation	NpuUtilization	
layer0.ffn.fc1	437387	479732	42345	27029	0	0	0	18911872	131328	446614051245	3101381509	449715432754	2147483648	4.849310	
layer0.ffn.swish	479732	481967	2235	256	0	0	0	1064960	1064960	476492170022	476492170022	952984340044	0	0.000000	
layer0.attn.res	425700	432117	6417	256	0	0	0	4227072	2113536	658730247779	329365123889	988095371669	0	0.000000	
layer0.attn.rn	526188	532531	6343	880	0	0	0	2121792	2113472	334509222765	333197540595	667706763361	0	0.000000	
layer0.attn.QKVgen	532531	568508	35977	23298	0	0	0	14709376	131328	408854990688	3650332156	412505322845	1610612736	4.219418	
layer0.ffn.rn	432117	437387	5270	1280	0	0	0	2121792	2113536	402617077798	401050474383	803667552182	0	0.000000	
layer0.ffn.res	519815	526188	6373	256	0	0	0	4227072	2113536	663278204927	331639102463	994917307390	0	0.000000	
layer0.attn.proj	416323	425700	9377	6913	0	0	0	4465792	131328	476249546763	14005332195	490254878959	536870912	4.740055	
layer0.ffn.fc2	481967	519815	37848	24429	0	0	0	17861248	131328	471920524202	3469879518	475390403720	2147483648	5.365426	
