OpName	StartCycle	EndCycle	TotalCycle	ComputeCycles	MemoryStalls	WeightLoadCycles	SystolicMemoryStalls	MemoryReads	MemoryWrites	ReadBandwidth	WriteBandwidth	TotalMemoryBandwidth	NumCalculation	NpuUtilization	
layer0.ffn.swish	701071	702761	1690	256	0	0	0	1064960	1064960	630153846153	630153846153	1260307692307	0	0.000000	
layer0.ffn.fc1	660944	701071	40127	27394	0	0	0	18911872	131328	471300421162	3272808831	474573229994	2147483648	4.784697	
layer0.ffn.fc2	702761	739559	36798	23159	0	0	0	17861248	131328	485386379694	3568889613	488955269308	2147483648	5.659657	
layer0.ffn.res	739559	746453	6894	256	0	0	0	4227072	2113536	613152306353	306576153176	919728459530	0	0.000000	
layer0.ffn.rn	656663	660944	4281	1280	0	0	0	2121792	2113536	495629992992	493701471618	989331464611	0	0.000000	
layer0.attn.res	649236	656663	7427	256	0	0	0	4227072	2113536	569149320048	284574660024	853723980072	0	0.000000	
layer0.attn.proj	640381	649236	8855	6405	0	0	0	4465792	131328	504324336533	14830942970	519155279503	536870912	5.116003	
