OpName	StartCycle	EndCycle	TotalCycle	ComputeCycles	MemoryStalls	WeightLoadCycles	SystolicMemoryStalls	MemoryReads	MemoryWrites	ReadBandwidth	WriteBandwidth	TotalMemoryBandwidth	NumCalculation	NpuUtilization	
layer0.ffn.fc1	431015	472523	41508	27648	0	0	0	18911872	131328	455619928688	3163920208	458783848896	2147483648	4.740741	
layer0.ffn.swish	472523	474943	2420	256	0	0	0	1064960	1064960	440066115702	440066115702	880132231404	0	0.000000	
layer0.attn.res	418946	424906	5960	256	0	0	0	4227072	2113536	709240268456	354620134228	1063860402684	0	0.000000	
layer0.attn.rn	515850	521811	5961	1280	0	0	0	2121792	2113536	355945646703	354560644187	710506290890	0	0.000000	
layer0.attn.QKVgen	521811	558748	36937	23552	0	0	0	14709376	131328	398228767902	3555459295	401784227197	1610612736	4.173913	
layer0.ffn.rn	424906	431015	6109	1280	0	0	0	2121792	2113536	347322311343	345970862661	693293174005	0	0.000000	
layer0.ffn.res	509862	515850	5988	256	0	0	0	4227072	2113536	705923847695	352961923847	1058885771543	0	0.000000	
layer0.attn.proj	409530	418946	9416	6294	0	0	0	4465792	131328	474276975361	13947323704	488224299065	536870912	5.206228	
layer0.ffn.fc2	474943	509862	34919	23159	0	0	0	17861248	131328	511505140467	3760932443	515266072911	2147483648	5.659657	
