OpName	StartCycle	EndCycle	TotalCycle	ComputeCycles	MemoryStalls	WeightLoadCycles	SystolicMemoryStalls	MemoryReads	MemoryWrites	ReadBandwidth	WriteBandwidth	TotalMemoryBandwidth	NumCalculation	NpuUtilization	
layer0.attn.QKVgen	37296	72730	35434	23298	0	0	0	14709376	131328	415120392843	3706270813	418826663656	1610612736	4.219418	
layer0.attn.rn	34258	37296	3038	1280	0	0	0	2121792	2113536	698417379855	695699802501	1394117182356	0	0.000000	
