OpName	StartCycle	EndCycle	TotalCycle	ComputeCycles	MemoryStalls	WeightLoadCycles	SystolicMemoryStalls	MemoryReads	MemoryWrites	ReadBandwidth	WriteBandwidth	TotalMemoryBandwidth	NumCalculation	NpuUtilization	
layer0.attn.rn	370839	387394	16555	1280	0	0	0	2121792	2113536	128166233766	127667532467	255833766233	0	0.000000	
layer0.ffn.rn	277747	282087	4340	1280	0	0	0	2121792	2113536	488892165898	486989861751	975882027649	0	0.000000	
layer0.ffn.res	363025	370839	7814	256	0	0	0	4227072	2113536	540961351420	270480675710	811442027130	0	0.000000	
layer0.attn.proj	261129	270235	9106	6659	0	0	0	4465792	131328	490423017790	14422139248	504845157039	536870912	4.920859	
layer0.attn.res	270235	277747	7512	256	0	0	0	4227072	2113536	562709265175	281354632587	844063897763	0	0.000000	
layer0.ffn.swish	320694	324065	3371	256	0	0	0	1064960	1064960	315918125185	315918125185	631836250370	0	0.000000	
layer0.ffn.fc2	324065	363025	38960	23413	0	0	0	17861248	131328	458450924024	3370841889	461821765913	2147483648	5.598257	
layer0.ffn.fc1	282087	320694	38607	26743	0	0	0	18911872	131328	489856036470	3401662910	493257699380	2147483648	4.901170	
layer0.attn.QKVgen	387394	416323	28929	21631	0	0	0	14709376	131328	508464723979	4539666079	513004390058	1610612736	4.544589	
