OpName	StartCycle	EndCycle	TotalCycle	ComputeCycles	MemoryStalls	WeightLoadCycles	SystolicMemoryStalls	MemoryReads	MemoryWrites	ReadBandwidth	WriteBandwidth	TotalMemoryBandwidth	NumCalculation	NpuUtilization	
layer0.ffn.fc1	431744	473741	41997	26632	0	0	0	18911872	131328	450314832011	3127080505	453441912517	2147483648	4.921598	
layer0.ffn.swish	473741	475709	1968	256	0	0	0	1064960	1064960	541138211382	541138211382	1082276422764	0	0.000000	
layer0.attn.res	419594	426043	6449	256	0	0	0	4227072	2113536	655461621956	327730810978	983192432935	0	0.000000	
layer0.attn.rn	518501	524211	5710	1120	0	0	0	2121792	2113408	371592294220	370123992994	741716287215	0	0.000000	
layer0.attn.QKVgen	524211	562606	38395	21377	0	0	0	14709376	131328	383106550332	3420445370	386526995702	1610612736	4.598587	
layer0.ffn.rn	426043	431744	5701	1280	0	0	0	2121792	2113536	372178915979	370730748991	742909664971	0	0.000000	
layer0.ffn.res	512703	518501	5798	256	0	0	0	4227072	2113536	729056916177	364528458088	1093585374266	0	0.000000	
layer0.attn.proj	410307	419594	9287	7167	0	0	0	4465792	131328	480864864864	14141057392	495005922256	536870912	4.572066	
layer0.ffn.fc2	475709	512703	36994	22905	0	0	0	17861248	131328	482814726712	3549981078	486364707790	2147483648	5.722419	
