OpName	StartCycle	EndCycle	TotalCycle	ComputeCycles	MemoryStalls	WeightLoadCycles	SystolicMemoryStalls	MemoryReads	MemoryWrites	ReadBandwidth	WriteBandwidth	TotalMemoryBandwidth	NumCalculation	NpuUtilization	
layer0.attn.rn	357687	376051	18364	1280	0	0	0	2121792	2113536	115540840775	115091265519	230632106294	0	0.000000	
layer0.ffn.rn	266619	272951	6332	1280	0	0	0	2121792	2113536	335090334807	333786481364	668876816171	0	0.000000	
layer0.ffn.res	350145	357687	7542	256	0	0	0	4227072	2113536	560470962609	280235481304	840706443914	0	0.000000	
layer0.attn.proj	251819	260639	8820	6802	0	0	0	4465792	131328	506325623582	14889795918	521215419501	536870912	4.817407	
layer0.attn.res	260639	266619	5980	256	0	0	0	4227072	2113536	706868227424	353434113712	1060302341137	0	0.000000	
layer0.ffn.swish	312691	314935	2244	256	0	0	0	1064960	1064960	474581105169	474581105169	949162210338	0	0.000000	
layer0.ffn.fc2	314935	350145	35210	24175	0	0	0	17861248	131328	507277705197	3729849474	511007554671	2147483648	5.421799	
layer0.ffn.fc1	272951	312691	39740	26743	0	0	0	18911872	131328	475890085556	3304680422	479194765978	2147483648	4.901170	
layer0.attn.QKVgen	376051	410307	34256	22282	0	0	0	14709376	131328	429395609528	3833722559	433229332087	1610612736	4.411812	
