OpName	StartCycle	EndCycle	TotalCycle	ComputeCycles	MemoryStalls	WeightLoadCycles	SystolicMemoryStalls	MemoryReads	MemoryWrites	ReadBandwidth	WriteBandwidth	TotalMemoryBandwidth	NumCalculation	NpuUtilization	
layer0.ffn.swish	699337	702006	2669	256	0	0	0	1064960	1064960	399010865492	399010865492	798021730985	0	0.000000	
layer0.ffn.fc1	660378	699337	38959	26235	0	0	0	18911872	131328	485430118842	3370928411	488801047254	2147483648	4.996074	
layer0.ffn.fc2	702006	741721	39715	23921	0	0	0	17861248	131328	449735565907	3306760669	453042326576	2147483648	5.479370	
layer0.ffn.res	741721	748377	6656	256	0	0	0	4227072	2113536	635076923076	317538461538	952615384615	0	0.000000	
layer0.ffn.rn	654450	660378	5928	1280	0	0	0	2121792	2113536	357927125506	356534412955	714461538461	0	0.000000	
layer0.attn.res	648329	654450	6121	256	0	0	0	4227072	2113536	690585198496	345292599248	1035877797745	0	0.000000	
layer0.attn.proj	638996	648329	9333	7421	0	0	0	4465792	131328	478494803385	14071359691	492566163077	536870912	4.415577	
