OpName	StartCycle	EndCycle	TotalCycle	ComputeCycles	MemoryStalls	WeightLoadCycles	SystolicMemoryStalls	MemoryReads	MemoryWrites	ReadBandwidth	WriteBandwidth	TotalMemoryBandwidth	NumCalculation	NpuUtilization	
layer0.attn.QKVgen	37300	73079	35779	22933	0	0	0	14709376	131328	411117582939	3670532994	414788115933	1610612736	4.286574	
layer0.attn.rn	34258	37300	3042	1280	0	0	0	2121792	2113536	697499013806	694785009861	1392284023668	0	0.000000	
