OpName	StartCycle	EndCycle	TotalCycle	ComputeCycles	MemoryStalls	WeightLoadCycles	SystolicMemoryStalls	MemoryReads	MemoryWrites	ReadBandwidth	WriteBandwidth	TotalMemoryBandwidth	NumCalculation	NpuUtilization	
layer0.ffn.swish	702058	703844	1786	256	0	0	0	1064960	1064960	596282194848	596282194848	1192564389697	0	0.000000	
layer0.ffn.fc1	661041	702058	41017	27648	0	0	0	18911872	131328	461073993709	3201794377	464275788087	2147483648	4.740741	
layer0.ffn.fc2	703844	741517	37673	23588	0	0	0	17861248	131328	474112706713	3485997929	477598704642	2147483648	5.556724	
layer0.ffn.res	741517	749460	7943	256	0	0	0	4227072	2113536	532175752234	266087876117	798263628352	0	0.000000	
layer0.ffn.rn	656625	661041	4416	1280	0	0	0	2121792	2113536	480478260869	478608695652	959086956521	0	0.000000	
layer0.attn.res	649733	656625	6892	256	0	0	0	4227072	2113536	613330237957	306665118978	919995356935	0	0.000000	
layer0.attn.proj	640100	649733	9633	7167	0	0	0	4465792	131328	463593065503	13633136094	477226201598	536870912	4.572066	
