OpName	StartCycle	EndCycle	TotalCycle	ComputeCycles	MemoryStalls	WeightLoadCycles	SystolicMemoryStalls	MemoryReads	MemoryWrites	ReadBandwidth	WriteBandwidth	TotalMemoryBandwidth	NumCalculation	NpuUtilization	
layer0.attn.QKVgen	37299	72771	35472	22282	0	0	0	14709376	131328	414675687866	3702300405	418377988272	1610612736	4.411812	
layer0.attn.rn	34258	37299	3041	1280	0	0	0	2121792	2113536	697728378822	695013482407	1392741861229	0	0.000000	
