OpName	StartCycle	EndCycle	TotalCycle	ComputeCycles	MemoryStalls	WeightLoadCycles	SystolicMemoryStalls	MemoryReads	MemoryWrites	ReadBandwidth	WriteBandwidth	TotalMemoryBandwidth	NumCalculation	NpuUtilization	
layer0.attn.rn	365581	370440	4859	1280	0	0	0	2121792	2113536	436672566371	434973451327	871646017699	0	0.000000	
layer0.ffn.rn	272225	278039	5814	1252	0	0	0	2121792	2113536	364945304437	363525283797	728470588235	0	0.000000	
layer0.ffn.res	359382	365581	6199	256	0	0	0	4227072	2113536	681895789643	340947894821	1022843684465	0	0.000000	
layer0.attn.proj	256655	266290	9635	6151	0	0	0	4465792	131328	463496834457	13630306175	477127140633	536870912	5.327264	
layer0.attn.res	266290	272225	5935	256	0	0	0	4227072	2113536	712227801179	356113900589	1068341701769	0	0.000000	
layer0.ffn.swish	317325	319582	2257	256	0	0	0	1064960	1064960	471847585290	471847585290	943695170580	0	0.000000	
layer0.ffn.fc2	319582	359382	39800	23921	0	0	0	17861248	131328	448775075376	3299698492	452074773869	2147483648	5.479370	
layer0.ffn.fc1	278039	317325	39286	26632	0	0	0	18911872	131328	481389604439	3342870233	484732474672	2147483648	4.921598	
layer0.attn.QKVgen	370440	401858	31418	21266	0	0	0	14709376	131328	468183079763	4180024189	472363103953	1610612736	4.622590	
