Stage	total_cycles	pim_cycles	mem_bw_util	
A	12057	0	64.240172	
B	55557	40841	17.935746	
C	67746	25607	49.606065	
D	59500	43111	58.634769	
E	47502	25965	54.441260	
F	37456	0	66.540574	
