Stage	total_cycles	pim_cycles	mem_bw_util	
A	12057	0	64.240172	
B	60151	41942	16.673247	
C	69948	25609	48.070352	
D	62920	43752	55.550799	
E	52966	25902	48.859292	
F	36122	0	68.997944	
