Stage	total_cycles	pim_cycles	mem_bw_util	
A	12057	0	64.240172	
B	53705	36509	17.986687	
C	60566	25653	55.471304	
D	60194	38534	57.453193	
E	49171	25450	52.573799	
F	35811	0	69.597156	
