Stage	total_cycles	pim_cycles	mem_bw_util	
A	12057	0	64.240172	
B	57914	38871	16.960709	
C	69960	24990	47.988672	
D	64183	41576	54.135636	
E	49172	25017	52.523794	
F	37434	0	66.579680	
