OpName	StartCycle	EndCycle	TotalCycle	ComputeCycles	MemoryStalls	WeightLoadCycles	SystolicMemoryStalls	MemoryReads	MemoryWrites	ReadBandwidth	WriteBandwidth	TotalMemoryBandwidth	NumCalculation	NpuUtilization	
layer0.ffn.res	289442	290713	1271	128	0	0	0	1064960	532480	837891424075	418945712037	1256837136113	0	0.000000	
layer0.ffn.rn	257832	258718	886	640	0	0	0	536640	532480	605688487584	600993227990	1206681715575	0	0.000000	
layer0.ffn.fc2	274645	289442	14797	6539	0	0	0	8930624	32832	603542880313	2218828140	605761708454	536870912	5.011164	
layer0.ffn.fc1	258718	273879	15161	6682	0	0	0	8930624	32832	589052437174	2165556361	591217993536	536870912	4.903921	
layer0.attn.proj	253280	256623	3343	2631	0	0	0	2232896	32832	667931797786	9821118755	677752916542	134217728	3.113645	
layer0.ffn.swish	273879	274645	766	128	0	0	0	532480	532480	695143603133	695143603133	1390287206266	0	0.000000	
layer0.attn.res	256623	257832	1209	128	0	0	0	1064960	532480	880860215053	440430107526	1321290322580	0	0.000000	
