OpName	StartCycle	EndCycle	TotalCycle	ComputeCycles	MemoryStalls	WeightLoadCycles	SystolicMemoryStalls	MemoryReads	MemoryWrites	ReadBandwidth	WriteBandwidth	TotalMemoryBandwidth	NumCalculation	NpuUtilization	
layer0.ffn.rn	192226	193278	1052	640	0	0	0	536640	532480	510114068441	506159695817	1016273764258	0	0.000000	
layer0.ffn.swish	209398	210218	820	128	0	0	0	532480	532288	649365853658	649131707317	1298497560975	0	0.000000	
layer0.ffn.res	228016	229684	1668	128	0	0	0	1064960	532480	638465227817	319232613908	957697841726	0	0.000000	
layer0.ffn.fc1	193278	209398	16120	7047	0	0	0	8930624	32832	554008933002	2036724565	556045657568	536870912	4.649922	
layer0.attn.proj	186517	190503	3986	2774	0	0	0	2232896	32832	560184646261	8236828901	568421475163	134217728	2.953136	
layer0.ffn.fc2	210218	228016	17798	8460	0	0	0	8930624	32768	501776828857	1841105742	503617934599	536870912	3.873286	
layer0.attn.res	190503	192226	1723	128	0	0	0	1064960	532480	618084735925	309042367962	927127103888	0	0.000000	
