OpName	StartCycle	EndCycle	TotalCycle	ComputeCycles	MemoryStalls	WeightLoadCycles	SystolicMemoryStalls	MemoryReads	MemoryWrites	ReadBandwidth	WriteBandwidth	TotalMemoryBandwidth	NumCalculation	NpuUtilization	
layer0.ffn.fc2	167376	184430	17054	8714	0	0	0	8930624	32832	523667409405	1925178843	525592588249	536870912	3.760386	
layer0.ffn.swish	166348	167376	1028	128	0	0	0	532480	532480	517976653696	517976653696	1035953307392	0	0.000000	
layer0.attn.QKVgen	188347	205071	16724	6420	0	0	0	6829376	32832	408357809136	1963166706	410320975843	402653184	3.828037	
layer0.ffn.fc1	149509	166348	16839	7555	0	0	0	8930624	32832	530353583942	1949759486	532303343428	536870912	4.337260	
layer0.ffn.res	184430	187155	2725	128	0	0	0	1064960	532480	390811009174	195405504587	586216513761	0	0.000000	
layer0.attn.res	146173	148009	1836	128	0	0	0	1064960	532480	580043572984	290021786492	870065359477	0	0.000000	
layer0.ffn.rn	148009	149509	1500	640	0	0	0	536640	532480	357760000000	354986666666	712746666666	0	0.000000	
layer0.attn.rn	187155	188347	1192	640	0	0	0	536640	532480	450201342281	446711409395	896912751677	0	0.000000	
layer0.attn.proj	142152	146173	4021	2631	0	0	0	2232896	32832	555308629694	8165133051	563473762745	134217728	3.113645	
