OpName	StartCycle	EndCycle	TotalCycle	ComputeCycles	MemoryStalls	WeightLoadCycles	SystolicMemoryStalls	MemoryReads	MemoryWrites	ReadBandwidth	WriteBandwidth	TotalMemoryBandwidth	NumCalculation	NpuUtilization	
layer0.ffn.res	293060	294157	1097	128	0	0	0	1064960	532480	970793072014	485396536007	1456189608021	0	0.000000	
layer0.ffn.rn	262316	262990	674	640	0	0	0	536640	532480	796201780415	790029673590	1586231454005	0	0.000000	
layer0.ffn.fc2	278640	293060	14420	8206	0	0	0	8930624	32832	619322052704	2276837725	621598890429	536870912	3.993176	
layer0.ffn.fc1	262990	278018	15028	7698	0	0	0	8930624	32832	594265637476	2184721852	596450359329	536870912	4.256690	
layer0.attn.proj	258036	261074	3038	2377	0	0	0	2232896	32832	734988808426	10807109940	745795918367	134217728	3.446361	
layer0.ffn.swish	278018	278640	622	128	0	0	0	532480	532480	856077170418	856077170418	1712154340836	0	0.000000	
layer0.attn.res	261074	262316	1242	128	0	0	0	1064960	532480	857455716586	428727858293	1286183574879	0	0.000000	
