OpName	StartCycle	EndCycle	TotalCycle	ComputeCycles	MemoryStalls	WeightLoadCycles	SystolicMemoryStalls	MemoryReads	MemoryWrites	ReadBandwidth	WriteBandwidth	TotalMemoryBandwidth	NumCalculation	NpuUtilization	
layer0.attn.rn	130607	131304	697	640	0	0	0	536640	532480	769928263988	763959827833	1533888091822	0	0.000000	
layer0.ffn.swish	97582	113778	16196	128	0	0	0	532480	532480	32877253642	32877253642	65754507285	0	0.000000	
layer0.attn.QKVgen	131304	142152	10848	6531	0	0	0	6829376	32832	629551622418	3026548672	632578171091	402653184	3.762977	
layer0.attn.proj	72205	76479	4274	2123	0	0	0	2232896	32832	522437061300	7681796911	530118858212	134217728	3.858691	
layer0.attn.res	76479	78284	1805	128	0	0	0	1064960	532480	590005540166	295002770083	885008310249	0	0.000000	
layer0.ffn.fc1	83367	97582	14215	7047	0	0	0	8930624	32832	628253534998	2309672880	630563207879	536870912	4.649922	
layer0.ffn.fc2	113778	128981	15203	7047	0	0	0	8930624	32832	587425113464	2159573768	589584687232	536870912	4.649922	
layer0.ffn.rn	78284	83367	5083	640	0	0	0	536640	532480	105575447570	104757033248	210332480818	0	0.000000	
layer0.ffn.res	128981	130607	1626	128	0	0	0	1064960	532480	654956949569	327478474784	982435424354	0	0.000000	
