OpName	StartCycle	EndCycle	TotalCycle	ComputeCycles	MemoryStalls	WeightLoadCycles	SystolicMemoryStalls	MemoryReads	MemoryWrites	ReadBandwidth	WriteBandwidth	TotalMemoryBandwidth	NumCalculation	NpuUtilization	
layer0.attn.rn	126584	127685	1101	640	0	0	0	536640	532480	487411444141	483633060853	971044504995	0	0.000000	
layer0.ffn.swish	93926	109860	15934	128	0	0	0	532480	532480	33417848625	33417848625	66835697251	0	0.000000	
layer0.attn.QKVgen	127685	135356	7671	5912	0	0	0	6829376	32832	890284969365	4280015643	894564985008	402653184	4.156969	
layer0.attn.proj	67611	71668	4057	3028	0	0	0	2232896	32832	550381069755	8092679319	558473749075	134217728	2.705416	
layer0.attn.res	71668	73500	1832	128	0	0	0	1064960	532480	581310043668	290655021834	871965065502	0	0.000000	
layer0.ffn.fc1	78715	93926	15211	6793	0	0	0	8930624	32832	587116165932	2158437972	589274603905	536870912	4.823789	
layer0.ffn.fc2	109860	125034	15174	7047	0	0	0	8930624	32832	588547779095	2163701067	590711480163	536870912	4.649922	
layer0.ffn.rn	73500	78715	5215	640	0	0	0	536640	532480	102903163950	102105465004	205008628954	0	0.000000	
layer0.ffn.res	125034	126584	1550	128	0	0	0	1064960	532480	687070967741	343535483870	1030606451612	0	0.000000	
