OpName	StartCycle	EndCycle	TotalCycle	ComputeCycles	MemoryStalls	WeightLoadCycles	SystolicMemoryStalls	MemoryReads	MemoryWrites	ReadBandwidth	WriteBandwidth	TotalMemoryBandwidth	NumCalculation	NpuUtilization	
layer0.ffn.rn	200966	201985	1019	640	0	0	0	536640	532480	526633954857	522551521099	1049185475956	0	0.000000	
layer0.ffn.swish	217468	218523	1055	128	0	0	0	532480	532480	504720379146	504720379146	1009440758293	0	0.000000	
layer0.ffn.res	238289	240071	1782	128	0	0	0	1064960	532480	597620650953	298810325476	896430976430	0	0.000000	
layer0.ffn.fc1	201985	217468	15483	7301	0	0	0	8930624	32832	576801911774	2120519279	578922431053	536870912	4.488152	
layer0.attn.proj	195427	199326	3899	2631	0	0	0	2232896	32832	572684278020	8420620671	581104898691	134217728	3.113645	
layer0.ffn.fc2	218523	238289	19766	7444	0	0	0	8930624	32832	451817464332	1661034098	453478498431	536870912	4.401934	
layer0.attn.res	199326	200966	1640	128	0	0	0	1064960	532480	649365853658	324682926829	974048780487	0	0.000000	
