OpName	StartCycle	EndCycle	TotalCycle	ComputeCycles	MemoryStalls	WeightLoadCycles	SystolicMemoryStalls	MemoryReads	MemoryWrites	ReadBandwidth	WriteBandwidth	TotalMemoryBandwidth	NumCalculation	NpuUtilization	
layer0.ffn.res	277971	279811	1840	128	0	0	0	1064960	532480	578782608695	289391304347	868173913043	0	0.000000	
layer0.ffn.rn	247162	248281	1119	640	0	0	0	536640	532480	479571045576	475853440571	955424486148	0	0.000000	
layer0.ffn.fc2	263574	277971	14397	7952	0	0	0	8930624	32832	620311453775	2280475098	622591928874	536870912	4.120724	
layer0.ffn.fc1	248281	262456	14175	7952	0	0	0	8930624	32832	630026384479	2316190476	632342574955	536870912	4.120724	
layer0.attn.proj	242356	245798	3442	2266	0	0	0	2232896	32832	648720511330	9538640325	658259151656	134217728	3.615181	
layer0.ffn.swish	262456	263574	1118	128	0	0	0	532480	532480	476279069767	476279069767	952558139534	0	0.000000	
layer0.attn.res	245798	247162	1364	128	0	0	0	1064960	532480	780762463343	390381231671	1171143695014	0	0.000000	
