OpName	StartCycle	EndCycle	TotalCycle	ComputeCycles	MemoryStalls	WeightLoadCycles	SystolicMemoryStalls	MemoryReads	MemoryWrites	ReadBandwidth	WriteBandwidth	TotalMemoryBandwidth	NumCalculation	NpuUtilization	
layer0.ffn.rn	200845	202714	1869	640	0	0	0	536640	532480	287126805778	284901016586	572027822364	0	0.000000	
layer0.ffn.swish	215854	217074	1220	128	0	0	0	532480	532480	436459016393	436459016393	872918032786	0	0.000000	
layer0.ffn.res	233519	236169	2650	128	0	0	0	1064960	532480	401871698113	200935849056	602807547169	0	0.000000	
layer0.ffn.fc1	202714	215854	13140	8063	0	0	0	8930624	32832	679651750380	2498630136	682150380517	536870912	4.063996	
layer0.attn.proj	194855	198821	3966	1869	0	0	0	2232896	32832	563009581442	8278366111	571287947554	134217728	4.383093	
layer0.ffn.fc2	217074	233519	16445	6793	0	0	0	8930624	32832	543060139860	1996473092	545056612952	536870912	4.823789	
layer0.attn.res	198821	200845	2024	128	0	0	0	1064960	532480	526166007905	263083003952	789249011857	0	0.000000	
