OpName	StartCycle	EndCycle	TotalCycle	ComputeCycles	MemoryStalls	WeightLoadCycles	SystolicMemoryStalls	MemoryReads	MemoryWrites	ReadBandwidth	WriteBandwidth	TotalMemoryBandwidth	NumCalculation	NpuUtilization	
layer0.attn.rn	114591	115409	818	640	0	0	0	536640	532480	656039119804	650953545232	1306992665036	0	0.000000	
layer0.ffn.swish	88511	89346	835	128	0	0	0	532480	532416	637700598802	637623952095	1275324550898	0	0.000000	
layer0.attn.QKVgen	115409	126324	10915	5769	0	0	0	6829376	32832	625687219422	3007970682	628695190105	402653184	4.260010	
layer0.attn.proj	65759	69197	3438	2377	0	0	0	2232896	32832	649475276323	9549738219	659025014543	134217728	3.446361	
layer0.attn.res	69197	71193	1996	128	0	0	0	1064960	532480	533547094188	266773547094	800320641282	0	0.000000	
layer0.ffn.fc1	75953	88511	12558	7809	0	0	0	8930624	32832	711150183150	2614429049	713764612199	536870912	4.196184	
layer0.ffn.fc2	89346	106024	16678	7555	0	0	0	8930624	32832	535473318143	1968581364	537441899508	536870912	4.337260	
layer0.ffn.rn	71193	75953	4760	640	0	0	0	536640	532480	112739495798	111865546218	224605042016	0	0.000000	
layer0.ffn.res	106024	114591	8567	128	0	0	0	1064960	532480	124309559939	62154779969	186464339908	0	0.000000	
