OpName	StartCycle	EndCycle	TotalCycle	ComputeCycles	MemoryStalls	WeightLoadCycles	SystolicMemoryStalls	MemoryReads	MemoryWrites	ReadBandwidth	WriteBandwidth	TotalMemoryBandwidth	NumCalculation	NpuUtilization	
layer0.ffn.fc2	159934	176162	16228	6793	0	0	0	8930624	32832	550321912743	2023169829	552345082573	536870912	4.823789	
layer0.ffn.swish	158995	159934	939	128	0	0	0	532480	532480	567071352502	567071352502	1134142705005	0	0.000000	
layer0.attn.QKVgen	180707	194855	14148	6531	0	0	0	6829376	32832	482709640938	2320610687	485030251625	402653184	3.762977	
layer0.ffn.fc1	141524	158995	17471	7952	0	0	0	8930624	32832	511168450575	1879228435	513047679010	536870912	4.120724	
layer0.ffn.res	176162	179641	3479	128	0	0	0	1064960	532480	306110951422	153055475711	459166427134	0	0.000000	
layer0.attn.res	138717	140438	1721	128	0	0	0	1064960	532480	618803021499	309401510749	928204532248	0	0.000000	
layer0.ffn.rn	140438	141524	1086	640	0	0	0	536640	532480	494143646408	490313075506	984456721915	0	0.000000	
layer0.attn.rn	179641	180707	1066	640	0	0	0	536640	532480	503414634146	499512195121	1002926829268	0	0.000000	
layer0.attn.proj	135356	138717	3361	2377	0	0	0	2232896	32832	664354656352	9768521273	674123177625	134217728	3.446361	
