OpName	StartCycle	EndCycle	TotalCycle	ComputeCycles	MemoryStalls	WeightLoadCycles	SystolicMemoryStalls	MemoryReads	MemoryWrites	ReadBandwidth	WriteBandwidth	TotalMemoryBandwidth	NumCalculation	NpuUtilization	
layer0.ffn.fc2	164881	180864	15983	6682	0	0	0	8930624	32832	558757680035	2054182568	560811862604	536870912	4.903921	
layer0.ffn.swish	163712	164881	1169	128	0	0	0	532480	532032	455500427715	455117194183	910617621899	0	0.000000	
layer0.attn.QKVgen	184598	202197	17599	6785	0	0	0	6829376	32832	388054775839	1865560543	389920336382	402653184	3.622108	
layer0.ffn.fc1	147380	163712	16332	8063	0	0	0	8930624	32832	546817536125	2010286554	548827822679	536870912	4.063996	
layer0.ffn.res	180864	183195	2331	128	0	0	0	1064960	532480	456868296868	228434148434	685302445302	0	0.000000	
layer0.attn.res	143555	145622	2067	128	0	0	0	1064960	532480	515220125786	257610062893	772830188679	0	0.000000	
layer0.ffn.rn	145622	147380	1758	640	0	0	0	536640	532480	305255972696	302889647326	608145620022	0	0.000000	
layer0.attn.rn	183195	184598	1403	640	0	0	0	536640	532480	382494654312	379529579472	762024233784	0	0.000000	
layer0.attn.proj	139927	143555	3628	2123	0	0	0	2232896	32832	615461962513	9049614112	624511576626	134217728	3.858691	
