OpName	StartCycle	EndCycle	TotalCycle	ComputeCycles	MemoryStalls	WeightLoadCycles	SystolicMemoryStalls	MemoryReads	MemoryWrites	ReadBandwidth	WriteBandwidth	TotalMemoryBandwidth	NumCalculation	NpuUtilization	
layer0.ffn.res	270296	271497	1201	128	0	0	0	1064960	532480	886727726894	443363863447	1330091590341	0	0.000000	
layer0.ffn.rn	240173	240933	760	640	0	0	0	536640	532480	706105263157	700631578947	1406736842105	0	0.000000	
layer0.ffn.fc2	256503	270296	13793	6539	0	0	0	8930624	32832	647475096063	2380337852	649855433915	536870912	5.011164	
layer0.ffn.fc1	240933	255761	14828	7444	0	0	0	8930624	32832	602281089830	2214189371	604495279201	536870912	4.401934	
layer0.attn.proj	235687	238670	2983	2123	0	0	0	2232896	32832	748540395574	11006369426	759546765001	134217728	3.858691	
layer0.ffn.swish	255761	256503	742	128	0	0	0	532480	532480	717628032345	717628032345	1435256064690	0	0.000000	
layer0.attn.res	238670	240173	1503	128	0	0	0	1064960	532480	708556220891	354278110445	1062834331337	0	0.000000	
