OpName	StartCycle	EndCycle	TotalCycle	ComputeCycles	MemoryStalls	WeightLoadCycles	SystolicMemoryStalls	MemoryReads	MemoryWrites	ReadBandwidth	WriteBandwidth	TotalMemoryBandwidth	NumCalculation	NpuUtilization	
layer0.attn.rn	127914	128744	830	640	0	0	0	536640	532480	646554216867	641542168674	1288096385542	0	0.000000	
layer0.ffn.swish	99359	114987	15628	128	0	0	0	532480	532480	34072178141	34072178141	68144356283	0	0.000000	
layer0.attn.QKVgen	128744	139927	11183	5261	0	0	0	6829376	32832	610692658499	2935884825	613628543324	402653184	4.671355	
layer0.attn.proj	69968	74055	4087	2663	0	0	0	2232896	32832	546341081477	8033276241	554374357719	134217728	3.076230	
layer0.attn.res	74055	76625	2570	128	0	0	0	1064960	532480	414381322957	207190661478	621571984435	0	0.000000	
layer0.ffn.fc1	82560	99359	16799	7047	0	0	0	8930624	32832	531616405738	1954402047	533570807786	536870912	4.649922	
layer0.ffn.fc2	114987	126340	11353	7190	0	0	0	8930624	32832	786631198802	2891922839	789523121641	536870912	4.557441	
layer0.ffn.rn	76625	82560	5935	640	0	0	0	536640	532480	90419545071	89718618365	180138163437	0	0.000000	
layer0.ffn.res	126340	127914	1574	128	0	0	0	1064960	532480	676594663278	338297331639	1014891994917	0	0.000000	
