OpName	StartCycle	EndCycle	TotalCycle	ComputeCycles	MemoryStalls	WeightLoadCycles	SystolicMemoryStalls	MemoryReads	MemoryWrites	ReadBandwidth	WriteBandwidth	TotalMemoryBandwidth	NumCalculation	NpuUtilization	
layer0.ffn.fc2	151538	166312	14774	8317	0	0	0	8930624	32832	604482469202	2222282387	606704751590	536870912	3.939882	
layer0.ffn.swish	150468	151538	1070	128	0	0	0	532480	532480	497644859813	497644859813	995289719626	0	0.000000	
layer0.attn.QKVgen	170357	186517	16160	5769	0	0	0	6829376	32832	422609900990	2031683168	424641584158	402653184	4.260010	
layer0.ffn.fc1	133661	150468	16807	7952	0	0	0	8930624	32832	531363360504	1953471767	533316832272	536870912	4.120724	
layer0.ffn.res	166312	168027	1715	128	0	0	0	1064960	532480	620967930029	310483965014	931451895043	0	0.000000	
layer0.attn.res	130305	132013	1708	128	0	0	0	1064960	532480	623512880562	311756440281	935269320843	0	0.000000	
layer0.ffn.rn	132013	133661	1648	640	0	0	0	536640	532480	325631067961	323106796116	648737864077	0	0.000000	
layer0.attn.rn	168027	170357	2330	640	0	0	0	536640	532480	230317596566	228532188841	458849785407	0	0.000000	
layer0.attn.proj	126324	130305	3981	2123	0	0	0	2232896	32832	560888219040	8247174076	569135393117	134217728	3.858691	
