OpName	StartCycle	EndCycle	TotalCycle	ComputeCycles	MemoryStalls	WeightLoadCycles	SystolicMemoryStalls	MemoryReads	MemoryWrites	ReadBandwidth	WriteBandwidth	TotalMemoryBandwidth	NumCalculation	NpuUtilization	
layer0.ffn.rn	209670	210796	1126	640	0	0	0	536640	532480	476589698046	472895204262	949484902309	0	0.000000	
layer0.ffn.swish	227288	228002	714	128	0	0	0	532480	532416	745770308123	745680672268	1491450980392	0	0.000000	
layer0.ffn.res	246612	249801	3189	128	0	0	0	1064960	532480	333947946064	166973973032	500921919096	0	0.000000	
layer0.ffn.fc1	210796	227288	16492	7047	0	0	0	8930624	32832	541512490904	1990783410	543503274314	536870912	4.649922	
layer0.attn.proj	204109	207804	3695	2774	0	0	0	2232896	32832	604302029769	8885520974	613187550744	134217728	2.953136	
layer0.ffn.fc2	228002	246612	18610	7444	0	0	0	8930624	32832	479883073616	1764212788	481647286405	536870912	4.401934	
layer0.attn.res	207804	209670	1866	128	0	0	0	1064960	532480	570718113612	285359056806	856077170418	0	0.000000	
