Stage	total_cycles	pim_cycles	mem_bw_util	
A	21264	0	65.286106	
B	22106	11325	63.899790	
C	77071	9705	73.329949	
D	75589	11589	74.881597	
E	57403	10329	74.270835	
F	55153	0	77.015643	
