Stage	total_cycles	pim_cycles	mem_bw_util	
A	21264	0	65.286106	
B	21841	11247	64.609278	
C	73553	9864	76.823345	
D	71631	11509	78.999490	
E	56327	9947	75.671525	
F	53572	0	79.288504	
