Stage	total_cycles	pim_cycles	mem_bw_util	
A	21264	0	65.286106	
B	21632	11595	65.328275	
C	73653	10077	76.726508	
D	73947	11567	76.552463	
E	57570	10607	74.047464	
F	55244	0	76.888780	
