Stage	total_cycles	pim_cycles	mem_bw_util	
A	21264	0	65.286106	
B	21820	11311	64.678048	
C	73264	9991	77.128689	
D	78065	11671	72.490953	
E	57628	10198	73.965672	
F	52901	0	80.294205	
