OpName	StartCycle	EndCycle	TotalCycle	ComputeCycles	MemoryStalls	WeightLoadCycles	SystolicMemoryStalls	MemoryReads	MemoryWrites	ReadBandwidth	WriteBandwidth	TotalMemoryBandwidth	NumCalculation	NpuUtilization	
layer0.ffn.swish	285403	285756	353	64	0	0	0	266240	266240	754220963172	754220963172	1508441926345	0	0.000000	
layer0.ffn.fc1	262340	285403	23063	13078	0	0	0	17336640	16448	751707930451	713176950	752421107401	536870912	2.505582	
layer0.ffn.fc2	285756	307327	21571	11905	0	0	0	17073472	16448	791501182142	762505215	792263687358	536870912	2.752457	
layer0.ffn.rn	261451	262340	889	320	0	0	0	536640	528384	603644544431	594357705286	1198002249718	0	0.000000	
layer0.attn.proj	253427	260218	6791	3147	0	0	0	4268608	16448	628568399352	2422029156	630990428508	134217728	2.603114	
layer0.ffn.res	307327	308579	1252	64	0	0	0	1056768	528384	844063897763	422031948881	1266095846645	0	0.000000	
layer0.attn.res	260218	261451	1233	64	0	0	0	1056768	528384	857070559610	428535279805	1285605839416	0	0.000000	
