OpName	StartCycle	EndCycle	TotalCycle	ComputeCycles	MemoryStalls	WeightLoadCycles	SystolicMemoryStalls	MemoryReads	MemoryWrites	ReadBandwidth	WriteBandwidth	TotalMemoryBandwidth	NumCalculation	NpuUtilization	
layer0.attn.QKVgen	22093	43102	21009	12046	0	0	0	13134144	16448	625167499643	782902565	625950402208	402653184	2.040179	
layer0.attn.rn	21262	22093	831	320	0	0	0	536640	528384	645776173285	635841155234	1281617328519	0	0.000000	
