OpName	StartCycle	EndCycle	TotalCycle	ComputeCycles	MemoryStalls	WeightLoadCycles	SystolicMemoryStalls	MemoryReads	MemoryWrites	ReadBandwidth	WriteBandwidth	TotalMemoryBandwidth	NumCalculation	NpuUtilization	
layer0.ffn.swish	149396	149719	323	64	0	0	0	266240	266240	824272445820	824272445820	1648544891640	0	0.000000	
layer0.ffn.rn	126196	128349	2153	320	0	0	0	536640	528384	249252206223	245417556897	494669763121	0	0.000000	
layer0.ffn.fc1	128349	149396	21047	13189	0	0	0	17336640	16448	823710742623	781489048	824492231671	536870912	2.484495	
layer0.ffn.fc2	149719	168165	18446	12667	0	0	0	17073472	16448	925592106689	891683833	926483790523	536870912	2.586879	
layer0.attn.rn	169392	170580	1188	320	0	0	0	536640	528384	451717171717	444767676767	896484848484	0	0.000000	
layer0.attn.proj	116654	123678	7024	4163	0	0	0	4268608	16448	607717539863	2341685649	610059225512	134217728	1.967812	
layer0.attn.QKVgen	170580	188284	17704	11284	0	0	0	13134144	16448	741874378671	929055580	742803434252	402653184	2.177951	
layer0.attn.res	123678	126196	2518	64	0	0	0	1056768	528384	419685464654	209842732327	629528196981	0	0.000000	
layer0.ffn.res	168165	169392	1227	64	0	0	0	1056768	528384	861261613691	430630806845	1291892420537	0	0.000000	
