OpName	StartCycle	EndCycle	TotalCycle	ComputeCycles	MemoryStalls	WeightLoadCycles	SystolicMemoryStalls	MemoryReads	MemoryWrites	ReadBandwidth	WriteBandwidth	TotalMemoryBandwidth	NumCalculation	NpuUtilization	
layer0.ffn.swish	154258	154694	436	64	0	0	0	266240	266240	610642201834	610642201834	1221284403669	0	0.000000	
layer0.ffn.rn	129277	132574	3297	320	0	0	0	536640	528384	162766151046	160262056414	323028207461	0	0.000000	
layer0.ffn.fc1	132574	154258	21684	13443	0	0	0	17336640	16448	799513004980	758531636	800271536616	536870912	2.437551	
layer0.ffn.fc2	154694	173044	18350	14080	0	0	0	17073472	16448	930434441416	896348773	931330790190	536870912	2.327273	
layer0.attn.rn	174318	175187	869	320	0	0	0	536640	528384	617537399309	608036823935	1225574223245	0	0.000000	
layer0.attn.proj	120437	126720	6283	4163	0	0	0	4268608	16448	679390100270	2617857711	682007957981	134217728	1.967812	
layer0.attn.QKVgen	175187	196025	20838	11935	0	0	0	13134144	16448	630297725309	789327190	631087052500	402653184	2.059154	
layer0.attn.res	126720	129277	2557	64	0	0	0	1056768	528384	413284317559	206642158779	619926476339	0	0.000000	
layer0.ffn.res	173044	174318	1274	64	0	0	0	1056768	528384	829488226059	414744113029	1244232339089	0	0.000000	
