OpName	StartCycle	EndCycle	TotalCycle	ComputeCycles	MemoryStalls	WeightLoadCycles	SystolicMemoryStalls	MemoryReads	MemoryWrites	ReadBandwidth	WriteBandwidth	TotalMemoryBandwidth	NumCalculation	NpuUtilization	
layer0.attn.rn	95050	96432	1382	320	0	0	0	536640	528384	388306801736	382332850940	770639652677	0	0.000000	
layer0.ffn.rn	53870	54602	732	320	0	0	0	536640	528384	733114754098	721836065573	1454950819672	0	0.000000	
layer0.ffn.swish	73915	74304	389	64	0	0	0	266240	266240	684421593830	684421593830	1368843187660	0	0.000000	
layer0.ffn.fc2	74304	93791	19487	11651	0	0	0	17073472	16448	876146764509	844049879	876990814389	536870912	2.812462	
layer0.attn.res	50944	53870	2926	64	0	0	0	1056768	528384	361164730006	180582365003	541747095010	0	0.000000	
layer0.ffn.res	93791	95050	1259	64	0	0	0	1056768	528384	839370929308	419685464654	1259056393963	0	0.000000	
layer0.ffn.fc1	54602	73915	19313	13475	0	0	0	17336640	16448	897666856521	851654326	898518510847	536870912	2.431763	
layer0.attn.QKVgen	96432	116654	20222	11649	0	0	0	13134144	16448	649497774700	813371575	650311146276	402653184	2.109709	
layer0.attn.proj	43102	50944	7842	4163	0	0	0	4268608	16448	544326447334	2097424126	546423871461	134217728	1.967812	
