OpName	StartCycle	EndCycle	TotalCycle	ComputeCycles	MemoryStalls	WeightLoadCycles	SystolicMemoryStalls	MemoryReads	MemoryWrites	ReadBandwidth	WriteBandwidth	TotalMemoryBandwidth	NumCalculation	NpuUtilization	
layer0.attn.proj	194408	204335	9927	4449	0	0	0	4268608	16448	429999798529	1656895335	431656693865	134217728	1.841313	
layer0.ffn.fc2	229164	250756	21592	12159	0	0	0	17073472	16448	790731381993	761763616	791493145609	536870912	2.694958	
layer0.ffn.fc1	207289	228835	21546	12681	0	0	0	17336640	16448	804633806739	763389956	805397196695	536870912	2.584023	
layer0.ffn.res	250756	252035	1279	64	0	0	0	1056768	528384	826245504300	413122752150	1239368256450	0	0.000000	
layer0.ffn.swish	228835	229164	329	64	0	0	0	266240	266240	809240121580	809240121580	1618480243161	0	0.000000	
layer0.ffn.rn	205906	207289	1383	320	0	0	0	536640	528384	388026030368	382056399132	770082429501	0	0.000000	
layer0.attn.res	204335	205906	1571	64	0	0	0	1056768	528384	672672183322	336336091661	1009008274984	0	0.000000	
