OpName	StartCycle	EndCycle	TotalCycle	ComputeCycles	MemoryStalls	WeightLoadCycles	SystolicMemoryStalls	MemoryReads	MemoryWrites	ReadBandwidth	WriteBandwidth	TotalMemoryBandwidth	NumCalculation	NpuUtilization	
layer0.ffn.swish	149454	149821	367	64	0	0	0	266240	266240	725449591280	725449591280	1450899182561	0	0.000000	
layer0.ffn.rn	125971	128278	2307	320	0	0	0	536640	528384	232613784135	229035110533	461648894668	0	0.000000	
layer0.ffn.fc1	128278	149454	21176	13443	0	0	0	17336640	16448	818692859841	776728371	819469588213	536870912	2.437551	
layer0.ffn.fc2	149821	167936	18115	12667	0	0	0	17073472	16448	942504664642	907976814	943412641457	536870912	2.586879	
layer0.attn.rn	169230	170527	1297	320	0	0	0	536640	528384	413754818812	407389360061	821144178874	0	0.000000	
layer0.attn.proj	116545	123537	6992	4163	0	0	0	4268608	16448	610498855835	2352402745	612851258581	134217728	1.967812	
layer0.attn.QKVgen	170527	190491	19964	11538	0	0	0	13134144	16448	657891404528	823882989	658715287517	402653184	2.130005	
layer0.attn.res	123537	125971	2434	64	0	0	0	1056768	528384	434169268693	217084634346	651253903040	0	0.000000	
layer0.ffn.res	167936	169230	1294	64	0	0	0	1056768	528384	816667697063	408333848531	1225001545595	0	0.000000	
