OpName	StartCycle	EndCycle	TotalCycle	ComputeCycles	MemoryStalls	WeightLoadCycles	SystolicMemoryStalls	MemoryReads	MemoryWrites	ReadBandwidth	WriteBandwidth	TotalMemoryBandwidth	NumCalculation	NpuUtilization	
layer0.attn.rn	95038	96424	1386	320	0	0	0	536640	528384	387186147186	381229437229	768415584415	0	0.000000	
layer0.ffn.rn	54009	55029	1020	320	0	0	0	536640	528384	526117647058	518023529411	1044141176470	0	0.000000	
layer0.ffn.swish	75450	75765	315	64	0	0	0	266240	266240	845206349206	845206349206	1690412698412	0	0.000000	
layer0.ffn.fc2	75765	93766	18001	12921	0	0	0	17073472	16448	948473529248	913727015	949387256263	536870912	2.536027	
layer0.attn.res	50942	54009	3067	64	0	0	0	1056768	528384	344560808607	172280404303	516841212911	0	0.000000	
layer0.ffn.res	93766	95038	1272	64	0	0	0	1056768	528384	830792452830	415396226415	1246188679245	0	0.000000	
layer0.ffn.fc1	55029	75450	20421	12935	0	0	0	17336640	16448	848961363302	805445374	849766808677	536870912	2.533282	
layer0.attn.QKVgen	96424	116545	20121	11903	0	0	0	13134144	16448	652758014015	817454400	653575468416	402653184	2.064690	
layer0.attn.proj	42893	50942	8049	4671	0	0	0	4268608	16448	530327742576	2043483662	532371226239	134217728	1.753800	
