OpName	StartCycle	EndCycle	TotalCycle	ComputeCycles	MemoryStalls	WeightLoadCycles	SystolicMemoryStalls	MemoryReads	MemoryWrites	ReadBandwidth	WriteBandwidth	TotalMemoryBandwidth	NumCalculation	NpuUtilization	
layer0.attn.proj	196025	204359	8334	3941	0	0	0	4268608	16448	512191984641	1973602111	514165586753	134217728	2.078660	
layer0.ffn.fc2	230894	252232	21338	11905	0	0	0	17073472	16448	800143968506	770831380	800914799887	536870912	2.752457	
layer0.ffn.fc1	208306	230524	22218	14713	0	0	0	17336640	16448	780297056440	740300657	781037357097	536870912	2.227146	
layer0.ffn.res	252232	253427	1195	64	0	0	0	1056768	528384	884324686192	442162343096	1326487029288	0	0.000000	
layer0.ffn.swish	230524	230894	370	64	0	0	0	266240	266240	719567567567	719567567567	1439135135135	0	0.000000	
layer0.ffn.rn	207073	208306	1233	320	0	0	0	536640	528384	435231143552	428535279805	863766423357	0	0.000000	
layer0.attn.res	204359	207073	2714	64	0	0	0	1056768	528384	389376565954	194688282977	584064848931	0	0.000000	
