OpName	StartCycle	EndCycle	TotalCycle	ComputeCycles	MemoryStalls	WeightLoadCycles	SystolicMemoryStalls	MemoryReads	MemoryWrites	ReadBandwidth	WriteBandwidth	TotalMemoryBandwidth	NumCalculation	NpuUtilization	
layer0.ffn.swish	149713	150041	328	64	0	0	0	266240	266240	811707317073	811707317073	1623414634146	0	0.000000	
layer0.ffn.rn	124701	126218	1517	320	0	0	0	536640	528384	353750823994	348308503625	702059327620	0	0.000000	
layer0.ffn.fc1	126218	149713	23495	14602	0	0	0	17336640	16448	737886358799	700063843	738586422643	536870912	2.244076	
layer0.ffn.fc2	150041	171881	21840	12413	0	0	0	17073472	16448	781752380952	753113553	782505494505	536870912	2.639813	
layer0.attn.rn	173117	174480	1363	320	0	0	0	536640	528384	393719735876	387662509170	781382245047	0	0.000000	
layer0.attn.proj	116344	122561	6217	3655	0	0	0	4268608	16448	686602541418	2645649026	689248190445	134217728	2.241313	
layer0.attn.QKVgen	174480	194408	19928	12300	0	0	0	13134144	16448	659079887595	825371336	659905258932	402653184	1.998049	
layer0.attn.res	122561	124701	2140	64	0	0	0	1056768	528384	493816822429	246908411214	740725233644	0	0.000000	
layer0.ffn.res	171881	173117	1236	64	0	0	0	1056768	528384	854990291262	427495145631	1282485436893	0	0.000000	
