OpName	StartCycle	EndCycle	TotalCycle	ComputeCycles	MemoryStalls	WeightLoadCycles	SystolicMemoryStalls	MemoryReads	MemoryWrites	ReadBandwidth	WriteBandwidth	TotalMemoryBandwidth	NumCalculation	NpuUtilization	
layer0.ffn.swish	279455	279814	359	64	0	0	0	266240	266240	741615598885	741615598885	1483231197771	0	0.000000	
layer0.ffn.fc1	255476	279455	23979	13332	0	0	0	17336640	16448	722992618541	685933525	723678552066	536870912	2.457846	
layer0.ffn.fc2	279814	302080	22266	12413	0	0	0	17073472	16448	766795652564	738704751	767534357316	536870912	2.639813	
layer0.ffn.rn	254595	255476	881	320	0	0	0	536640	528384	609125993189	599754824063	1208880817253	0	0.000000	
layer0.attn.proj	248060	253284	5224	2893	0	0	0	4268608	16448	817114854517	3148545176	820263399693	134217728	2.831663	
layer0.ffn.res	302080	303303	1223	64	0	0	0	1056768	528384	864078495502	432039247751	1296117743254	0	0.000000	
layer0.attn.res	253284	254595	1311	64	0	0	0	1056768	528384	806077803203	403038901601	1209116704805	0	0.000000	
