OpName	StartCycle	EndCycle	TotalCycle	ComputeCycles	MemoryStalls	WeightLoadCycles	SystolicMemoryStalls	MemoryReads	MemoryWrites	ReadBandwidth	WriteBandwidth	TotalMemoryBandwidth	NumCalculation	NpuUtilization	
layer0.attn.proj	188284	196886	8602	3655	0	0	0	4268608	16448	496234364101	1912113461	498146477563	134217728	2.241313	
layer0.ffn.fc2	222488	243318	20830	11143	0	0	0	17073472	16448	819657801248	789630340	820447431589	536870912	2.940680	
layer0.ffn.fc1	200352	222164	21812	13951	0	0	0	17336640	16448	794821199339	754080322	795575279662	536870912	2.348792	
layer0.ffn.res	243318	244610	1292	64	0	0	0	1056768	528384	817931888544	408965944272	1226897832817	0	0.000000	
layer0.ffn.swish	222164	222488	324	64	0	0	0	266240	266240	821728395061	821728395061	1643456790123	0	0.000000	
layer0.ffn.rn	198993	200352	1359	320	0	0	0	536640	528384	394878587196	388803532008	783682119205	0	0.000000	
layer0.attn.res	196886	198993	2107	64	0	0	0	1056768	528384	501551020408	250775510204	752326530612	0	0.000000	
