OpName	StartCycle	EndCycle	TotalCycle	ComputeCycles	MemoryStalls	WeightLoadCycles	SystolicMemoryStalls	MemoryReads	MemoryWrites	ReadBandwidth	WriteBandwidth	TotalMemoryBandwidth	NumCalculation	NpuUtilization	
layer0.attn.rn	98909	100320	1411	320	0	0	0	536640	528384	380326009922	374474840538	754800850460	0	0.000000	
layer0.ffn.rn	54558	55586	1028	320	0	0	0	536640	528384	522023346303	513992217898	1036015564202	0	0.000000	
layer0.ffn.swish	77689	78015	326	64	0	0	0	266240	266240	816687116564	816687116564	1633374233128	0	0.000000	
layer0.ffn.fc2	78015	97639	19624	11143	0	0	0	17073472	16448	870030167142	838157358	870868324500	536870912	2.940680	
layer0.attn.res	50946	54558	3612	64	0	0	0	1056768	528384	292571428571	146285714285	438857142857	0	0.000000	
layer0.ffn.res	97639	98909	1270	64	0	0	0	1056768	528384	832100787401	416050393700	1248151181102	0	0.000000	
layer0.ffn.fc1	55586	77689	22103	14094	0	0	0	17336640	16448	784356874632	744152377	785101027009	536870912	2.324961	
layer0.attn.QKVgen	100320	120437	20117	12046	0	0	0	13134144	16448	652887806332	817616940	653705423273	402653184	2.040179	
layer0.attn.proj	43367	50946	7579	4163	0	0	0	4268608	16448	563215199894	2170207151	565385407045	134217728	1.967812	
