OpName	StartCycle	EndCycle	TotalCycle	ComputeCycles	MemoryStalls	WeightLoadCycles	SystolicMemoryStalls	MemoryReads	MemoryWrites	ReadBandwidth	WriteBandwidth	TotalMemoryBandwidth	NumCalculation	NpuUtilization	
layer0.attn.proj	190491	197572	7081	3544	0	0	0	4268608	16448	602825589605	2322835757	605148425363	134217728	2.311512	
layer0.ffn.fc2	225864	246779	20915	11651	0	0	0	17073472	16448	816326655510	786421228	817113076739	536870912	2.812462	
layer0.ffn.fc1	202178	225493	23315	13443	0	0	0	17336640	16448	743583101007	705468582	744288569590	536870912	2.437551	
layer0.ffn.res	246779	248060	1281	64	0	0	0	1056768	528384	824955503512	412477751756	1237433255269	0	0.000000	
layer0.ffn.swish	225493	225864	371	64	0	0	0	266240	266240	717628032345	717628032345	1435256064690	0	0.000000	
layer0.ffn.rn	200416	202178	1762	320	0	0	0	536640	528384	304562996594	299877412031	604440408626	0	0.000000	
layer0.attn.res	197572	200416	2844	64	0	0	0	1056768	528384	371578059071	185789029535	557367088607	0	0.000000	
