OpName	StartCycle	EndCycle	TotalCycle	ComputeCycles	MemoryStalls	WeightLoadCycles	SystolicMemoryStalls	MemoryReads	MemoryWrites	ReadBandwidth	WriteBandwidth	TotalMemoryBandwidth	NumCalculation	NpuUtilization	
layer0.attn.rn	96259	97148	889	320	0	0	0	536640	528384	603644544431	594357705286	1198002249718	0	0.000000	
layer0.ffn.rn	53871	54642	771	320	0	0	0	536640	528384	696031128404	685322957198	1381354085603	0	0.000000	
layer0.ffn.swish	74108	74429	321	64	0	0	0	266240	266240	829408099688	829408099688	1658816199376	0	0.000000	
layer0.ffn.fc2	74429	94947	20518	11397	0	0	0	17073472	16448	832121649283	801637586	832923286870	536870912	2.875143	
layer0.attn.res	50944	53871	2927	64	0	0	0	1056768	528384	361041339255	180520669627	541562008882	0	0.000000	
layer0.ffn.res	94947	96259	1312	64	0	0	0	1056768	528384	805463414634	402731707317	1208195121951	0	0.000000	
layer0.ffn.fc1	54642	74108	19466	14094	0	0	0	17336640	16448	890611322305	844960443	891456282749	536870912	2.324961	
layer0.attn.QKVgen	97148	116344	19196	12046	0	0	0	13134144	16448	684212544280	856845176	685069389456	402653184	2.040179	
layer0.attn.proj	43081	50944	7863	4163	0	0	0	4268608	16448	542872694900	2091822459	544964517359	134217728	1.967812	
