OpName	StartCycle	EndCycle	TotalCycle	ComputeCycles	MemoryStalls	WeightLoadCycles	SystolicMemoryStalls	MemoryReads	MemoryWrites	ReadBandwidth	WriteBandwidth	TotalMemoryBandwidth	NumCalculation	NpuUtilization	
layer0.ffn.swish	276435	276767	332	64	0	0	0	266240	266240	801927710843	801927710843	1603855421686	0	0.000000	
layer0.ffn.fc1	253448	276435	22987	13697	0	0	0	17336640	16448	754193239657	715534867	754908774524	536870912	2.392349	
layer0.ffn.fc2	276767	296946	20179	12413	0	0	0	17073472	16448	846100996085	815104811	846916100896	536870912	2.639813	
layer0.ffn.rn	252530	253448	918	320	0	0	0	536640	528384	584575163398	575581699346	1160156862745	0	0.000000	
layer0.attn.proj	244610	251323	6713	3147	0	0	0	4268608	16448	635871890361	2450171309	638322061671	134217728	2.603114	
layer0.ffn.res	296946	298181	1235	64	0	0	0	1056768	528384	855682591093	427841295546	1283523886639	0	0.000000	
layer0.attn.res	251323	252530	1207	64	0	0	0	1056768	528384	875532725766	437766362883	1313299088649	0	0.000000	
