OpName	StartCycle	EndCycle	TotalCycle	ComputeCycles	MemoryStalls	WeightLoadCycles	SystolicMemoryStalls	MemoryReads	MemoryWrites	ReadBandwidth	WriteBandwidth	TotalMemoryBandwidth	NumCalculation	NpuUtilization	
layer0.ffn.swish	282827	283253	426	64	0	0	0	266240	266240	624976525821	624976525821	1249953051643	0	0.000000	
layer0.ffn.fc1	260903	282827	21924	13697	0	0	0	17336640	16448	790760810071	750228060	791511038131	536870912	2.392349	
layer0.ffn.fc2	283253	303676	20423	11397	0	0	0	17073472	16448	835992361553	805366498	836797728051	536870912	2.875143	
layer0.ffn.rn	259956	260903	947	320	0	0	0	536640	528384	566673706441	557955649419	1124629355860	0	0.000000	
layer0.attn.proj	252035	258541	6506	3147	0	0	0	4268608	16448	656103289271	2528127881	658631417153	134217728	2.603114	
layer0.ffn.res	303676	304935	1259	64	0	0	0	1056768	528384	839370929308	419685464654	1259056393963	0	0.000000	
layer0.attn.res	258541	259956	1415	64	0	0	0	1056768	528384	746832508833	373416254416	1120248763250	0	0.000000	
