Stage	total_cycles	pim_cycles	mem_bw_util	
A	33060	0	83.909369	
B	38501	11736	72.977163	
C	131644	8573	85.067777	
D	127984	11118	87.610414	
E	97365	7995	86.526344	
F	96980	0	86.647182	
