Stage	total_cycles	pim_cycles	mem_bw_util	
A	33060	0	83.909369	
B	37968	11697	74.010186	
C	132511	8395	84.504918	
D	135029	11646	83.041791	
E	97343	8328	86.537360	
F	97610	0	86.087939	
