Stage	total_cycles	pim_cycles	mem_bw_util	
A	33060	0	83.909369	
B	40573	12001	69.267277	
C	128729	7083	86.974477	
D	132232	11735	84.801192	
E	96072	7423	87.664395	
F	96841	0	86.771551	
