Stage	total_cycles	pim_cycles	mem_bw_util	
A	33060	0	83.909369	
B	37951	13046	74.191721	
C	130682	7677	85.679216	
D	129263	12617	86.789820	
E	98673	7667	85.359787	
F	97805	0	85.916300	
