OpName	StartCycle	EndCycle	TotalCycle	ComputeCycles	MemoryStalls	WeightLoadCycles	SystolicMemoryStalls	MemoryReads	MemoryWrites	ReadBandwidth	WriteBandwidth	TotalMemoryBandwidth	NumCalculation	NpuUtilization	
layer0.ffn.rn	352276	355339	3063	320	0	0	0	1069120	1052672	349043421482	343673522690	692716944172	0	0.000000	
layer0.ffn.swish	395748	396322	574	64	0	0	0	266240	266240	463832752613	463832752613	927665505226	0	0.000000	
layer0.ffn.res	432886	435905	3019	64	0	0	0	2105344	1052672	697364690294	348682345147	1046047035442	0	0.000000	
layer0.ffn.fc1	355339	395748	40409	28664	0	0	0	34672960	16448	858050434309	407038036	858457472345	1073741824	2.286352	
layer0.attn.proj	338563	349576	11013	6719	0	0	0	8471104	16448	769191319349	1493507672	770684827022	268435456	2.438458	
layer0.ffn.fc2	396322	432886	36564	21367	0	0	0	33883456	16448	926688983699	449841374	927138825073	1073741824	3.067160	
layer0.attn.res	349576	352276	2700	64	0	0	0	2105344	1052672	779757037037	389878518518	1169635555555	0	0.000000	
