OpName	StartCycle	EndCycle	TotalCycle	ComputeCycles	MemoryStalls	WeightLoadCycles	SystolicMemoryStalls	MemoryReads	MemoryWrites	ReadBandwidth	WriteBandwidth	TotalMemoryBandwidth	NumCalculation	NpuUtilization	
layer0.ffn.fc1	88402	129988	41586	28442	0	0	0	34672960	16448	833765209445	395517722	834160727167	1073741824	2.304198	
layer0.ffn.res	165630	168283	2653	64	0	0	0	2105344	1052672	793571051639	396785525819	1190356577459	0	0.000000	
layer0.attn.res	82781	85742	2961	64	0	0	0	2105344	1052672	711024653833	355512326916	1066536980749	0	0.000000	
layer0.attn.proj	71558	82781	11223	7481	0	0	0	8471104	16448	754798538715	1465561792	756264100507	268435456	2.190082	
layer0.attn.rn	168283	170700	2417	320	0	0	0	1069120	1052672	442333471245	435528340918	877861812163	0	0.000000	
layer0.ffn.fc2	130316	165630	35314	24955	0	0	0	33883456	16448	959490740216	465764286	959956504502	1073741824	2.626167	
layer0.ffn.rn	85742	88402	2660	320	0	0	0	1069120	1052608	401924812030	395717293233	797642105263	0	0.000000	
layer0.attn.QKVgen	170700	203201	32501	22790	0	0	0	26267968	16448	808220300913	506076736	808726377649	805306368	2.156735	
layer0.ffn.swish	129988	130316	328	64	0	0	0	266240	266240	811707317073	811707317073	1623414634146	0	0.000000	
