OpName	StartCycle	EndCycle	TotalCycle	ComputeCycles	MemoryStalls	WeightLoadCycles	SystolicMemoryStalls	MemoryReads	MemoryWrites	ReadBandwidth	WriteBandwidth	TotalMemoryBandwidth	NumCalculation	NpuUtilization	
layer0.attn.QKVgen	302127	331184	29057	22679	0	0	0	26267968	16448	904015142650	566059813	904581202464	805306368	2.167291	
layer0.ffn.res	297140	299580	2440	64	0	0	0	2105344	1052672	862845901639	431422950819	1294268852459	0	0.000000	
layer0.attn.rn	299580	302127	2547	320	0	0	0	1069120	1052672	419756576364	413298782881	833055359246	0	0.000000	
layer0.attn.proj	203201	214659	11458	7989	0	0	0	8471104	16448	739317856519	1435503578	740753360097	268435456	2.050820	
layer0.ffn.rn	218005	220485	2480	320	0	0	0	1069120	1052672	431096774193	424464516129	855561290322	0	0.000000	
layer0.ffn.fc1	220485	261015	40530	27251	0	0	0	34672960	16448	855488773747	405822847	855894596595	1073741824	2.404903	
layer0.attn.res	214659	218005	3346	64	0	0	0	2105344	1052672	629212193664	314606096832	943818290496	0	0.000000	
layer0.ffn.fc2	261840	297140	35300	25685	0	0	0	33883456	16448	959871274787	465949008	960337223796	1073741824	2.551528	
layer0.ffn.swish	261015	261840	825	64	0	0	0	266240	266240	322715151515	322715151515	645430303030	0	0.000000	
