OpName	StartCycle	EndCycle	TotalCycle	ComputeCycles	MemoryStalls	WeightLoadCycles	SystolicMemoryStalls	MemoryReads	MemoryWrites	ReadBandwidth	WriteBandwidth	TotalMemoryBandwidth	NumCalculation	NpuUtilization	
layer0.attn.QKVgen	302435	334589	32154	23155	0	0	0	26267968	16448	816942464390	511538222	817454002612	805306368	2.122738	
layer0.ffn.res	297670	300271	2601	64	0	0	0	2105344	1052672	809436370626	404718185313	1214154555940	0	0.000000	
layer0.attn.rn	300271	302435	2164	320	0	0	0	1069120	1052672	494048059149	486447319778	980495378927	0	0.000000	
layer0.attn.proj	202358	214243	11885	7227	0	0	0	8471104	16448	712755910811	1383929322	714139840134	268435456	2.267054	
layer0.ffn.rn	217036	220373	3337	320	0	0	0	1069120	1052672	320383578064	315454599940	635838178004	0	0.000000	
layer0.ffn.fc1	220373	260907	40534	26997	0	0	0	34672960	16448	855404351902	405782799	855810134701	1073741824	2.427529	
layer0.attn.res	214243	217036	2793	64	0	0	0	2105344	1052672	753793054063	376896527031	1130689581095	0	0.000000	
layer0.ffn.fc2	261241	297670	36429	21875	0	0	0	33883456	16448	930123143649	451508413	930574652062	1073741824	2.995931	
layer0.ffn.swish	260907	261241	334	64	0	0	0	266240	266240	797125748502	797125748502	1594251497005	0	0.000000	
