OpName	StartCycle	EndCycle	TotalCycle	ComputeCycles	MemoryStalls	WeightLoadCycles	SystolicMemoryStalls	MemoryReads	MemoryWrites	ReadBandwidth	WriteBandwidth	TotalMemoryBandwidth	NumCalculation	NpuUtilization	
layer0.attn.QKVgen	300432	330951	30519	22139	0	0	0	26267968	16448	860708673285	538942953	861247616239	805306368	2.220154	
layer0.ffn.res	295541	297705	2164	64	0	0	0	2105344	1052672	972894639556	486447319778	1459341959334	0	0.000000	
layer0.attn.rn	297705	300432	2727	320	0	0	0	1069120	1052672	392049871653	386018335166	778068206820	0	0.000000	
layer0.attn.proj	201689	212849	11160	6465	0	0	0	8471104	16448	759059498207	1473835125	760533333333	268435456	2.534261	
layer0.ffn.rn	215770	218761	2991	320	0	0	0	1069120	1052672	357445670344	351946506185	709392176529	0	0.000000	
layer0.ffn.fc1	218761	259754	40993	29426	0	0	0	34672960	16448	845826360598	401239235	846227599834	1073741824	2.227146	
layer0.attn.res	212849	215770	2921	64	0	0	0	2105344	1052672	720761383087	360380691543	1081142074631	0	0.000000	
layer0.ffn.fc2	260270	295541	35271	22129	0	0	0	33883456	16448	960660485951	466332114	961126818065	1073741824	2.961544	
layer0.ffn.swish	259754	260270	516	64	0	0	0	266240	266240	515968992248	515968992248	1031937984496	0	0.000000	
