OpName	StartCycle	EndCycle	TotalCycle	ComputeCycles	MemoryStalls	WeightLoadCycles	SystolicMemoryStalls	MemoryReads	MemoryWrites	ReadBandwidth	WriteBandwidth	TotalMemoryBandwidth	NumCalculation	NpuUtilization	
layer0.attn.res	442324	444861	2537	64	0	0	0	2105344	1052672	829855735120	414927867560	1244783602680	0	0.000000	
layer0.ffn.rn	444861	447157	2296	320	0	0	0	1069120	1052672	465644599303	458480836236	924125435540	0	0.000000	
layer0.attn.proj	429623	442324	12701	6719	0	0	0	8471104	16448	666963546177	1295016140	668258562317	268435456	2.438458	
layer0.ffn.fc2	488360	525009	36649	22637	0	0	0	33883456	16448	924539714589	448798057	924988512647	1073741824	2.895083	
layer0.ffn.swish	488004	488360	356	64	0	0	0	266240	266240	747865168539	747865168539	1495730337078	0	0.000000	
layer0.ffn.fc1	447157	488004	40847	28807	0	0	0	34672960	16448	848849609518	402673390	849252282909	1073741824	2.275003	
layer0.ffn.res	525009	527427	2418	64	0	0	0	2105344	1052672	870696443341	435348221670	1306044665012	0	0.000000	
