OpName	StartCycle	EndCycle	TotalCycle	ComputeCycles	MemoryStalls	WeightLoadCycles	SystolicMemoryStalls	MemoryReads	MemoryWrites	ReadBandwidth	WriteBandwidth	TotalMemoryBandwidth	NumCalculation	NpuUtilization	
layer0.ffn.fc1	92040	130419	38379	27394	0	0	0	34672960	16448	903435733083	428567706	903864300789	1073741824	2.392349	
layer0.ffn.res	166392	168730	2338	64	0	0	0	2105344	1052672	900489307100	450244653550	1350733960650	0	0.000000	
layer0.attn.res	86218	89162	2944	64	0	0	0	2105344	1052672	715130434782	357565217391	1072695652173	0	0.000000	
layer0.attn.proj	73630	86218	12588	6973	0	0	0	8471104	16448	672950746742	1306641245	674257387988	268435456	2.349634	
layer0.attn.rn	168730	171040	2310	320	0	0	0	1069120	1052672	462822510822	455702164502	918524675324	0	0.000000	
layer0.ffn.fc2	130938	166392	35454	21875	0	0	0	33883456	16448	955701923619	463925086	956165848705	1073741824	2.995931	
layer0.ffn.rn	89162	92040	2878	320	0	0	0	1069120	1052672	371480194579	365765114662	737245309242	0	0.000000	
layer0.attn.QKVgen	171040	202358	31318	22822	0	0	0	26267968	16448	838749856312	525193179	839275049492	805306368	2.153711	
layer0.ffn.swish	130419	130938	519	64	0	0	0	266240	266240	512986512524	512986512524	1025973025048	0	0.000000	
