OpName	StartCycle	EndCycle	TotalCycle	ComputeCycles	MemoryStalls	WeightLoadCycles	SystolicMemoryStalls	MemoryReads	MemoryWrites	ReadBandwidth	WriteBandwidth	TotalMemoryBandwidth	NumCalculation	NpuUtilization	
layer0.attn.rn	33058	35174	2116	320	0	0	0	1069120	1052672	505255198487	497482041587	1002737240075	0	0.000000	
layer0.attn.QKVgen	35174	71558	36384	23441	0	0	0	26267968	16448	721964819700	452066842	722416886543	805306368	2.096839	
