OpName	StartCycle	EndCycle	TotalCycle	ComputeCycles	MemoryStalls	WeightLoadCycles	SystolicMemoryStalls	MemoryReads	MemoryWrites	ReadBandwidth	WriteBandwidth	TotalMemoryBandwidth	NumCalculation	NpuUtilization	
layer0.attn.rn	33058	35173	2115	320	0	0	0	1069120	1052672	505494089834	497717257683	1003211347517	0	0.000000	
layer0.attn.QKVgen	35173	73630	38457	22028	0	0	0	26267968	16448	683047767636	427698468	683475466105	805306368	2.231342	
