OpName	StartCycle	EndCycle	TotalCycle	ComputeCycles	MemoryStalls	WeightLoadCycles	SystolicMemoryStalls	MemoryReads	MemoryWrites	ReadBandwidth	WriteBandwidth	TotalMemoryBandwidth	NumCalculation	NpuUtilization	
layer0.ffn.rn	349864	352399	2535	320	0	0	0	1069120	1052672	421743589743	415255226824	836998816568	0	0.000000	
layer0.ffn.swish	391043	391415	372	64	0	0	0	266240	266240	715698924731	715698924731	1431397849462	0	0.000000	
layer0.ffn.res	428296	430660	2364	64	0	0	0	2105344	1052672	890585448392	445292724196	1335878172588	0	0.000000	
layer0.ffn.fc1	352399	391043	38644	26632	0	0	0	34672960	16448	897240451299	425628816	897666080115	1073741824	2.460799	
layer0.attn.proj	334589	346790	12201	7481	0	0	0	8471104	16448	694295877387	1348086222	695643963609	268435456	2.190082	
layer0.ffn.fc2	391415	428296	36881	22637	0	0	0	33883456	16448	918723895772	445974892	919169870665	1073741824	2.895083	
layer0.attn.res	346790	349864	3074	64	0	0	0	2105344	1052672	684887443070	342443721535	1027331164606	0	0.000000	
