OpName	StartCycle	EndCycle	TotalCycle	ComputeCycles	MemoryStalls	WeightLoadCycles	SystolicMemoryStalls	MemoryReads	MemoryWrites	ReadBandwidth	WriteBandwidth	TotalMemoryBandwidth	NumCalculation	NpuUtilization	
layer0.ffn.rn	345821	348254	2433	320	0	0	0	1069120	1052672	439424578709	432664200575	872088779284	0	0.000000	
layer0.ffn.swish	387923	388481	558	64	0	0	0	266240	266240	477132616487	477132616487	954265232974	0	0.000000	
layer0.ffn.res	426044	428548	2504	64	0	0	0	2105344	1052672	840792332268	420396166134	1261188498402	0	0.000000	
layer0.ffn.fc1	348254	387923	39669	27140	0	0	0	34672960	16448	874056820187	414631072	874471451259	1073741824	2.414738	
layer0.attn.proj	331184	342541	11357	6465	0	0	0	8471104	16448	745892753367	1448269789	747341023157	268435456	2.534261	
layer0.ffn.fc2	388481	426044	37563	20605	0	0	0	33883456	16448	902043393765	437877698	902481271463	1073741824	3.180587	
layer0.attn.res	342541	345821	3280	64	0	0	0	2105344	1052672	641873170731	320936585365	962809756097	0	0.000000	
