OpName	StartCycle	EndCycle	TotalCycle	ComputeCycles	MemoryStalls	WeightLoadCycles	SystolicMemoryStalls	MemoryReads	MemoryWrites	ReadBandwidth	WriteBandwidth	TotalMemoryBandwidth	NumCalculation	NpuUtilization	
layer0.attn.rn	33058	34993	1935	320	0	0	0	1069120	1052672	552516795865	544016537467	1096533333333	0	0.000000	
layer0.attn.QKVgen	34993	71008	36015	22028	0	0	0	26267968	16448	729361876995	456698597	729818575593	805306368	2.231342	
