OpName	StartCycle	EndCycle	TotalCycle	ComputeCycles	MemoryStalls	WeightLoadCycles	SystolicMemoryStalls	MemoryReads	MemoryWrites	ReadBandwidth	WriteBandwidth	TotalMemoryBandwidth	NumCalculation	NpuUtilization	
layer0.attn.res	443936	446237	2301	64	0	0	0	2105344	1052672	914969143850	457484571925	1372453715775	0	0.000000	
layer0.ffn.rn	446237	448675	2438	320	0	0	0	1069120	1052672	438523379819	431776866283	870300246103	0	0.000000	
layer0.attn.proj	430660	443936	13276	5195	0	0	0	8471104	16448	638076529075	1238927387	639315456462	268435456	3.153802	
layer0.ffn.fc2	489167	524773	35606	24447	0	0	0	33883456	16448	951622086165	461944616	952084030781	1073741824	2.680738	
layer0.ffn.swish	488793	489167	374	64	0	0	0	266240	266240	711871657754	711871657754	1423743315508	0	0.000000	
layer0.ffn.fc1	448675	488793	40118	27251	0	0	0	34672960	16448	864274390547	409990527	864684381075	1073741824	2.404903	
layer0.ffn.res	524773	527500	2727	64	0	0	0	2105344	1052672	772036670333	386018335166	1158055005500	0	0.000000	
