OpName	StartCycle	EndCycle	TotalCycle	ComputeCycles	MemoryStalls	WeightLoadCycles	SystolicMemoryStalls	MemoryReads	MemoryWrites	ReadBandwidth	WriteBandwidth	TotalMemoryBandwidth	NumCalculation	NpuUtilization	
layer0.attn.res	448634	451518	2884	64	0	0	0	2105344	1052672	730008321775	365004160887	1095012482662	0	0.000000	
layer0.ffn.rn	451518	453962	2444	320	0	0	0	1069120	1052672	437446808510	430716857610	868163666121	0	0.000000	
layer0.attn.proj	435905	448634	12729	7227	0	0	0	8471104	16448	665496425485	1292167491	666788592976	268435456	2.267054	
layer0.ffn.fc2	493941	530371	36430	21621	0	0	0	33883456	16448	930097611858	451496019	930549107878	1073741824	3.031127	
layer0.ffn.swish	493617	493941	324	64	0	0	0	266240	266240	821728395061	821728395061	1643456790123	0	0.000000	
layer0.ffn.fc1	453962	493617	39655	28013	0	0	0	34672960	16448	874365401588	414777455	874780179044	1073741824	2.339485	
layer0.ffn.res	530371	533514	3143	64	0	0	0	2105344	1052672	669851734012	334925867006	1004777601018	0	0.000000	
