OpName	StartCycle	EndCycle	TotalCycle	ComputeCycles	MemoryStalls	WeightLoadCycles	SystolicMemoryStalls	MemoryReads	MemoryWrites	ReadBandwidth	WriteBandwidth	TotalMemoryBandwidth	NumCalculation	NpuUtilization	
layer0.attn.QKVgen	306567	338563	31996	23155	0	0	0	26267968	16448	820976622077	514064258	821490686335	805306368	2.122738	
layer0.ffn.res	301637	304242	2605	64	0	0	0	2105344	1052672	808193474088	404096737044	1212290211132	0	0.000000	
layer0.attn.rn	304242	306567	2325	320	0	0	0	1069120	1052672	459836559139	452762150537	912598709677	0	0.000000	
layer0.attn.proj	203535	214831	11296	7481	0	0	0	8471104	16448	749920679886	1456090651	751376770538	268435456	2.190082	
layer0.ffn.rn	218382	222236	3854	320	0	0	0	1069120	1052672	277405293201	273137519460	550542812662	0	0.000000	
layer0.ffn.fc1	222236	263044	40808	27791	0	0	0	34672960	16448	849660850813	403058223	850063909037	1073741824	2.358174	
layer0.attn.res	214831	218382	3551	64	0	0	0	2105344	1052672	592887637285	296443818642	889331455927	0	0.000000	
layer0.ffn.fc2	263386	301637	38251	21621	0	0	0	33883456	16448	885818828265	430001830	886248830095	1073741824	3.031127	
layer0.ffn.swish	263044	263386	342	64	0	0	0	266240	266240	778479532163	778479532163	1556959064327	0	0.000000	
