OpName	StartCycle	EndCycle	TotalCycle	ComputeCycles	MemoryStalls	WeightLoadCycles	SystolicMemoryStalls	MemoryReads	MemoryWrites	ReadBandwidth	WriteBandwidth	TotalMemoryBandwidth	NumCalculation	NpuUtilization	
layer0.ffn.rn	347328	350116	2788	320	0	0	0	1069120	1052672	383472022955	377572453371	761044476327	0	0.000000	
layer0.ffn.swish	390424	390770	346	64	0	0	0	266240	266240	769479768786	769479768786	1538959537572	0	0.000000	
layer0.ffn.res	426964	429623	2659	64	0	0	0	2105344	1052672	791780368559	395890184279	1187670552839	0	0.000000	
layer0.ffn.fc1	350116	390424	40308	27172	0	0	0	34672960	16448	860200456485	408057953	860608514438	1073741824	2.411895	
layer0.attn.proj	330951	342455	11504	7227	0	0	0	8471104	16448	736361613351	1429763560	737791376912	268435456	2.267054	
layer0.ffn.fc2	390770	426964	36194	21875	0	0	0	33883456	16448	936162236834	454439962	936616676797	1073741824	2.995931	
layer0.attn.res	342455	347328	4873	64	0	0	0	2105344	1052672	432042684178	216021342089	648064026267	0	0.000000	
