OpName	StartCycle	EndCycle	TotalCycle	ComputeCycles	MemoryStalls	WeightLoadCycles	SystolicMemoryStalls	MemoryReads	MemoryWrites	ReadBandwidth	WriteBandwidth	TotalMemoryBandwidth	NumCalculation	NpuUtilization	
layer0.attn.rn	33058	35173	2115	320	0	0	0	1069120	1052672	505494089834	497717257683	1003211347517	0	0.000000	
layer0.attn.QKVgen	35173	71025	35852	21774	0	0	0	26267968	16448	732677898025	458774963	733136672988	805306368	2.257371	
