OpName	StartCycle	EndCycle	TotalCycle	ComputeCycles	MemoryStalls	WeightLoadCycles	SystolicMemoryStalls	MemoryReads	MemoryWrites	ReadBandwidth	WriteBandwidth	TotalMemoryBandwidth	NumCalculation	NpuUtilization	
layer0.ffn.fc1	88291	129848	41557	27537	0	0	0	34672960	16448	834347041412	395793729	834742835142	1073741824	2.379925	
layer0.ffn.res	166298	168744	2446	64	0	0	0	2105344	1052672	860729354047	430364677023	1291094031071	0	0.000000	
layer0.attn.res	82417	85237	2820	64	0	0	0	2105344	1052672	746575886524	373287943262	1119863829787	0	0.000000	
layer0.attn.proj	71025	82417	11392	6719	0	0	0	8471104	16448	743601123595	1443820224	745044943820	268435456	2.438458	
layer0.attn.rn	168744	171009	2265	320	0	0	0	1069120	1052672	472017660044	464755849889	936773509933	0	0.000000	
layer0.ffn.fc2	130209	166298	36089	22383	0	0	0	33883456	16448	938885976336	455762143	939341738479	1073741824	2.927936	
layer0.ffn.rn	85237	88291	3054	320	0	0	0	1069120	1052672	350072036673	344686313032	694758349705	0	0.000000	
layer0.attn.QKVgen	171009	203535	32526	23044	0	0	0	26267968	16448	807599089958	505687757	808104777716	805306368	2.132963	
layer0.ffn.swish	129848	130209	361	64	0	0	0	266240	266240	737506925207	737506925207	1475013850415	0	0.000000	
