OpName	StartCycle	EndCycle	TotalCycle	ComputeCycles	MemoryStalls	WeightLoadCycles	SystolicMemoryStalls	MemoryReads	MemoryWrites	ReadBandwidth	WriteBandwidth	TotalMemoryBandwidth	NumCalculation	NpuUtilization	
layer0.ffn.fc1	88737	127649	38912	26775	0	0	0	34672960	16448	891060855263	422697368	891483552631	1073741824	2.447656	
layer0.ffn.res	164644	167113	2469	64	0	0	0	2105344	1052672	852711219117	426355609558	1279066828675	0	0.000000	
layer0.attn.res	82206	85935	3729	64	0	0	0	2105344	1052672	564586752480	282293376240	846880128720	0	0.000000	
layer0.attn.proj	71008	82206	11198	7481	0	0	0	8471104	16448	756483657796	1468833720	757952491516	268435456	2.190082	
layer0.attn.rn	167113	169250	2137	320	0	0	0	1069120	1052672	500290126345	492593355170	992883481516	0	0.000000	
layer0.ffn.fc2	127992	164644	36652	21367	0	0	0	33883456	16448	924464040161	448761322	924912801484	1073741824	3.067160	
layer0.ffn.rn	85935	88737	2802	320	0	0	0	1069120	1052672	381556031406	375685938615	757241970021	0	0.000000	
layer0.attn.QKVgen	169250	201689	32439	23552	0	0	0	26267968	16448	809765035913	507043990	810272079903	805306368	2.086957	
layer0.ffn.swish	127649	127992	343	64	0	0	0	266240	266240	776209912536	776209912536	1552419825072	0	0.000000	
