OpName	StartCycle	EndCycle	TotalCycle	ComputeCycles	MemoryStalls	WeightLoadCycles	SystolicMemoryStalls	MemoryReads	MemoryWrites	ReadBandwidth	WriteBandwidth	TotalMemoryBandwidth	NumCalculation	NpuUtilization	
layer0.attn.res	441983	444522	2539	64	0	0	0	2105344	1052672	829202048050	414601024025	1243803072075	0	0.000000	
layer0.ffn.rn	444522	446922	2400	320	0	0	0	1069120	1052672	445466666666	438613333333	884080000000	0	0.000000	
layer0.attn.proj	428548	441983	13435	6973	0	0	0	8471104	16448	630525046520	1224264979	631749311499	268435456	2.349634	
layer0.ffn.fc2	486509	522529	36020	21367	0	0	0	33883456	16448	940684508606	456635202	941141143808	1073741824	3.067160	
layer0.ffn.swish	486152	486509	357	64	0	0	0	266240	266240	745770308123	745770308123	1491540616246	0	0.000000	
layer0.ffn.fc1	446922	486152	39230	27791	0	0	0	34672960	16448	883837879174	419270966	884257150140	1073741824	2.358174	
layer0.ffn.res	522529	525527	2998	64	0	0	0	2105344	1052672	702249499666	351124749833	1053374249499	0	0.000000	
