Stage	total_cycles	pim_cycles	mem_bw_util	
A	8548	0	76.713120	
B	24383	7814	28.483728	
C	39476	7589	68.307643	
D	47419	7523	57.008662	
E	33585	7089	60.765036	
F	31541	0	63.686749	
