Stage	total_cycles	pim_cycles	mem_bw_util	
A	8548	0	76.713120	
B	25245	8310	27.726530	
C	42246	7106	63.840216	
D	46007	8735	58.876638	
E	31982	7353	63.825159	
F	31918	0	62.934512	
