Stage	total_cycles	pim_cycles	mem_bw_util	
A	8548	0	76.713120	
B	18278	9629	38.756292	
C	41260	7166	65.296898	
D	37860	10096	71.768687	
E	29880	7134	68.220172	
F	24770	0	81.095832	
