Stage	total_cycles	pim_cycles	mem_bw_util	
A	8548	0	76.713120	
B	17397	7803	39.950854	
C	43327	6598	62.145140	
D	41443	7843	65.240209	
E	34320	6676	59.347684	
F	28109	0	71.462654	
