OpName	StartCycle	EndCycle	TotalCycle	ComputeCycles	MemoryStalls	WeightLoadCycles	SystolicMemoryStalls	MemoryReads	MemoryWrites	ReadBandwidth	WriteBandwidth	TotalMemoryBandwidth	NumCalculation	NpuUtilization	
layer0.attn.proj	72403	76336	3933	2774	0	0	0	2134592	8256	542738876175	2099160945	544838037121	33554432	0.738284	
layer0.ffn.swish	92760	97389	4629	32	0	0	0	133120	133120	28757831065	28757831065	57515662130	0	0.000000	
layer0.ffn.fc1	77236	92760	15524	8063	0	0	0	8537408	8256	549948982221	531821695	550480803916	134217728	1.015999	
layer0.ffn.rn	76921	77236	315	160	0	0	0	137280	133120	435809523809	422603174603	858412698412	0	0.000000	
layer0.ffn.res	110527	110837	310	32	0	0	0	266240	133120	858838709677	429419354838	1288258064516	0	0.000000	
layer0.attn.QKVgen	111152	119821	8669	5769	0	0	0	6436160	8256	742433960087	952358980	743386319067	100663296	1.065003	
layer0.attn.res	76336	76921	585	32	0	0	0	266240	133120	455111111111	227555555555	682666666666	0	0.000000	
layer0.attn.rn	110837	111152	315	160	0	0	0	137280	133120	435809523809	422603174603	858412698412	0	0.000000	
layer0.ffn.fc2	97389	110527	13138	7301	0	0	0	8537408	8256	649825544222	628406150	650453950372	134217728	1.122038	
