OpName	StartCycle	EndCycle	TotalCycle	ComputeCycles	MemoryStalls	WeightLoadCycles	SystolicMemoryStalls	MemoryReads	MemoryWrites	ReadBandwidth	WriteBandwidth	TotalMemoryBandwidth	NumCalculation	NpuUtilization	
layer0.attn.proj	69268	72490	3222	1869	0	0	0	2134592	8256	662505276225	2562383612	665067659838	33554432	1.095773	
layer0.ffn.swish	88555	89579	1024	32	0	0	0	133120	133120	130000000000	130000000000	260000000000	0	0.000000	
layer0.ffn.fc1	73338	88555	15217	7301	0	0	0	8537408	8256	561044095419	542551094	561586646513	134217728	1.122038	
layer0.ffn.rn	73025	73338	313	160	0	0	0	137280	133120	438594249201	425303514376	863897763578	0	0.000000	
layer0.ffn.res	99475	99963	488	32	0	0	0	266240	133120	545573770491	272786885245	818360655737	0	0.000000	
layer0.attn.QKVgen	100246	110710	10464	5515	0	0	0	6436160	8256	615076452599	788990825	615865443425	100663296	1.114053	
layer0.attn.res	72490	73025	535	32	0	0	0	266240	133120	497644859813	248822429906	746467289719	0	0.000000	
layer0.attn.rn	99963	100246	283	160	0	0	0	137280	133120	485088339222	470388692579	955477031802	0	0.000000	
layer0.ffn.fc2	89579	99475	9896	7047	0	0	0	8537408	8256	862713015359	834276475	863547291835	134217728	1.162480	
