OpName	StartCycle	EndCycle	TotalCycle	ComputeCycles	MemoryStalls	WeightLoadCycles	SystolicMemoryStalls	MemoryReads	MemoryWrites	ReadBandwidth	WriteBandwidth	TotalMemoryBandwidth	NumCalculation	NpuUtilization	
layer0.attn.proj	110710	114184	3474	2377	0	0	0	2134592	8256	614447898675	2376511226	616824409902	33554432	0.861590	
layer0.ffn.res	144703	145029	326	32	0	0	0	266240	133120	816687116564	408343558282	1225030674846	0	0.000000	
layer0.attn.res	114184	114715	531	32	0	0	0	266240	133120	501393596986	250696798493	752090395480	0	0.000000	
layer0.ffn.swish	129307	130667	1360	32	0	0	0	133120	133120	97882352941	97882352941	195764705882	0	0.000000	
layer0.ffn.rn	114715	115077	362	160	0	0	0	137280	133120	379226519337	367734806629	746961325966	0	0.000000	
layer0.ffn.fc2	130667	144703	14036	6539	0	0	0	8537408	8256	608250783699	588201766	608838985465	134217728	1.252791	
layer0.ffn.fc1	115077	129307	14230	7047	0	0	0	8537408	8256	599958397751	580182712	600538580463	134217728	1.162480	
