OpName	StartCycle	EndCycle	TotalCycle	ComputeCycles	MemoryStalls	WeightLoadCycles	SystolicMemoryStalls	MemoryReads	MemoryWrites	ReadBandwidth	WriteBandwidth	TotalMemoryBandwidth	NumCalculation	NpuUtilization	
layer0.attn.res	156466	156775	309	32	0	0	0	266240	133120	861618122977	430809061488	1292427184466	0	0.000000	
layer0.ffn.swish	170636	170817	181	32	0	0	0	133120	133120	735469613259	735469613259	1470939226519	0	0.000000	
layer0.attn.proj	153405	156466	3061	1869	0	0	0	2134592	8256	697351192420	2697157791	700048350212	33554432	1.095773	
layer0.ffn.fc2	170817	184635	13818	6539	0	0	0	8537408	8256	617846866406	597481545	618444347951	134217728	1.252791	
layer0.ffn.res	184635	184945	310	32	0	0	0	266240	133120	858838709677	429419354838	1288258064516	0	0.000000	
layer0.ffn.rn	156775	157094	319	160	0	0	0	137280	133120	430344827586	417304075235	847648902821	0	0.000000	
layer0.ffn.fc1	157094	170636	13542	6539	0	0	0	8537408	8256	630439226111	609658839	631048884950	134217728	1.252791	
