OpName	StartCycle	EndCycle	TotalCycle	ComputeCycles	MemoryStalls	WeightLoadCycles	SystolicMemoryStalls	MemoryReads	MemoryWrites	ReadBandwidth	WriteBandwidth	TotalMemoryBandwidth	NumCalculation	NpuUtilization	
layer0.ffn.fc1	38220	52627	14407	7047	0	0	0	8537408	8256	592587492191	573054765	593160546956	134217728	1.162480	
layer0.ffn.res	64959	65265	306	32	0	0	0	266240	133120	870065359477	435032679738	1305098039215	0	0.000000	
layer0.ffn.fc2	54601	64959	10358	7555	0	0	0	8537408	8256	824233249662	797065070	825030314732	134217728	1.084315	
layer0.attn.res	37408	37914	506	32	0	0	0	266240	133120	526166007905	263083003952	789249011857	0	0.000000	
layer0.attn.rn	65265	65581	316	160	0	0	0	137280	133120	434430379746	421265822784	855696202531	0	0.000000	
layer0.attn.proj	33790	37408	3618	2631	0	0	0	2134592	8256	589992260917	2281923714	592274184632	33554432	0.778411	
layer0.attn.QKVgen	65581	76035	10454	5515	0	0	0	6436160	8256	615664817294	789745551	616454562846	100663296	1.114053	
layer0.ffn.swish	52627	54601	1974	32	0	0	0	133120	133120	67436676798	67436676798	134873353596	0	0.000000	
layer0.ffn.rn	37914	38220	306	160	0	0	0	137280	133120	448627450980	435032679738	883660130718	0	0.000000	
