OpName	StartCycle	EndCycle	TotalCycle	ComputeCycles	MemoryStalls	WeightLoadCycles	SystolicMemoryStalls	MemoryReads	MemoryWrites	ReadBandwidth	WriteBandwidth	TotalMemoryBandwidth	NumCalculation	NpuUtilization	
layer0.ffn.fc1	37985	53383	15398	7555	0	0	0	8537408	8256	554449149240	536173529	554985322769	134217728	1.084315	
layer0.ffn.res	63547	63854	307	32	0	0	0	266240	133120	867231270358	433615635179	1300846905537	0	0.000000	
layer0.ffn.fc2	53563	63547	9984	6793	0	0	0	8537408	8256	855108974358	826923076	855935897435	134217728	1.205947	
layer0.attn.res	36774	37715	941	32	0	0	0	266240	133120	282933049946	141466524973	424399574920	0	0.000000	
layer0.attn.rn	63854	64167	313	160	0	0	0	137280	133120	438594249201	425303514376	863897763578	0	0.000000	
layer0.attn.proj	32928	36774	3846	2123	0	0	0	2134592	8256	555016120644	2146645865	557162766510	33554432	0.964673	
layer0.attn.QKVgen	64167	72403	8236	5769	0	0	0	6436160	8256	781466731423	1002428363	782469159786	100663296	1.065003	
layer0.ffn.swish	53383	53563	180	32	0	0	0	133120	133120	739555555555	739555555555	1479111111111	0	0.000000	
layer0.ffn.rn	37715	37985	270	160	0	0	0	137280	133120	508444444444	493037037037	1001481481481	0	0.000000	
