OpName	StartCycle	EndCycle	TotalCycle	ComputeCycles	MemoryStalls	WeightLoadCycles	SystolicMemoryStalls	MemoryReads	MemoryWrites	ReadBandwidth	WriteBandwidth	TotalMemoryBandwidth	NumCalculation	NpuUtilization	
layer0.attn.proj	76035	79781	3746	2123	0	0	0	2134592	8256	569832354511	2203950880	572036305392	33554432	0.964673	
layer0.ffn.swish	94851	100807	5956	32	0	0	0	133120	133120	22350570852	22350570852	44701141705	0	0.000000	
layer0.ffn.fc1	80949	94851	13902	7047	0	0	0	8537408	8256	614113652711	593871385	614707524097	134217728	1.162480	
layer0.ffn.rn	80603	80949	346	160	0	0	0	137280	133120	396763005780	384739884393	781502890173	0	0.000000	
layer0.ffn.res	110983	111316	333	32	0	0	0	266240	133120	799519519519	399759759759	1199279279279	0	0.000000	
layer0.attn.QKVgen	111615	122041	10426	5769	0	0	0	6436160	8256	617318242854	791866487	618110109342	100663296	1.065003	
layer0.attn.res	79781	80603	822	32	0	0	0	266240	133120	323892944038	161946472019	485839416058	0	0.000000	
layer0.attn.rn	111316	111615	299	160	0	0	0	137280	133120	459130434782	445217391304	904347826086	0	0.000000	
layer0.ffn.fc2	100807	110983	10176	6793	0	0	0	8537408	8256	838974842767	811320754	839786163522	134217728	1.205947	
