OpName	StartCycle	EndCycle	TotalCycle	ComputeCycles	MemoryStalls	WeightLoadCycles	SystolicMemoryStalls	MemoryReads	MemoryWrites	ReadBandwidth	WriteBandwidth	TotalMemoryBandwidth	NumCalculation	NpuUtilization	
layer0.attn.proj	122041	125264	3223	2377	0	0	0	2134592	8256	662299720757	2561588582	664861309339	33554432	0.861590	
layer0.ffn.res	153716	154022	306	32	0	0	0	266240	133120	870065359477	435032679738	1305098039215	0	0.000000	
layer0.attn.res	125264	125781	517	32	0	0	0	266240	133120	514970986460	257485493230	772456479690	0	0.000000	
layer0.ffn.swish	139328	139635	307	32	0	0	0	133120	133120	433615635179	433615635179	867231270358	0	0.000000	
layer0.ffn.rn	125781	126248	467	160	0	0	0	137280	133120	293961456102	285053533190	579014989293	0	0.000000	
layer0.ffn.fc2	139635	153716	14081	7555	0	0	0	8537408	8256	606306938427	586321994	606893260421	134217728	1.084315	
layer0.ffn.fc1	126248	139328	13080	6793	0	0	0	8537408	8256	652707033639	631192660	653338226299	134217728	1.205947	
