OpName	StartCycle	EndCycle	TotalCycle	ComputeCycles	MemoryStalls	WeightLoadCycles	SystolicMemoryStalls	MemoryReads	MemoryWrites	ReadBandwidth	WriteBandwidth	TotalMemoryBandwidth	NumCalculation	NpuUtilization	
layer0.attn.proj	105941	109456	3515	2377	0	0	0	2134592	8256	607280796586	2348790896	609629587482	33554432	0.861590	
layer0.ffn.res	135522	135820	298	32	0	0	0	266240	133120	893422818791	446711409395	1340134228187	0	0.000000	
layer0.attn.res	109456	109853	397	32	0	0	0	266240	133120	670629722921	335314861460	1005944584382	0	0.000000	
layer0.ffn.swish	124782	124979	197	32	0	0	0	133120	133120	675736040609	675736040609	1351472081218	0	0.000000	
layer0.ffn.rn	109853	110234	381	160	0	0	0	137280	133120	360314960629	349396325459	709711286089	0	0.000000	
layer0.ffn.fc2	124979	135522	10543	6285	0	0	0	8537408	8256	809770274115	783078820	810553352935	134217728	1.303421	
layer0.ffn.fc1	110234	124782	14548	7190	0	0	0	8537408	8256	586844102282	567500687	587411602969	134217728	1.139360	
