OpName	StartCycle	EndCycle	TotalCycle	ComputeCycles	MemoryStalls	WeightLoadCycles	SystolicMemoryStalls	MemoryReads	MemoryWrites	ReadBandwidth	WriteBandwidth	TotalMemoryBandwidth	NumCalculation	NpuUtilization	
layer0.attn.rn	8546	8789	243	160	0	0	0	137280	133120	564938271604	547818930041	1112757201646	0	0.000000	
layer0.attn.QKVgen	8789	20980	12191	6674	0	0	0	6436160	8256	527943564924	677220900	528620785825	100663296	0.920587	
