OpName	StartCycle	EndCycle	TotalCycle	ComputeCycles	MemoryStalls	WeightLoadCycles	SystolicMemoryStalls	MemoryReads	MemoryWrites	ReadBandwidth	WriteBandwidth	TotalMemoryBandwidth	NumCalculation	NpuUtilization	
layer0.attn.rn	8546	8793	247	160	0	0	0	137280	133120	555789473684	538947368421	1094736842105	0	0.000000	
layer0.attn.QKVgen	8793	21228	12435	6023	0	0	0	6436160	8256	517584238037	663932448	518248170486	100663296	1.020090	
