OpName	StartCycle	EndCycle	TotalCycle	ComputeCycles	MemoryStalls	WeightLoadCycles	SystolicMemoryStalls	MemoryReads	MemoryWrites	ReadBandwidth	WriteBandwidth	TotalMemoryBandwidth	NumCalculation	NpuUtilization	
layer0.attn.res	147859	148181	322	32	0	0	0	266240	133120	826832298136	413416149068	1240248447204	0	0.000000	
layer0.ffn.swish	162297	162479	182	32	0	0	0	133120	133120	731428571428	731428571428	1462857142857	0	0.000000	
layer0.attn.proj	145029	147859	2830	2377	0	0	0	2134592	8256	754272791519	2917314487	757190106007	33554432	0.861590	
layer0.ffn.fc2	162479	172830	10351	7047	0	0	0	8537408	8256	824790648246	797604096	825588252342	134217728	1.162480	
layer0.ffn.res	172830	173137	307	32	0	0	0	266240	133120	867231270358	433615635179	1300846905537	0	0.000000	
layer0.ffn.rn	148181	148530	349	160	0	0	0	137280	133120	393352435530	381432664756	774785100286	0	0.000000	
layer0.ffn.fc1	148530	162297	13767	6539	0	0	0	8537408	8256	620135686787	599694922	620735381709	134217728	1.252791	
