OpName	StartCycle	EndCycle	TotalCycle	ComputeCycles	MemoryStalls	WeightLoadCycles	SystolicMemoryStalls	MemoryReads	MemoryWrites	ReadBandwidth	WriteBandwidth	TotalMemoryBandwidth	NumCalculation	NpuUtilization	
layer0.attn.res	157054	157365	311	32	0	0	0	266240	133120	856077170418	428038585209	1284115755627	0	0.000000	
layer0.ffn.swish	171610	172043	433	32	0	0	0	133120	133120	307436489607	307436489607	614872979214	0	0.000000	
layer0.attn.proj	154022	157054	3032	2377	0	0	0	2134592	8256	704021108179	2722955145	706744063324	33554432	0.861590	
layer0.ffn.fc2	172043	185633	13590	6793	0	0	0	8537408	8256	628212509197	607505518	628820014716	134217728	1.205947	
layer0.ffn.res	185633	185939	306	32	0	0	0	266240	133120	870065359477	435032679738	1305098039215	0	0.000000	
layer0.ffn.rn	157365	157690	325	160	0	0	0	137280	133120	422400000000	409600000000	832000000000	0	0.000000	
layer0.ffn.fc1	157690	171610	13920	6793	0	0	0	8537408	8256	613319540229	593103448	613912643678	134217728	1.205947	
