OpName	StartCycle	EndCycle	TotalCycle	ComputeCycles	MemoryStalls	WeightLoadCycles	SystolicMemoryStalls	MemoryReads	MemoryWrites	ReadBandwidth	WriteBandwidth	TotalMemoryBandwidth	NumCalculation	NpuUtilization	
layer0.ffn.fc1	30664	45574	14910	7047	0	0	0	8537408	8256	572596109993	553722334	573149832327	134217728	1.162480	
layer0.ffn.res	60424	61057	633	32	0	0	0	266240	133120	420600315955	210300157977	630900473933	0	0.000000	
layer0.ffn.fc2	46029	60424	14395	6793	0	0	0	8537408	8256	593081486627	573532476	593655019103	134217728	1.205947	
layer0.attn.res	29732	30260	528	32	0	0	0	266240	133120	504242424242	252121212121	756363636363	0	0.000000	
layer0.attn.rn	61057	61343	286	160	0	0	0	137280	133120	480000000000	465454545454	945454545454	0	0.000000	
layer0.attn.proj	25942	29732	3790	3139	0	0	0	2134592	8256	563216886543	2178364116	565395250659	33554432	0.652437	
layer0.attn.QKVgen	61343	69268	7925	5769	0	0	0	6436160	8256	812133753943	1041766561	813175520504	100663296	1.065003	
layer0.ffn.swish	45574	46029	455	32	0	0	0	133120	133120	292571428571	292571428571	585142857142	0	0.000000	
layer0.ffn.rn	30260	30664	404	160	0	0	0	137280	133120	339801980198	329504950495	669306930693	0	0.000000	
