OpName	StartCycle	EndCycle	TotalCycle	ComputeCycles	MemoryStalls	WeightLoadCycles	SystolicMemoryStalls	MemoryReads	MemoryWrites	ReadBandwidth	WriteBandwidth	TotalMemoryBandwidth	NumCalculation	NpuUtilization	
layer0.attn.proj	68082	71890	3808	1869	0	0	0	2134592	8256	560554621848	2168067226	562722689075	33554432	1.095773	
layer0.ffn.swish	85320	85763	443	32	0	0	0	133120	133120	300496613995	300496613995	600993227990	0	0.000000	
layer0.ffn.fc1	73081	85320	12239	8317	0	0	0	8537408	8256	697557643598	674564915	698232208513	134217728	0.984971	
layer0.ffn.rn	72676	73081	405	160	0	0	0	137280	133120	338962962962	328691358024	667654320987	0	0.000000	
layer0.ffn.res	97241	97943	702	32	0	0	0	266240	133120	379259259259	189629629629	568888888888	0	0.000000	
layer0.attn.QKVgen	98170	105941	7771	5912	0	0	0	6436160	8256	828228027280	1062411530	829290438810	100663296	1.039242	
layer0.attn.res	71890	72676	786	32	0	0	0	266240	133120	338727735368	169363867684	508091603053	0	0.000000	
layer0.attn.rn	97943	98170	227	160	0	0	0	137280	133120	604757709251	586431718061	1191189427312	0	0.000000	
layer0.ffn.fc2	85763	97241	11478	8095	0	0	0	8537408	8256	743806238020	719289074	744525527095	134217728	1.011983	
