OpName	StartCycle	EndCycle	TotalCycle	ComputeCycles	MemoryStalls	WeightLoadCycles	SystolicMemoryStalls	MemoryReads	MemoryWrites	ReadBandwidth	WriteBandwidth	TotalMemoryBandwidth	NumCalculation	NpuUtilization	
layer0.attn.proj	119821	123201	3380	2631	0	0	0	2134592	8256	631536094674	2442603550	633978698224	33554432	0.778411	
layer0.ffn.res	153092	153405	313	32	0	0	0	266240	133120	850607028753	425303514376	1275910543130	0	0.000000	
layer0.attn.res	123201	123715	514	32	0	0	0	266240	133120	517976653696	258988326848	776964980544	0	0.000000	
layer0.ffn.swish	138770	139231	461	32	0	0	0	133120	133120	288763557483	288763557483	577527114967	0	0.000000	
layer0.ffn.rn	123715	124173	458	160	0	0	0	137280	133120	299737991266	290655021834	590393013100	0	0.000000	
layer0.ffn.fc2	139231	153092	13861	7047	0	0	0	8537408	8256	615930163768	595628021	616525791789	134217728	1.162480	
layer0.ffn.fc1	124173	138770	14597	7301	0	0	0	8537408	8256	584874152223	565595670	585439747893	134217728	1.122038	
