OpName	StartCycle	EndCycle	TotalCycle	ComputeCycles	MemoryStalls	WeightLoadCycles	SystolicMemoryStalls	MemoryReads	MemoryWrites	ReadBandwidth	WriteBandwidth	TotalMemoryBandwidth	NumCalculation	NpuUtilization	
layer0.ffn.fc1	31150	46866	15716	6793	0	0	0	8537408	8256	543230338508	525324510	543755663018	134217728	1.205947	
layer0.ffn.res	57038	57344	306	32	0	0	0	266240	133120	870065359477	435032679738	1305098039215	0	0.000000	
layer0.ffn.fc2	47234	57038	9804	7047	0	0	0	8537408	8256	870808649530	842105263	871650754793	134217728	1.162480	
layer0.attn.res	30410	30942	532	32	0	0	0	266240	133120	500451127819	250225563909	750676691729	0	0.000000	
layer0.attn.rn	57344	57660	316	160	0	0	0	137280	133120	434430379746	421265822784	855696202531	0	0.000000	
layer0.attn.proj	26823	30410	3587	2266	0	0	0	2134592	8256	595091162531	2301644828	597392807359	33554432	0.903795	
layer0.attn.QKVgen	57660	68082	10422	5515	0	0	0	6436160	8256	617555171752	792170408	618347342160	100663296	1.114053	
layer0.ffn.swish	46866	47234	368	32	0	0	0	133120	133120	361739130434	361739130434	723478260869	0	0.000000	
layer0.ffn.rn	30942	31150	208	160	0	0	0	137280	133120	660000000000	640000000000	1300000000000	0	0.000000	
