OpName	StartCycle	EndCycle	TotalCycle	ComputeCycles	MemoryStalls	WeightLoadCycles	SystolicMemoryStalls	MemoryReads	MemoryWrites	ReadBandwidth	WriteBandwidth	TotalMemoryBandwidth	NumCalculation	NpuUtilization	
layer0.attn.res	139306	139622	316	32	0	0	0	266240	133120	842531645569	421265822784	1263797468354	0	0.000000	
layer0.ffn.swish	150052	150243	191	32	0	0	0	133120	133120	696963350785	696963350785	1393926701570	0	0.000000	
layer0.attn.proj	135820	139306	3486	1869	0	0	0	2134592	8256	612332759609	2368330464	614701090074	33554432	1.095773	
layer0.ffn.fc2	150243	160287	10044	6682	0	0	0	8537408	8256	850000796495	821983273	850822779769	134217728	1.225980	
layer0.ffn.res	160287	160589	302	32	0	0	0	266240	133120	881589403973	440794701986	1322384105960	0	0.000000	
layer0.ffn.rn	139622	139948	326	160	0	0	0	137280	133120	421104294478	408343558282	829447852760	0	0.000000	
layer0.ffn.fc1	139948	150052	10104	7047	0	0	0	8537408	8256	844953285827	817102137	845770387965	134217728	1.162480	
