Stage	total_cycles	pim_cycles	mem_bw_util	
A	29222	0	89.632597	
B	35242	6575	74.871957	
C	124164	4532	84.800848	
D	124330	6113	84.733220	
E	93867	4530	84.267834	
F	92401	0	85.456259	
