Stage	total_cycles	pim_cycles	mem_bw_util	
A	29222	0	89.632597	
B	35880	6248	73.520938	
C	125002	3709	84.201953	
D	121695	5775	86.562102	
E	90837	3741	87.036945	
F	89531	0	88.195639	
