Stage	total_cycles	pim_cycles	mem_bw_util	
A	29222	0	89.632597	
B	34079	6217	77.393886	
C	122845	3981	85.693303	
D	120784	5480	87.211624	
E	93327	4052	84.731643	
F	88351	0	89.373564	
