Stage	total_cycles	pim_cycles	mem_bw_util	
A	29222	0	89.632597	
B	34007	4938	77.396749	
C	126808	4317	83.025815	
D	120838	4295	87.127083	
E	91800	4373	86.155501	
F	89628	0	88.100189	
