OpName	StartCycle	EndCycle	TotalCycle	ComputeCycles	MemoryStalls	WeightLoadCycles	SystolicMemoryStalls	MemoryReads	MemoryWrites	ReadBandwidth	WriteBandwidth	TotalMemoryBandwidth	NumCalculation	NpuUtilization	
layer0.ffn.fc1	327956	368100	40144	28045	0	0	0	34148672	8256	850654444001	205659625	850860103626	536870912	1.168408	
layer0.ffn.fc2	368282	405490	37208	21367	0	0	0	33752384	8256	907127069447	221887766	907348957213	536870912	1.533580	
layer0.attn.proj	312953	323832	10879	7989	0	0	0	8438336	8256	775653644636	758893280	776412537917	134217728	1.025410	
layer0.ffn.res	405490	406819	1329	32	0	0	0	1052672	526336	792078254326	396039127163	1188117381489	0	0.000000	
layer0.ffn.swish	368100	368282	182	32	0	0	0	133120	133120	731428571428	731428571428	1462857142857	0	0.000000	
layer0.attn.res	323832	327155	3323	32	0	0	0	1052672	526336	316783629250	158391814625	475175443876	0	0.000000	
layer0.ffn.rn	327155	327956	801	160	0	0	0	542784	526336	677632958801	657098626716	1334731585518	0	0.000000	
