OpName	StartCycle	EndCycle	TotalCycle	ComputeCycles	MemoryStalls	WeightLoadCycles	SystolicMemoryStalls	MemoryReads	MemoryWrites	ReadBandwidth	WriteBandwidth	TotalMemoryBandwidth	NumCalculation	NpuUtilization	
layer0.ffn.fc2	242862	279963	37101	21621	0	0	0	33752384	8256	909743241422	222527694	909965769116	536870912	1.515564	
layer0.ffn.swish	242683	242862	179	32	0	0	0	133120	133120	743687150837	743687150837	1487374301675	0	0.000000	
layer0.attn.QKVgen	282678	310870	28192	21774	0	0	0	25743680	8256	913155505107	292849035	913448354143	402653184	1.128686	
layer0.ffn.fc1	203496	242683	39187	28410	0	0	0	34148672	8256	871428586010	210682113	871639268124	536870912	1.153397	
layer0.ffn.res	279963	281313	1350	32	0	0	0	1052672	526336	779757037037	389878518518	1169635555555	0	0.000000	
layer0.attn.res	201123	202725	1602	32	0	0	0	1052672	526336	657098626716	328549313358	985647940074	0	0.000000	
layer0.ffn.rn	202725	203496	771	160	0	0	0	542784	526336	704000000000	682666666666	1386666666666	0	0.000000	
layer0.attn.rn	281313	282678	1365	160	0	0	0	542784	526336	397643956043	385594139194	783238095238	0	0.000000	
layer0.attn.proj	190033	201123	11090	7481	0	0	0	8438336	8256	760895942290	744454463	761640396753	134217728	1.095041	
