OpName	StartCycle	EndCycle	TotalCycle	ComputeCycles	MemoryStalls	WeightLoadCycles	SystolicMemoryStalls	MemoryReads	MemoryWrites	ReadBandwidth	WriteBandwidth	TotalMemoryBandwidth	NumCalculation	NpuUtilization	
layer0.ffn.fc2	239980	275676	35696	21367	0	0	0	33752384	8256	945550874047	231286418	945782160466	536870912	1.533580	
layer0.ffn.swish	239797	239980	183	32	0	0	0	133120	133120	727431693989	727431693989	1454863387978	0	0.000000	
layer0.attn.QKVgen	278421	306925	28504	21774	0	0	0	25743680	8256	903160258209	289643558	903449901768	402653184	1.128686	
layer0.ffn.fc1	200148	239797	39649	28045	0	0	0	34148672	8256	861274483593	208227193	861482710787	536870912	1.168408	
layer0.ffn.res	275676	277300	1624	32	0	0	0	1052672	526336	648197044334	324098522167	972295566502	0	0.000000	
layer0.attn.res	197714	199480	1766	32	0	0	0	1052672	526336	596077010192	298038505096	894115515288	0	0.000000	
layer0.ffn.rn	199480	200148	668	160	0	0	0	542784	526336	812550898203	787928143712	1600479041916	0	0.000000	
layer0.attn.rn	277300	278421	1121	160	0	0	0	542784	526336	484196253345	469523639607	953719892952	0	0.000000	
layer0.attn.proj	186142	197714	11572	6973	0	0	0	8438336	8256	729202903560	713446249	729916349809	134217728	1.174817	
