OpName	StartCycle	EndCycle	TotalCycle	ComputeCycles	MemoryStalls	WeightLoadCycles	SystolicMemoryStalls	MemoryReads	MemoryWrites	ReadBandwidth	WriteBandwidth	TotalMemoryBandwidth	NumCalculation	NpuUtilization	
layer0.ffn.fc1	326442	364178	37736	26632	0	0	0	34148672	8256	904936188255	218783124	905154971380	536870912	1.230400	
layer0.ffn.fc2	364358	401057	36699	21875	0	0	0	33752384	8256	919708547916	224965257	919933513174	536870912	1.497966	
layer0.attn.proj	311794	323679	11885	6973	0	0	0	8438336	8256	709998822044	694657130	710693479175	134217728	1.174817	
layer0.ffn.res	401057	402630	1573	32	0	0	0	1052672	526336	669212968849	334606484424	1003819453273	0	0.000000	
layer0.ffn.swish	364178	364358	180	32	0	0	0	133120	133120	739555555555	739555555555	1479111111111	0	0.000000	
layer0.attn.res	323679	325233	1554	32	0	0	0	1052672	526336	677395109395	338697554697	1016092664092	0	0.000000	
layer0.ffn.rn	325233	326442	1209	160	0	0	0	542784	526336	448952853598	435348221670	884301075268	0	0.000000	
