OpName	StartCycle	EndCycle	TotalCycle	ComputeCycles	MemoryStalls	WeightLoadCycles	SystolicMemoryStalls	MemoryReads	MemoryWrites	ReadBandwidth	WriteBandwidth	TotalMemoryBandwidth	NumCalculation	NpuUtilization	
layer0.attn.QKVgen	158914	190033	31119	21123	0	0	0	25743680	8256	827265657636	265304155	827530961791	402653184	1.163471	
layer0.ffn.fc1	79214	118653	39439	26997	0	0	0	34148672	8256	865860493420	209335936	866069829356	536870912	1.213764	
layer0.ffn.swish	118653	118835	182	32	0	0	0	133120	133120	731428571428	731428571428	1462857142857	0	0.000000	
layer0.ffn.res	156100	157424	1324	32	0	0	0	1052672	526336	795069486404	397534743202	1192604229607	0	0.000000	
layer0.ffn.fc2	118835	156100	37265	20859	0	0	0	33752384	8256	905739541124	221548369	905961089494	536870912	1.570929	
layer0.attn.proj	63226	74647	11421	6465	0	0	0	8438336	8256	738843884073	722878907	739566762980	134217728	1.267131	
layer0.ffn.rn	77745	79214	1469	160	0	0	0	542784	526336	369492171545	358295439074	727787610619	0	0.000000	
layer0.attn.rn	157424	158914	1490	160	0	0	0	542784	526336	364284563758	353245637583	717530201342	0	0.000000	
layer0.attn.res	74647	77745	3098	32	0	0	0	1052672	526336	339790832795	169895416397	509686249193	0	0.000000	
