OpName	StartCycle	EndCycle	TotalCycle	ComputeCycles	MemoryStalls	WeightLoadCycles	SystolicMemoryStalls	MemoryReads	MemoryWrites	ReadBandwidth	WriteBandwidth	TotalMemoryBandwidth	NumCalculation	NpuUtilization	
layer0.ffn.fc2	243528	278902	35374	22129	0	0	0	33752384	8256	954157969129	233391756	954391360886	536870912	1.480772	
layer0.ffn.swish	243348	243528	180	32	0	0	0	133120	133120	739555555555	739555555555	1479111111111	0	0.000000	
layer0.attn.QKVgen	281372	312953	31581	22139	0	0	0	25743680	8256	815163547702	261423007	815424970710	402653184	1.110077	
layer0.ffn.fc1	202712	243348	40636	28807	0	0	0	34148672	8256	840355153066	203169603	840558322669	536870912	1.137501	
layer0.ffn.res	278902	280354	1452	32	0	0	0	1052672	526336	724980716253	362490358126	1087471074380	0	0.000000	
layer0.attn.res	200281	201704	1423	32	0	0	0	1052672	526336	739755446240	369877723120	1109633169360	0	0.000000	
layer0.ffn.rn	201704	202712	1008	160	0	0	0	542784	526336	538476190476	522158730158	1060634920634	0	0.000000	
layer0.attn.rn	280354	281372	1018	160	0	0	0	542784	526336	533186640471	517029469548	1050216110019	0	0.000000	
layer0.attn.proj	188624	200281	11657	6465	0	0	0	8438336	8256	723885733893	708243973	724593977867	134217728	1.267131	
