OpName	StartCycle	EndCycle	TotalCycle	ComputeCycles	MemoryStalls	WeightLoadCycles	SystolicMemoryStalls	MemoryReads	MemoryWrites	ReadBandwidth	WriteBandwidth	TotalMemoryBandwidth	NumCalculation	NpuUtilization	
layer0.ffn.fc2	460875	497601	36726	21113	0	0	0	33752384	8256	919032402112	224799869	919257201982	536870912	1.552030	
layer0.ffn.rn	420187	420882	695	160	0	0	0	542784	526336	780984172661	757317985611	1538302158273	0	0.000000	
layer0.ffn.res	497601	499219	1618	32	0	0	0	1052672	526336	650600741656	325300370828	975901112484	0	0.000000	
layer0.ffn.fc1	420882	460694	39812	28807	0	0	0	34148672	8256	857748216618	207374660	857955591279	536870912	1.137501	
layer0.attn.proj	406819	418434	11615	5449	0	0	0	8438336	8256	726503314679	710804993	727214119672	134217728	1.503395	
layer0.ffn.swish	460694	460875	181	32	0	0	0	133120	133120	735469613259	735469613259	1470939226519	0	0.000000	
layer0.attn.res	418434	420187	1753	32	0	0	0	1052672	526336	600497432972	300248716486	900746149458	0	0.000000	
