OpName	StartCycle	EndCycle	TotalCycle	ComputeCycles	MemoryStalls	WeightLoadCycles	SystolicMemoryStalls	MemoryReads	MemoryWrites	ReadBandwidth	WriteBandwidth	TotalMemoryBandwidth	NumCalculation	NpuUtilization	
layer0.ffn.fc1	321436	360846	39410	27172	0	0	0	34148672	8256	866497640192	209489977	866707130170	536870912	1.205947	
layer0.ffn.fc2	361192	398713	37521	21113	0	0	0	33752384	8256	899559819834	220036779	899779856613	536870912	1.552030	
layer0.attn.proj	306925	318242	11317	7227	0	0	0	8438336	8256	745633648493	729521958	746363170451	134217728	1.133527	
layer0.ffn.res	398713	400251	1538	32	0	0	0	1052672	526336	684442132639	342221066319	1026663198959	0	0.000000	
layer0.ffn.swish	360846	361192	346	32	0	0	0	133120	133120	384739884393	384739884393	769479768786	0	0.000000	
layer0.attn.res	318242	320351	2109	32	0	0	0	1052672	526336	499133238501	249566619250	748699857752	0	0.000000	
layer0.ffn.rn	320351	321436	1085	160	0	0	0	542784	526336	500261751152	485102304147	985364055299	0	0.000000	
