OpName	StartCycle	EndCycle	TotalCycle	ComputeCycles	MemoryStalls	WeightLoadCycles	SystolicMemoryStalls	MemoryReads	MemoryWrites	ReadBandwidth	WriteBandwidth	TotalMemoryBandwidth	NumCalculation	NpuUtilization	
layer0.ffn.fc2	453095	490403	37308	21113	0	0	0	33752384	8256	904695614881	221293020	904916907901	536870912	1.552030	
layer0.ffn.rn	413349	414278	929	160	0	0	0	542784	526336	584266953713	566561894510	1150828848223	0	0.000000	
layer0.ffn.res	490403	492296	1893	32	0	0	0	1052672	526336	556086634970	278043317485	834129952456	0	0.000000	
layer0.ffn.fc1	414278	452913	38635	27029	0	0	0	34148672	8256	883879176912	213692247	884092869160	536870912	1.212328	
layer0.attn.proj	402669	411799	9130	5703	0	0	0	8438336	8256	924242716319	904271631	925146987951	134217728	1.436437	
layer0.ffn.swish	452913	453095	182	32	0	0	0	133120	133120	731428571428	731428571428	1462857142857	0	0.000000	
layer0.attn.res	411799	413349	1550	32	0	0	0	1052672	526336	679143225806	339571612903	1018714838709	0	0.000000	
