OpName	StartCycle	EndCycle	TotalCycle	ComputeCycles	MemoryStalls	WeightLoadCycles	SystolicMemoryStalls	MemoryReads	MemoryWrites	ReadBandwidth	WriteBandwidth	TotalMemoryBandwidth	NumCalculation	NpuUtilization	
layer0.ffn.fc1	325334	364014	38680	26886	0	0	0	34148672	8256	882850879007	213443640	883064322647	536870912	1.218776	
layer0.ffn.fc2	364193	400889	36696	21367	0	0	0	33752384	8256	919783736647	224983649	920008720296	536870912	1.533580	
layer0.attn.proj	310870	321766	10896	6211	0	0	0	8438336	8256	774443465491	757709251	775201174743	134217728	1.318950	
layer0.ffn.res	400889	402669	1780	32	0	0	0	1052672	526336	591388764044	295694382022	887083146067	0	0.000000	
layer0.ffn.swish	364014	364193	179	32	0	0	0	133120	133120	743687150837	743687150837	1487374301675	0	0.000000	
layer0.attn.res	321766	323653	1887	32	0	0	0	1052672	526336	557854795972	278927397986	836782193958	0	0.000000	
layer0.ffn.rn	323653	325334	1681	160	0	0	0	542784	526336	322893515764	313108863771	636002379535	0	0.000000	
