OpName	StartCycle	EndCycle	TotalCycle	ComputeCycles	MemoryStalls	WeightLoadCycles	SystolicMemoryStalls	MemoryReads	MemoryWrites	ReadBandwidth	WriteBandwidth	TotalMemoryBandwidth	NumCalculation	NpuUtilization	
layer0.ffn.fc2	244289	280835	36546	21256	0	0	0	33752384	8256	923558912056	225907076	923784819132	536870912	1.541588	
layer0.ffn.swish	244108	244289	181	32	0	0	0	133120	133120	735469613259	735469613259	1470939226519	0	0.000000	
layer0.attn.QKVgen	283681	311794	28113	22139	0	0	0	25743680	8256	915721552306	293671966	916015224273	402653184	1.110077	
layer0.ffn.fc1	204436	244108	39672	28045	0	0	0	34148672	8256	860775156281	208106473	860983262754	536870912	1.168408	
layer0.ffn.res	280835	282484	1649	32	0	0	0	1052672	526336	638369921164	319184960582	957554881746	0	0.000000	
layer0.attn.res	201900	203762	1862	32	0	0	0	1052672	526336	565344790547	282672395273	848017185821	0	0.000000	
layer0.ffn.rn	203762	204436	674	160	0	0	0	542784	526336	805317507418	780913946587	1586231454005	0	0.000000	
layer0.attn.rn	282484	283681	1197	160	0	0	0	542784	526336	453453634085	439712614870	893166248955	0	0.000000	
layer0.attn.proj	190100	201900	11800	6211	0	0	0	8438336	8256	715113220338	699661016	715812881355	134217728	1.318950	
