OpName	StartCycle	EndCycle	TotalCycle	ComputeCycles	MemoryStalls	WeightLoadCycles	SystolicMemoryStalls	MemoryReads	MemoryWrites	ReadBandwidth	WriteBandwidth	TotalMemoryBandwidth	NumCalculation	NpuUtilization	
layer0.attn.QKVgen	159044	190100	31056	22647	0	0	0	25743680	8256	828943843379	265842349	829209685729	402653184	1.085177	
layer0.ffn.fc1	79167	119092	39925	27394	0	0	0	34148672	8256	855320525986	206787726	855527313713	536870912	1.196174	
layer0.ffn.swish	119092	119397	305	32	0	0	0	133120	133120	436459016393	436459016393	872918032786	0	0.000000	
layer0.ffn.res	156514	157997	1483	32	0	0	0	1052672	526336	709826028320	354913014160	1064739042481	0	0.000000	
layer0.ffn.fc2	119397	156514	37117	20859	0	0	0	33752384	8256	909351079020	222431769	909573510790	536870912	1.570929	
layer0.attn.proj	65099	76637	11538	6465	0	0	0	8438336	8256	731351707401	715548621	732067256023	134217728	1.267131	
layer0.ffn.rn	78161	79167	1006	160	0	0	0	542784	526336	539546719681	523196819085	1062743538767	0	0.000000	
layer0.attn.rn	157997	159044	1047	160	0	0	0	542784	526336	518418338108	502708691499	1021127029608	0	0.000000	
layer0.attn.res	76637	78161	1524	32	0	0	0	1052672	526336	690729658792	345364829396	1036094488188	0	0.000000	
