OpName	StartCycle	EndCycle	TotalCycle	ComputeCycles	MemoryStalls	WeightLoadCycles	SystolicMemoryStalls	MemoryReads	MemoryWrites	ReadBandwidth	WriteBandwidth	TotalMemoryBandwidth	NumCalculation	NpuUtilization	
layer0.ffn.fc2	449678	487039	37361	21621	0	0	0	33752384	8256	903412221300	220979095	903633200396	536870912	1.515564	
layer0.ffn.rn	411154	412430	1276	160	0	0	0	542784	526336	425379310344	412489028213	837868338557	0	0.000000	
layer0.ffn.res	487039	488601	1562	32	0	0	0	1052672	526336	673925736235	336962868117	1010888604353	0	0.000000	
layer0.ffn.fc1	412430	449497	37067	26632	0	0	0	34148672	8256	921268837510	222731809	921491569320	536870912	1.230400	
layer0.attn.proj	400251	409611	9360	6465	0	0	0	8438336	8256	901531623931	882051282	902413675213	134217728	1.267131	
layer0.ffn.swish	449497	449678	181	32	0	0	0	133120	133120	735469613259	735469613259	1470939226519	0	0.000000	
layer0.attn.res	409611	411154	1543	32	0	0	0	1052672	526336	682224238496	341112119248	1023336357744	0	0.000000	
