OpName	StartCycle	EndCycle	TotalCycle	ComputeCycles	MemoryStalls	WeightLoadCycles	SystolicMemoryStalls	MemoryReads	MemoryWrites	ReadBandwidth	WriteBandwidth	TotalMemoryBandwidth	NumCalculation	NpuUtilization	
layer0.attn.QKVgen	158409	186142	27733	22536	0	0	0	25743680	8256	928268849385	297695885	928566545270	402653184	1.090522	
layer0.ffn.fc1	79123	118326	39203	27394	0	0	0	34148672	8256	871072928092	210596127	871283524220	536870912	1.196174	
layer0.ffn.swish	118326	118509	183	32	0	0	0	133120	133120	727431693989	727431693989	1454863387978	0	0.000000	
layer0.ffn.res	155659	157310	1651	32	0	0	0	1052672	526336	637596608116	318798304058	956394912174	0	0.000000	
layer0.ffn.fc2	118509	155659	37150	20859	0	0	0	33752384	8256	908543310901	222234185	908765545087	536870912	1.570929	
layer0.attn.proj	63298	74758	11460	6973	0	0	0	8438336	8256	736329493891	720418848	737049912739	134217728	1.174817	
layer0.ffn.rn	77832	79123	1291	160	0	0	0	542784	526336	420436870642	407696359411	828133230054	0	0.000000	
layer0.attn.rn	157310	158409	1099	160	0	0	0	542784	526336	493888989990	478922656960	972811646951	0	0.000000	
layer0.attn.res	74758	77832	3074	32	0	0	0	1052672	526336	342443721535	171221860767	513665582303	0	0.000000	
