OpName	StartCycle	EndCycle	TotalCycle	ComputeCycles	MemoryStalls	WeightLoadCycles	SystolicMemoryStalls	MemoryReads	MemoryWrites	ReadBandwidth	WriteBandwidth	TotalMemoryBandwidth	NumCalculation	NpuUtilization	
layer0.ffn.fc2	453355	490216	36861	21621	0	0	0	33752384	8256	915666531021	223976560	915890507582	536870912	1.515564	
layer0.ffn.rn	413304	414207	903	160	0	0	0	542784	526336	601089700996	582874861572	1183964562569	0	0.000000	
layer0.ffn.res	490216	492160	1944	32	0	0	0	1052672	526336	541497942386	270748971193	812246913580	0	0.000000	
layer0.ffn.fc1	414207	453173	38966	26886	0	0	0	34148672	8256	876370990093	211877020	876582867114	536870912	1.218776	
layer0.attn.proj	402630	411749	9119	5703	0	0	0	8438336	8256	925357605000	905362430	926262967430	134217728	1.436437	
layer0.ffn.swish	453173	453355	182	32	0	0	0	133120	133120	731428571428	731428571428	1462857142857	0	0.000000	
layer0.attn.res	411749	413304	1555	32	0	0	0	1052672	526336	676959485530	338479742765	1015439228295	0	0.000000	
