OpName	StartCycle	EndCycle	TotalCycle	ComputeCycles	MemoryStalls	WeightLoadCycles	SystolicMemoryStalls	MemoryReads	MemoryWrites	ReadBandwidth	WriteBandwidth	TotalMemoryBandwidth	NumCalculation	NpuUtilization	
layer0.attn.QKVgen	159666	188624	28958	22171	0	0	0	25743680	8256	889000621589	285102562	889285724152	402653184	1.108475	
layer0.ffn.fc1	79551	119046	39495	27537	0	0	0	34148672	8256	864632788960	209039118	864841828079	536870912	1.189963	
layer0.ffn.swish	119046	119402	356	32	0	0	0	133120	133120	373932584269	373932584269	747865168539	0	0.000000	
layer0.ffn.res	157000	158573	1573	32	0	0	0	1052672	526336	669212968849	334606484424	1003819453273	0	0.000000	
layer0.ffn.fc2	119402	157000	37598	21367	0	0	0	33752384	8256	897717538166	219586148	897937124315	536870912	1.533580	
layer0.attn.proj	64461	76322	11861	6465	0	0	0	8438336	8256	711435460753	696062726	712131523480	134217728	1.267131	
layer0.ffn.rn	78412	79551	1139	160	0	0	0	542784	526336	476544337137	462103599648	938647936786	0	0.000000	
layer0.attn.rn	158573	159666	1093	160	0	0	0	542784	526336	496600182982	481551692589	978151875571	0	0.000000	
layer0.attn.res	76322	78412	2090	32	0	0	0	1052672	526336	503670813397	251835406698	755506220095	0	0.000000	
