Stage	total_cycles	pim_cycles	mem_bw_util	
A	60556	0	61.260548	
B	151277	125534	27.494555	
C	249766	45156	61.291519	
D	264282	132215	59.115027	
E	186232	45112	62.281825	
F	174918	0	65.537673	
