Stage	total_cycles	pim_cycles	mem_bw_util	
A	60556	0	61.260548	
B	158185	128101	26.370745	
C	248375	43102	61.610669	
D	264877	135496	59.028129	
E	186915	43595	62.022142	
F	173762	0	65.973681	
