Stage	total_cycles	pim_cycles	mem_bw_util	
A	60556	0	61.260548	
B	154046	130510	27.128098	
C	251025	47271	61.014989	
D	262619	137172	59.564283	
E	187264	47197	61.979678	
F	174961	0	65.521566	
