Stage	total_cycles	pim_cycles	mem_bw_util	
A	60556	0	61.260548	
B	161141	129171	25.919342	
C	249807	45007	61.268349	
D	264493	138036	59.133536	
E	187118	44193	61.969452	
F	173907	0	65.918673	
