OpName	StartCycle	EndCycle	TotalCycle	ComputeCycles	MemoryStalls	WeightLoadCycles	SystolicMemoryStalls	MemoryReads	MemoryWrites	ReadBandwidth	WriteBandwidth	TotalMemoryBandwidth	NumCalculation	NpuUtilization	
layer0.ffn.rn	246804	258135	11331	1280	0	0	0	4227136	4210688	373059394581	371607801606	744667196187	0	0.000000	
layer0.attn.proj	218738	235576	16838	11771	0	0	0	8668288	131328	514805083739	7799501128	522604584867	1073741824	5.567581	
layer0.ffn.res	392975	404840	11865	256	0	0	0	8421376	4210688	709766203118	354883101559	1064649304677	0	0.000000	
layer0.attn.res	235576	246804	11228	256	0	0	0	8421376	4210688	750033487709	375016743854	1125050231563	0	0.000000	
layer0.ffn.swish	334664	336551	1887	256	0	0	0	1064960	1064960	564366719660	564366719660	1128733439321	0	0.000000	
layer0.ffn.fc1	258135	334664	76529	51343	0	0	0	37823104	131328	494232304093	1716055351	495948359445	4294967296	5.105740	
layer0.attn.QKVgen	411908	467112	55204	43040	0	0	0	29418112	131328	532898195782	2378958046	535277153829	3221225472	4.568030	
layer0.attn.rn	404840	411908	7068	1280	0	0	0	4227136	4210688	598066779852	595739671760	1193806451612	0	0.000000	
layer0.ffn.fc2	336551	392975	56424	41321	0	0	0	34671232	131328	614476676591	2327520204	616804196795	4294967296	6.344087	
