OpName	StartCycle	EndCycle	TotalCycle	ComputeCycles	MemoryStalls	WeightLoadCycles	SystolicMemoryStalls	MemoryReads	MemoryWrites	ReadBandwidth	WriteBandwidth	TotalMemoryBandwidth	NumCalculation	NpuUtilization	
layer0.ffn.rn	243433	252441	9008	1280	0	0	0	4227136	4210688	469264653641	467438721136	936703374777	0	0.000000	
layer0.attn.proj	211830	228362	16532	11771	0	0	0	8668288	131328	524333897894	7943866440	532277764335	1073741824	5.567581	
layer0.ffn.res	387737	399671	11934	256	0	0	0	8421376	4210688	705662476956	352831238478	1058493715434	0	0.000000	
layer0.attn.res	228362	243433	15071	256	0	0	0	8421376	4210688	558780173843	279390086921	838170260765	0	0.000000	
layer0.ffn.swish	330058	331888	1830	256	0	0	0	1064960	1064960	581945355191	581945355191	1163890710382	0	0.000000	
layer0.ffn.fc1	252441	330058	77617	52105	0	0	0	37823104	131328	487304379195	1692000463	488996379659	4294967296	5.031072	
layer0.attn.QKVgen	406789	461595	54806	41230	0	0	0	29418112	131328	536768091084	2396233988	539164325073	3221225472	4.768567	
layer0.attn.rn	399671	406789	7118	1280	0	0	0	4227136	4210688	593865692610	591554931160	1185420623770	0	0.000000	
layer0.ffn.fc2	331888	387737	55849	41575	0	0	0	34671232	131328	620803094057	2351483464	623154577521	4294967296	6.305328	
