OpName	StartCycle	EndCycle	TotalCycle	ComputeCycles	MemoryStalls	WeightLoadCycles	SystolicMemoryStalls	MemoryReads	MemoryWrites	ReadBandwidth	WriteBandwidth	TotalMemoryBandwidth	NumCalculation	NpuUtilization	
layer0.attn.rn	60554	70700	10146	1280	0	0	0	4227136	4210688	416630790459	415009658978	831640449438	0	0.000000	
layer0.attn.QKVgen	70700	131173	60473	44278	0	0	0	29418112	131328	486466886048	2171679923	488638565971	3221225472	4.440309	
