OpName	StartCycle	EndCycle	TotalCycle	ComputeCycles	MemoryStalls	WeightLoadCycles	SystolicMemoryStalls	MemoryReads	MemoryWrites	ReadBandwidth	WriteBandwidth	TotalMemoryBandwidth	NumCalculation	NpuUtilization	
layer0.attn.res	934352	944373	10021	256	0	0	0	8421376	4210688	840372817084	420186408542	1260559225626	0	0.000000	
layer0.ffn.res	1077803	1090464	12661	256	0	0	0	8421376	4210688	665143037674	332571518837	997714556512	0	0.000000	
layer0.ffn.rn	944373	953300	8927	1280	0	0	0	4227136	4210688	473522571972	471680071692	945202643665	0	0.000000	
layer0.attn.proj	915504	934352	18848	10501	0	0	0	8668288	131328	459904923599	6967741935	466872665534	1073741824	6.240929	
layer0.ffn.fc1	953300	1019431	66131	52359	0	0	0	37823104	131328	571942114893	1985876517	573927991410	4294967296	5.006666	
layer0.ffn.fc2	1021017	1077803	56786	41829	0	0	0	34671232	131328	610559504103	2312682703	612872186806	4294967296	6.267040	
layer0.ffn.swish	1019431	1021017	1586	256	0	0	0	1064960	1064960	671475409836	671475409836	1342950819672	0	0.000000	
