OpName	StartCycle	EndCycle	TotalCycle	ComputeCycles	MemoryStalls	WeightLoadCycles	SystolicMemoryStalls	MemoryReads	MemoryWrites	ReadBandwidth	WriteBandwidth	TotalMemoryBandwidth	NumCalculation	NpuUtilization	
layer0.attn.res	936593	948421	11828	256	0	0	0	8421376	4210688	711986472776	355993236388	1067979709164	0	0.000000	
layer0.ffn.res	1081621	1092663	11042	256	0	0	0	8421376	4210688	762667632675	381333816337	1144001449012	0	0.000000	
layer0.ffn.rn	948421	955551	7130	1280	0	0	0	4227136	4210688	592866199158	590559326788	1183425525946	0	0.000000	
layer0.attn.proj	918902	936593	17691	10247	0	0	0	8668288	131328	489982929173	7423435645	497406364818	1073741824	6.395628	
layer0.ffn.fc1	955551	1023246	67695	50327	0	0	0	37823104	131328	558728177856	1939995568	560668173424	4294967296	5.208814	
layer0.ffn.fc2	1024814	1081621	56807	40813	0	0	0	34671232	131328	610333796891	2311827767	612645624658	4294967296	6.423051	
layer0.ffn.swish	1023246	1024814	1568	256	0	0	0	1064960	1064960	679183673469	679183673469	1358367346938	0	0.000000	
