OpName	StartCycle	EndCycle	TotalCycle	ComputeCycles	MemoryStalls	WeightLoadCycles	SystolicMemoryStalls	MemoryReads	MemoryWrites	ReadBandwidth	WriteBandwidth	TotalMemoryBandwidth	NumCalculation	NpuUtilization	
layer0.attn.proj	465623	482003	16380	12422	0	0	0	8668288	131328	529199511599	8017582417	537217094017	1073741824	5.275801	
layer0.ffn.rn	500933	509438	8505	1280	0	0	0	4227136	4210688	497017754262	495083833039	992101587301	0	0.000000	
layer0.attn.QKVgen	672290	728241	55951	41992	0	0	0	29418112	131328	525783489124	2347196654	528130685778	3221225472	4.682035	
layer0.attn.res	482003	500933	18930	256	0	0	0	8421376	4210688	444869307976	222434653988	667303961965	0	0.000000	
layer0.ffn.res	653429	664759	11330	256	0	0	0	8421376	4210688	743281200353	371640600176	1114921800529	0	0.000000	
layer0.ffn.swish	586649	588565	1916	256	0	0	0	1064960	1064960	555824634655	555824634655	1111649269311	0	0.000000	
layer0.ffn.fc1	509438	586649	77211	53883	0	0	0	37823104	131328	489866780640	1700897540	491567678180	4294967296	4.865059	
layer0.ffn.fc2	588565	653429	64864	42115	0	0	0	34671232	131328	534521953626	2024666995	536546620621	4294967296	6.224481	
layer0.attn.rn	664759	672290	7531	1280	0	0	0	4227136	4210688	561298101181	559114061877	1120412163059	0	0.000000	
