OpName	StartCycle	EndCycle	TotalCycle	ComputeCycles	MemoryStalls	WeightLoadCycles	SystolicMemoryStalls	MemoryReads	MemoryWrites	ReadBandwidth	WriteBandwidth	TotalMemoryBandwidth	NumCalculation	NpuUtilization	
layer0.attn.res	748608	763264	14656	256	0	0	0	8421376	4210688	574602620087	287301310043	861903930131	0	0.000000	
layer0.ffn.rn	763264	771552	8288	1280	0	0	0	4227136	4210688	510030888030	508046332046	1018077220077	0	0.000000	
layer0.ffn.swish	847570	849224	1654	256	0	0	0	1064960	1064960	643869407496	643869407496	1287738814993	0	0.000000	
layer0.ffn.fc1	771552	847570	76018	50946	0	0	0	37823104	131328	497554579178	1727590833	499282170012	4294967296	5.145527	
layer0.ffn.fc2	849224	906796	57572	41321	0	0	0	34671232	131328	602223858820	2281108872	604504967692	4294967296	6.344087	
layer0.ffn.res	906796	918902	12106	256	0	0	0	8421376	4210688	695636543862	347818271931	1043454815793	0	0.000000	
layer0.attn.proj	731988	748608	16620	12279	0	0	0	8668288	131328	521557641395	7901805054	529459446450	1073741824	5.337242	
