OpName	StartCycle	EndCycle	TotalCycle	ComputeCycles	MemoryStalls	WeightLoadCycles	SystolicMemoryStalls	MemoryReads	MemoryWrites	ReadBandwidth	WriteBandwidth	TotalMemoryBandwidth	NumCalculation	NpuUtilization	
layer0.attn.proj	461595	477878	16283	12279	0	0	0	8668288	131328	532352023582	8065344224	540417367806	1073741824	5.337242	
layer0.ffn.rn	497570	506747	9177	1280	0	0	0	4227136	4210688	460622861501	458830554647	919453416149	0	0.000000	
layer0.attn.QKVgen	671040	725876	54836	42389	0	0	0	29418112	131328	536474432854	2394923043	538869355897	3221225472	4.638184	
layer0.attn.res	477878	497570	19692	256	0	0	0	8421376	4210688	427654682104	213827341052	641482023156	0	0.000000	
layer0.ffn.res	652234	664199	11965	256	0	0	0	8421376	4210688	703834183033	351917091516	1055751274550	0	0.000000	
layer0.ffn.swish	584822	586655	1833	256	0	0	0	1064960	1064960	580992907801	580992907801	1161985815602	0	0.000000	
layer0.ffn.fc1	506747	584822	78075	53915	0	0	0	37823104	131328	484445776496	1682074927	486127851424	4294967296	4.862172	
layer0.ffn.fc2	586655	652234	65579	41829	0	0	0	34671232	131328	528694124643	2002592293	530696716936	4294967296	6.267040	
layer0.attn.rn	664199	671040	6841	1280	0	0	0	4227136	4210688	617912001169	615507674316	1233419675486	0	0.000000	
