OpName	StartCycle	EndCycle	TotalCycle	ComputeCycles	MemoryStalls	WeightLoadCycles	SystolicMemoryStalls	MemoryReads	MemoryWrites	ReadBandwidth	WriteBandwidth	TotalMemoryBandwidth	NumCalculation	NpuUtilization	
layer0.attn.res	929282	941102	11820	256	0	0	0	8421376	4210688	712468358714	356234179357	1068702538071	0	0.000000	
layer0.ffn.res	1074669	1087024	12355	256	0	0	0	8421376	4210688	681616835289	340808417644	1022425252934	0	0.000000	
layer0.ffn.rn	941102	948427	7325	1280	0	0	0	4227136	4210688	577083412969	574837952218	1151921365187	0	0.000000	
layer0.attn.proj	912107	929282	17175	10247	0	0	0	8668288	131328	504703813682	7646462882	512350276564	1073741824	6.395628	
layer0.ffn.fc1	948427	1015864	67437	52756	0	0	0	37823104	131328	560865756187	1947417589	562813173777	4294967296	4.968989	
layer0.ffn.fc2	1017666	1074669	57003	40051	0	0	0	34671232	131328	608235215690	2303878743	610539094433	4294967296	6.545255	
layer0.ffn.swish	1015864	1017666	1802	256	0	0	0	1064960	1064960	590987791342	590987791342	1181975582685	0	0.000000	
