OpName	StartCycle	EndCycle	TotalCycle	ComputeCycles	MemoryStalls	WeightLoadCycles	SystolicMemoryStalls	MemoryReads	MemoryWrites	ReadBandwidth	WriteBandwidth	TotalMemoryBandwidth	NumCalculation	NpuUtilization	
layer0.attn.proj	467112	483708	16596	12279	0	0	0	8668288	131328	522311882381	7913232104	530225114485	1073741824	5.337242	
layer0.ffn.rn	503045	511266	8221	1280	0	0	0	4227136	4210688	514187568422	512186838584	1026374407006	0	0.000000	
layer0.attn.QKVgen	677200	731988	54788	43151	0	0	0	29418112	131328	536944440388	2397021245	539341461633	3221225472	4.556279	
layer0.attn.res	483708	503045	19337	256	0	0	0	8421376	4210688	435505817862	217752908931	653258726793	0	0.000000	
layer0.ffn.res	658110	670068	11958	256	0	0	0	8421376	4210688	704246195015	352123097507	1056369292523	0	0.000000	
layer0.ffn.swish	589362	592217	2855	256	0	0	0	1064960	1064960	373015761821	373015761821	746031523642	0	0.000000	
layer0.ffn.fc1	511266	589362	78096	56201	0	0	0	37823104	131328	484315509116	1681622618	485997131735	4294967296	4.664401	
layer0.ffn.fc2	592217	658110	65893	41607	0	0	0	34671232	131328	526174737832	1993049337	528167787170	4294967296	6.300478	
layer0.attn.rn	670068	677200	7132	1280	0	0	0	4227136	4210688	592699943914	590393718452	1183093662366	0	0.000000	
