OpName	StartCycle	EndCycle	TotalCycle	ComputeCycles	MemoryStalls	WeightLoadCycles	SystolicMemoryStalls	MemoryReads	MemoryWrites	ReadBandwidth	WriteBandwidth	TotalMemoryBandwidth	NumCalculation	NpuUtilization	
layer0.attn.rn	60554	70700	10146	1280	0	0	0	4227136	4210688	416630790459	415009658978	831640449438	0	0.000000	
layer0.attn.QKVgen	70700	132163	61463	43373	0	0	0	29418112	131328	478631241559	2136700128	480767941688	3221225472	4.532958	
