OpName	StartCycle	EndCycle	TotalCycle	ComputeCycles	MemoryStalls	WeightLoadCycles	SystolicMemoryStalls	MemoryReads	MemoryWrites	ReadBandwidth	WriteBandwidth	TotalMemoryBandwidth	NumCalculation	NpuUtilization	
layer0.attn.res	752669	763945	11276	256	0	0	0	8421376	4210688	746840723660	373420361830	1120261085491	0	0.000000	
layer0.ffn.rn	763945	776559	12614	1280	0	0	0	4227136	4210688	335114634533	333810686538	668925321071	0	0.000000	
layer0.ffn.swish	852559	854164	1605	256	0	0	0	1064960	1064960	663526479750	663526479750	1327052959501	0	0.000000	
layer0.ffn.fc1	776559	852559	76000	55042	0	0	0	37823104	131328	497672421052	1728000000	499400421052	4294967296	4.762618	
layer0.ffn.fc2	854164	911153	56989	41829	0	0	0	34671232	131328	608384635631	2304444717	610689080348	4294967296	6.267040	
layer0.ffn.res	911153	923109	11956	256	0	0	0	8421376	4210688	704364001338	352182000669	1056546002007	0	0.000000	
layer0.attn.proj	735992	752669	16677	12422	0	0	0	8668288	131328	519775019487	7874797625	527649817113	1073741824	5.275801	
