OpName	StartCycle	EndCycle	TotalCycle	ComputeCycles	MemoryStalls	WeightLoadCycles	SystolicMemoryStalls	MemoryReads	MemoryWrites	ReadBandwidth	WriteBandwidth	TotalMemoryBandwidth	NumCalculation	NpuUtilization	
layer0.attn.res	744946	756174	11228	256	0	0	0	8421376	4210688	750033487709	375016743854	1125050231563	0	0.000000	
layer0.ffn.rn	756174	767809	11635	1280	0	0	0	4227136	4210688	363312075633	361898409969	725210485603	0	0.000000	
layer0.ffn.swish	845669	847196	1527	256	0	0	0	1064960	1064960	697419777341	697419777341	1394839554682	0	0.000000	
layer0.ffn.fc1	767809	845669	77860	53264	0	0	0	37823104	131328	485783508862	1686719753	487470228615	4294967296	4.921598	
layer0.ffn.fc2	847196	904144	56948	41829	0	0	0	34671232	131328	608822645220	2306103814	611128749034	4294967296	6.267040	
layer0.ffn.res	904144	915504	11360	256	0	0	0	8421376	4210688	741318309859	370659154929	1111977464788	0	0.000000	
layer0.attn.proj	728241	744946	16705	12279	0	0	0	8668288	131328	518903801257	7861598323	526765399580	1073741824	5.337242	
