OpName	StartCycle	EndCycle	TotalCycle	ComputeCycles	MemoryStalls	WeightLoadCycles	SystolicMemoryStalls	MemoryReads	MemoryWrites	ReadBandwidth	WriteBandwidth	TotalMemoryBandwidth	NumCalculation	NpuUtilization	
layer0.attn.proj	471500	488207	16707	11771	0	0	0	8668288	131328	518841683126	7860657209	526702340336	1073741824	5.567581	
layer0.ffn.rn	505620	514371	8751	1280	0	0	0	4227136	4210688	483046051879	481166495257	964212547137	0	0.000000	
layer0.attn.QKVgen	681560	735992	54432	41087	0	0	0	29418112	131328	540456202233	2412698412	542868900646	3221225472	4.785163	
layer0.attn.res	488207	505620	17413	256	0	0	0	8421376	4210688	483625796818	241812898409	725438695227	0	0.000000	
layer0.ffn.res	662647	675219	12572	256	0	0	0	8421376	4210688	669851734012	334925867006	1004777601018	0	0.000000	
layer0.ffn.swish	591409	594182	2773	256	0	0	0	1064960	1064960	384046159394	384046159394	768092318788	0	0.000000	
layer0.ffn.fc1	514371	591409	77038	57328	0	0	0	37823104	131328	490966847529	1704717152	492671564682	4294967296	4.572704	
layer0.ffn.fc2	594182	662647	68465	40448	0	0	0	34671232	131328	506408120937	1918177170	508326298108	4294967296	6.481013	
layer0.attn.rn	675219	681560	6341	1280	0	0	0	4227136	4210688	666635546443	664041633811	1330677180255	0	0.000000	
