OpName	StartCycle	EndCycle	TotalCycle	ComputeCycles	MemoryStalls	WeightLoadCycles	SystolicMemoryStalls	MemoryReads	MemoryWrites	ReadBandwidth	WriteBandwidth	TotalMemoryBandwidth	NumCalculation	NpuUtilization	
layer0.attn.res	940843	952916	12073	256	0	0	0	8421376	4210688	697537977304	348768988652	1046306965957	0	0.000000	
layer0.ffn.res	1085114	1097015	11901	256	0	0	0	8421376	4210688	707619191664	353809595832	1061428787496	0	0.000000	
layer0.ffn.rn	952916	959712	6796	1280	0	0	0	4227136	4210688	622003531489	619583284284	1241586815773	0	0.000000	
layer0.attn.proj	923109	940843	17734	10755	0	0	0	8668288	131328	488794857336	7405435885	496200293222	1073741824	6.093538	
layer0.ffn.fc1	959712	1026351	66639	51200	0	0	0	37823104	131328	567582106574	1970737856	569552844430	4294967296	5.120000	
layer0.ffn.fc2	1028034	1085114	57080	40051	0	0	0	34671232	131328	607414716187	2300770847	609715487035	4294967296	6.545255	
layer0.ffn.swish	1026351	1028034	1683	256	0	0	0	1064960	1064960	632774806892	632774806892	1265549613784	0	0.000000	
