OpName	StartCycle	EndCycle	TotalCycle	ComputeCycles	MemoryStalls	WeightLoadCycles	SystolicMemoryStalls	MemoryReads	MemoryWrites	ReadBandwidth	WriteBandwidth	TotalMemoryBandwidth	NumCalculation	NpuUtilization	
layer0.attn.res	742313	756060	13747	256	0	0	0	8421376	4210688	612597366698	306298683349	918896050047	0	0.000000	
layer0.ffn.rn	756060	764539	8479	1280	0	0	0	4227136	4210688	498541809175	496601957778	995143766953	0	0.000000	
layer0.ffn.swish	841305	842878	1573	256	0	0	0	1064960	1064960	677024793388	677024793388	1354049586776	0	0.000000	
layer0.ffn.fc1	764539	841305	76766	52724	0	0	0	37823104	131328	492706458588	1710757366	494417215954	4294967296	4.972005	
layer0.ffn.fc2	842878	899662	56784	42337	0	0	0	34671232	131328	610581008734	2312764158	612893772893	4294967296	6.191842	
layer0.ffn.res	899662	912107	12445	256	0	0	0	8421376	4210688	676687505022	338343752511	1015031257533	0	0.000000	
layer0.attn.proj	725876	742313	16437	12787	0	0	0	8668288	131328	527364360893	7989779156	535354140049	1073741824	5.125205	
