OpName	StartCycle	EndCycle	TotalCycle	ComputeCycles	MemoryStalls	WeightLoadCycles	SystolicMemoryStalls	MemoryReads	MemoryWrites	ReadBandwidth	WriteBandwidth	TotalMemoryBandwidth	NumCalculation	NpuUtilization	
layer0.ffn.rn	254205	262452	8247	1280	0	0	0	4227136	4210688	512566509033	510572086819	1023138595853	0	0.000000	
layer0.attn.proj	221694	238337	16643	12025	0	0	0	8668288	131328	520836868353	7890885056	528727753409	1073741824	5.449979	
layer0.ffn.res	397300	408928	11628	256	0	0	0	8421376	4210688	724232542139	362116271069	1086348813209	0	0.000000	
layer0.attn.res	238337	254205	15868	256	0	0	0	8421376	4210688	530714393748	265357196874	796071590622	0	0.000000	
layer0.ffn.swish	339220	340846	1626	256	0	0	0	1064960	1064960	654956949569	654956949569	1309913899138	0	0.000000	
layer0.ffn.fc1	262452	339220	76768	52724	0	0	0	37823104	131328	492693622342	1710712796	494404335139	4294967296	4.972005	
layer0.attn.QKVgen	416092	471500	55408	42643	0	0	0	29418112	131328	530936182500	2370199249	533306381749	3221225472	4.610557	
layer0.attn.rn	408928	416092	7164	1280	0	0	0	4227136	4210688	590052484645	587756560580	1177809045226	0	0.000000	
layer0.ffn.fc2	340846	397300	56454	41321	0	0	0	34671232	131328	614150139936	2326283345	616476423282	4294967296	6.344087	
