OpName	StartCycle	EndCycle	TotalCycle	ComputeCycles	MemoryStalls	WeightLoadCycles	SystolicMemoryStalls	MemoryReads	MemoryWrites	ReadBandwidth	WriteBandwidth	TotalMemoryBandwidth	NumCalculation	NpuUtilization	
layer0.ffn.rn	245355	257783	12428	1280	0	0	0	4227136	4210688	340130028966	338806565819	678936594785	0	0.000000	
layer0.attn.proj	214599	234096	19497	9993	0	0	0	8668288	131328	444595989126	6735805508	451331794635	1073741824	6.558191	
layer0.ffn.res	392588	402593	10005	256	0	0	0	8421376	4210688	841716741629	420858370814	1262575112443	0	0.000000	
layer0.attn.res	234096	245355	11259	256	0	0	0	8421376	4210688	747968380850	373984190425	1121952571276	0	0.000000	
layer0.ffn.swish	334098	335405	1307	256	0	0	0	1064960	1064960	814812547819	814812547819	1629625095638	0	0.000000	
layer0.ffn.fc1	257783	334098	76315	53629	0	0	0	37823104	131328	495618213981	1720867457	497339081438	4294967296	4.888102	
layer0.attn.QKVgen	411514	465623	54109	42103	0	0	0	29418112	131328	543682418821	2427100851	546109519673	3221225472	4.669691	
layer0.attn.rn	402593	411514	8921	1280	0	0	0	4227136	4210688	473841049209	471997309718	945838358928	0	0.000000	
layer0.ffn.fc2	335405	392588	57183	41067	0	0	0	34671232	131328	606320619764	2296626619	608617246384	4294967296	6.383325	
