Stage	total_cycles	pim_cycles	mem_bw_util	
A	59268	0	57.341124	
B	63416	20193	54.175307	
C	225191	13346	61.566542	
D	225966	16950	61.429125	
E	165551	13137	63.217566	
F	163916	0	63.723607	
