Stage	total_cycles	pim_cycles	mem_bw_util	
A	59268	0	57.341124	
B	63937	19874	53.728670	
C	228649	13129	60.635516	
D	223062	16823	62.227430	
E	165230	13776	63.340495	
F	163457	0	63.902548	
