Stage	total_cycles	pim_cycles	mem_bw_util	
A	59268	0	57.341124	
B	64050	20158	53.640808	
C	226714	13278	61.152212	
D	223709	17047	62.049415	
E	162452	13121	64.422529	
F	164832	0	63.369484	
