Stage	total_cycles	pim_cycles	mem_bw_util	
A	59268	0	57.341124	
B	63871	19047	53.751116	
C	226136	13138	61.308820	
D	225310	16147	61.597105	
E	167902	13699	62.331710	
F	165421	0	63.143850	
