OpName	StartCycle	EndCycle	TotalCycle	ComputeCycles	MemoryStalls	WeightLoadCycles	SystolicMemoryStalls	MemoryReads	MemoryWrites	ReadBandwidth	WriteBandwidth	TotalMemoryBandwidth	NumCalculation	NpuUtilization	
layer0.attn.proj	574580	595330	20750	11263	0	0	0	8602752	98560	414590457831	4749879518	419340337349	805306368	4.364024	
layer0.ffn.fc2	676449	733646	57197	41829	0	0	0	34409088	98560	601589034389	1723167298	603312201688	3221225472	4.700280	
layer0.ffn.swish	675468	676449	981	192	0	0	0	798720	798720	814189602446	814189602446	1628379204892	0	0.000000	
layer0.ffn.fc1	609207	675468	66261	52756	0	0	0	36774528	98560	554995064970	1487451140	556482516110	3221225472	3.726742	
layer0.ffn.res	733646	742481	8835	192	0	0	0	6316032	3158016	714887606112	357443803056	1072331409168	0	0.000000	
layer0.ffn.rn	604255	609207	4952	960	0	0	0	3174464	3158016	641046849757	637725363489	1278772213247	0	0.000000	
layer0.attn.res	595330	604255	8925	192	0	0	0	6316032	3158016	707678655462	353839327731	1061517983193	0	0.000000	
