OpName	StartCycle	EndCycle	TotalCycle	ComputeCycles	MemoryStalls	WeightLoadCycles	SystolicMemoryStalls	MemoryReads	MemoryWrites	ReadBandwidth	WriteBandwidth	TotalMemoryBandwidth	NumCalculation	NpuUtilization	
layer0.attn.rn	514564	520370	5806	960	0	0	0	3174464	3158016	546755769893	543922838442	1090678608336	0	0.000000	
layer0.attn.res	367928	377011	9083	192	0	0	0	6316032	3158016	695368490586	347684245293	1043052735880	0	0.000000	
layer0.attn.QKVgen	520370	574911	54541	43294	0	0	0	28369536	98560	520150638968	1807080911	521957719880	2415919104	3.405922	
layer0.attn.proj	351850	367928	16078	12279	0	0	0	8602752	98560	535063565120	6130115686	541193680806	805306368	4.002932	
layer0.ffn.swish	449909	451353	1444	192	0	0	0	798720	798720	553130193905	553130193905	1106260387811	0	0.000000	
layer0.ffn.rn	377011	383766	6755	960	0	0	0	3174464	3158016	469942857142	467507920059	937450777202	0	0.000000	
layer0.ffn.fc1	383766	449909	66143	51597	0	0	0	36774528	98560	555985183617	1490104772	557475288390	3221225472	3.810454	
layer0.ffn.res	506081	514564	8483	192	0	0	0	6316032	3158016	744551691618	372275845809	1116827537427	0	0.000000	
layer0.ffn.fc2	451353	506081	54728	39035	0	0	0	34409088	98560	628729133167	1800906300	630530039467	3221225472	5.036711	
