OpName	StartCycle	EndCycle	TotalCycle	ComputeCycles	MemoryStalls	WeightLoadCycles	SystolicMemoryStalls	MemoryReads	MemoryWrites	ReadBandwidth	WriteBandwidth	TotalMemoryBandwidth	NumCalculation	NpuUtilization	
layer0.attn.rn	514580	519413	4833	960	0	0	0	3174464	3158016	656830953858	653427684667	1310258638526	0	0.000000	
layer0.attn.res	365957	376728	10771	192	0	0	0	6316032	3158016	586392349828	293196174914	879588524742	0	0.000000	
layer0.attn.QKVgen	519413	573736	54323	42246	0	0	0	28369536	98560	522238020727	1814332787	524052353515	2415919104	3.490413	
layer0.attn.proj	350028	365957	15929	10755	0	0	0	8602752	98560	540068554209	6187456839	546256011049	805306368	4.570153	
layer0.ffn.swish	448377	449544	1167	192	0	0	0	798720	798720	684421593830	684421593830	1368843187660	0	0.000000	
layer0.ffn.rn	376728	382393	5665	960	0	0	0	3174464	3158016	560364342453	557460900264	1117825242718	0	0.000000	
layer0.ffn.fc1	382393	448377	65984	51708	0	0	0	36774528	98560	557324927255	1493695441	558818622696	3221225472	3.802274	
layer0.ffn.res	505488	514580	9092	192	0	0	0	6316032	3158016	694680158380	347340079190	1042020237571	0	0.000000	
layer0.ffn.fc2	449544	505488	55944	42083	0	0	0	34409088	98560	615063063063	1761761761	616824824824	3221225472	4.671910	
