OpName	StartCycle	EndCycle	TotalCycle	ComputeCycles	MemoryStalls	WeightLoadCycles	SystolicMemoryStalls	MemoryReads	MemoryWrites	ReadBandwidth	WriteBandwidth	TotalMemoryBandwidth	NumCalculation	NpuUtilization	
layer0.attn.proj	573736	592829	19093	11009	0	0	0	8602752	98560	450570994605	5162101293	455733095899	805306368	4.464711	
layer0.ffn.fc2	674912	729339	54427	39289	0	0	0	34409088	98560	632206221176	1810865930	634017087107	3221225472	5.004149	
layer0.ffn.swish	673812	674912	1100	192	0	0	0	798720	798720	726109090909	726109090909	1452218181818	0	0.000000	
layer0.ffn.fc1	606965	673812	66847	49533	0	0	0	36774528	98560	550129818840	1474411716	551604230556	3221225472	3.969233	
layer0.ffn.res	729339	736187	6848	192	0	0	0	6316032	3158016	922317757009	461158878504	1383476635514	0	0.000000	
layer0.ffn.rn	601480	606965	5485	960	0	0	0	3174464	3158016	578753691886	575754968094	1154508659981	0	0.000000	
layer0.attn.res	592829	601480	8651	192	0	0	0	6316032	3158016	730092706045	365046353022	1095139059068	0	0.000000	
