OpName	StartCycle	EndCycle	TotalCycle	ComputeCycles	MemoryStalls	WeightLoadCycles	SystolicMemoryStalls	MemoryReads	MemoryWrites	ReadBandwidth	WriteBandwidth	TotalMemoryBandwidth	NumCalculation	NpuUtilization	
layer0.ffn.fc2	838105	894573	56468	41067	0	0	0	34409088	98560	609355528795	1745413331	611100942126	3221225472	4.787494	
layer0.ffn.swish	837168	838105	937	192	0	0	0	798720	798720	852422625400	852422625400	1704845250800	0	0.000000	
layer0.attn.res	756699	765723	9024	192	0	0	0	6316032	3158016	699914893617	349957446808	1049872340425	0	0.000000	
layer0.attn.proj	739386	756699	17313	10247	0	0	0	8602752	98560	496895512042	5692831975	502588344018	805306368	4.796721	
layer0.ffn.res	894573	903301	8728	192	0	0	0	6316032	3158016	723651695692	361825847846	1085477543538	0	0.000000	
layer0.ffn.fc1	770787	837168	66381	52359	0	0	0	36774528	98560	553991774754	1484762206	555476536960	3221225472	3.754999	
layer0.ffn.rn	765723	770787	5064	960	0	0	0	3174464	3158016	626868878357	623620853080	1250489731437	0	0.000000	
