OpName	StartCycle	EndCycle	TotalCycle	ComputeCycles	MemoryStalls	WeightLoadCycles	SystolicMemoryStalls	MemoryReads	MemoryWrites	ReadBandwidth	WriteBandwidth	TotalMemoryBandwidth	NumCalculation	NpuUtilization	
layer0.attn.rn	514533	520571	6038	960	0	0	0	3174464	3158016	525747598542	523023517721	1048771116263	0	0.000000	
layer0.attn.res	367709	376328	8619	192	0	0	0	6316032	3158016	732803341454	366401670727	1099205012182	0	0.000000	
layer0.attn.QKVgen	520571	574580	54009	43151	0	0	0	28369536	98560	525274232072	1824881038	527099113110	2415919104	3.417209	
layer0.attn.proj	349271	367709	18438	10755	0	0	0	8602752	98560	466577286039	5345482156	471922768196	805306368	4.570153	
layer0.ffn.swish	448133	449158	1025	192	0	0	0	798720	798720	779239024390	779239024390	1558478048780	0	0.000000	
layer0.ffn.rn	376328	382447	6119	960	0	0	0	3174464	3158016	518788037260	516100016342	1034888053603	0	0.000000	
layer0.ffn.fc1	382447	448133	65686	51343	0	0	0	36774528	98560	559853362969	1500471942	561353834911	3221225472	3.829305	
layer0.ffn.res	506147	514533	8386	192	0	0	0	6316032	3158016	753163844502	376581922251	1129745766754	0	0.000000	
layer0.ffn.fc2	449158	506147	56989	40813	0	0	0	34409088	98560	603784730386	1729456561	605514186948	3221225472	4.817289	
