OpName	StartCycle	EndCycle	TotalCycle	ComputeCycles	MemoryStalls	WeightLoadCycles	SystolicMemoryStalls	MemoryReads	MemoryWrites	ReadBandwidth	WriteBandwidth	TotalMemoryBandwidth	NumCalculation	NpuUtilization	
layer0.attn.proj	574911	595344	20433	12025	0	0	0	8602752	98560	421022463661	4823569715	425846033377	805306368	4.087484	
layer0.ffn.fc2	676401	733321	56920	41321	0	0	0	34409088	98560	604516654954	1731553056	606248208011	3221225472	4.758065	
layer0.ffn.swish	675334	676401	1067	192	0	0	0	798720	798720	748566073102	748566073102	1497132146204	0	0.000000	
layer0.ffn.fc1	609445	675334	65889	51089	0	0	0	36774528	98560	558128488822	1495849079	559624337901	3221225472	3.848343	
layer0.ffn.res	733321	740140	6819	192	0	0	0	6316032	3158016	926240211174	463120105587	1389360316761	0	0.000000	
layer0.ffn.rn	604209	609445	5236	960	0	0	0	3174464	3158016	606276546982	603135217723	1209411764705	0	0.000000	
layer0.attn.res	595344	604209	8865	192	0	0	0	6316032	3158016	712468358714	356234179357	1068702538071	0	0.000000	
