OpName	StartCycle	EndCycle	TotalCycle	ComputeCycles	MemoryStalls	WeightLoadCycles	SystolicMemoryStalls	MemoryReads	MemoryWrites	ReadBandwidth	WriteBandwidth	TotalMemoryBandwidth	NumCalculation	NpuUtilization	
layer0.attn.rn	289558	295245	5687	960	0	0	0	3174464	3158016	558196588711	555304378406	1113500967117	0	0.000000	
layer0.ffn.swish	223706	225004	1298	192	0	0	0	798720	798720	615346687211	615346687211	1230693374422	0	0.000000	
layer0.ffn.fc1	157430	223706	66276	50581	0	0	0	36774528	98560	554869455006	1487114490	556356569497	3221225472	3.886993	
layer0.attn.res	143652	153129	9477	192	0	0	0	6316032	3158016	666459006014	333229503007	999688509021	0	0.000000	
layer0.ffn.res	281346	289558	8212	192	0	0	0	6316032	3158016	769122260107	384561130053	1153683390160	0	0.000000	
layer0.attn.QKVgen	295245	349271	54026	41484	0	0	0	28369536	98560	525108947543	1824306815	526933254359	2415919104	3.554527	
layer0.attn.proj	123136	143652	20516	11771	0	0	0	8602752	98560	419319165529	4804055371	424123220900	805306368	4.175686	
layer0.ffn.fc2	225004	281346	56342	41575	0	0	0	34409088	98560	610718256362	1749316673	612467573036	3221225472	4.728996	
layer0.ffn.rn	153129	157430	4301	960	0	0	0	3174464	3158016	738075796326	734251569402	1472327365728	0	0.000000	
