OpName	StartCycle	EndCycle	TotalCycle	ComputeCycles	MemoryStalls	WeightLoadCycles	SystolicMemoryStalls	MemoryReads	MemoryWrites	ReadBandwidth	WriteBandwidth	TotalMemoryBandwidth	NumCalculation	NpuUtilization	
layer0.attn.rn	59266	66183	6917	960	0	0	0	3174464	3158016	458936533179	456558623680	915495156859	0	0.000000	
layer0.attn.QKVgen	66183	122681	56498	43262	0	0	0	28369536	98560	502133456051	1744486530	503877942582	2415919104	3.408442	
