OpName	StartCycle	EndCycle	TotalCycle	ComputeCycles	MemoryStalls	WeightLoadCycles	SystolicMemoryStalls	MemoryReads	MemoryWrites	ReadBandwidth	WriteBandwidth	TotalMemoryBandwidth	NumCalculation	NpuUtilization	
layer0.attn.rn	513919	520087	6168	960	0	0	0	3174464	3158016	514666666666	512000000000	1026666666666	0	0.000000	
layer0.attn.res	364108	373717	9609	192	0	0	0	6316032	3158016	657303777708	328651888854	985955666562	0	0.000000	
layer0.attn.QKVgen	520087	573836	53749	42929	0	0	0	28369536	98560	527815140746	1833708534	529648849280	2415919104	3.434881	
layer0.attn.proj	347871	364108	16237	12930	0	0	0	8602752	98560	529823982262	6070086838	535894069101	805306368	3.801392	
layer0.ffn.swish	446875	447748	873	192	0	0	0	798720	798720	914914089347	914914089347	1829828178694	0	0.000000	
layer0.ffn.rn	373717	379912	6195	960	0	0	0	3174464	3158016	512423567393	509768523002	1022192090395	0	0.000000	
layer0.ffn.fc1	379912	446875	66963	50946	0	0	0	36774528	98560	549176828995	1471857592	550648686588	3221225472	3.859145	
layer0.ffn.res	505012	513919	8907	192	0	0	0	6316032	3158016	709108790838	354554395419	1063663186257	0	0.000000	
layer0.ffn.fc2	447748	505012	57264	40305	0	0	0	34409088	98560	600885163453	1721151159	602606314613	3221225472	4.878005	
