OpName	StartCycle	EndCycle	TotalCycle	ComputeCycles	MemoryStalls	WeightLoadCycles	SystolicMemoryStalls	MemoryReads	MemoryWrites	ReadBandwidth	WriteBandwidth	TotalMemoryBandwidth	NumCalculation	NpuUtilization	
layer0.attn.rn	59266	65951	6685	960	0	0	0	3174464	3158016	474863724756	472403290949	947267015706	0	0.000000	
layer0.attn.QKVgen	65951	123315	57364	42532	0	0	0	28369536	98560	494552960044	1718150756	496271110801	2415919104	3.466943	
