OpName	StartCycle	EndCycle	TotalCycle	ComputeCycles	MemoryStalls	WeightLoadCycles	SystolicMemoryStalls	MemoryReads	MemoryWrites	ReadBandwidth	WriteBandwidth	TotalMemoryBandwidth	NumCalculation	NpuUtilization	
layer0.attn.rn	59266	65764	6498	960	0	0	0	3174464	3158016	488529393659	485998153277	974527546937	0	0.000000	
layer0.attn.QKVgen	65764	123136	57372	42643	0	0	0	28369536	98560	494483999163	1717911176	496201910339	2415919104	3.457918	
