OpName	StartCycle	EndCycle	TotalCycle	ComputeCycles	MemoryStalls	WeightLoadCycles	SystolicMemoryStalls	MemoryReads	MemoryWrites	ReadBandwidth	WriteBandwidth	TotalMemoryBandwidth	NumCalculation	NpuUtilization	
layer0.attn.rn	59266	65773	6507	960	0	0	0	3174464	3158016	487853696019	485325956662	973179652681	0	0.000000	
layer0.attn.QKVgen	65773	123202	57429	43659	0	0	0	28369536	98560	493993209005	1716206097	495709415103	2415919104	3.377448	
