OpName	StartCycle	EndCycle	TotalCycle	ComputeCycles	MemoryStalls	WeightLoadCycles	SystolicMemoryStalls	MemoryReads	MemoryWrites	ReadBandwidth	WriteBandwidth	TotalMemoryBandwidth	NumCalculation	NpuUtilization	
layer0.attn.proj	573836	592098	18262	11517	0	0	0	8602752	98560	471073923995	5396999233	476470923228	805306368	4.267778	
layer0.ffn.fc2	672962	729976	57014	40559	0	0	0	34409088	98560	603519977549	1728698214	605248675763	3221225472	4.847457	
layer0.ffn.swish	671863	672962	1099	192	0	0	0	798720	798720	726769790718	726769790718	1453539581437	0	0.000000	
layer0.ffn.fc1	606544	671863	65319	50041	0	0	0	36774528	98560	562998943645	1508902463	564507846109	3221225472	3.928938	
layer0.ffn.res	729976	739386	9410	192	0	0	0	6316032	3158016	671204250797	335602125398	1006806376195	0	0.000000	
layer0.ffn.rn	599186	606544	7358	960	0	0	0	3174464	3158016	431430279967	429194889915	860625169883	0	0.000000	
layer0.attn.res	592098	599186	7088	192	0	0	0	6316032	3158016	891088036117	445544018058	1336632054176	0	0.000000	
