OpName	StartCycle	EndCycle	TotalCycle	ComputeCycles	MemoryStalls	WeightLoadCycles	SystolicMemoryStalls	MemoryReads	MemoryWrites	ReadBandwidth	WriteBandwidth	TotalMemoryBandwidth	NumCalculation	NpuUtilization	
layer0.attn.rn	289692	295641	5949	960	0	0	0	3174464	3158016	533613044209	530848209783	1064461253992	0	0.000000	
layer0.ffn.swish	223636	225025	1389	192	0	0	0	798720	798720	575032397408	575032397408	1150064794816	0	0.000000	
layer0.ffn.fc1	157615	223636	66021	53121	0	0	0	36774528	98560	557012586904	1492858332	558505445237	3221225472	3.701135	
layer0.attn.res	143202	151370	8168	192	0	0	0	6316032	3158016	773265426052	386632713026	1159898139079	0	0.000000	
layer0.ffn.res	281450	289692	8242	192	0	0	0	6316032	3158016	766322737199	383161368599	1149484105799	0	0.000000	
layer0.attn.QKVgen	295641	350028	54387	43151	0	0	0	28369536	98560	521623476198	1812197767	523435673966	2415919104	3.417209	
layer0.attn.proj	123315	143202	19887	11771	0	0	0	8602752	98560	432581686528	4956001407	437537687936	805306368	4.175686	
layer0.ffn.fc2	225025	281450	56425	41575	0	0	0	34409088	98560	609819902525	1746743464	611566645990	3221225472	4.728996	
layer0.ffn.rn	151370	157615	6245	960	0	0	0	3174464	3158016	508320896717	505687109687	1014008006405	0	0.000000	
