OpName	StartCycle	EndCycle	TotalCycle	ComputeCycles	MemoryStalls	WeightLoadCycles	SystolicMemoryStalls	MemoryReads	MemoryWrites	ReadBandwidth	WriteBandwidth	TotalMemoryBandwidth	NumCalculation	NpuUtilization	
layer0.ffn.fc2	841742	895909	54167	41829	0	0	0	34409088	98560	635240792364	1819558033	637060350397	3221225472	4.700280	
layer0.ffn.swish	840455	841742	1287	192	0	0	0	798720	798720	620606060606	620606060606	1241212121212	0	0.000000	
layer0.attn.res	759895	766725	6830	192	0	0	0	6316032	3158016	924748462664	462374231332	1387122693997	0	0.000000	
layer0.attn.proj	740140	759895	19755	9739	0	0	0	8602752	98560	435472133637	4989116679	440461250316	805306368	5.046925	
layer0.ffn.res	895909	903596	7687	192	0	0	0	6316032	3158016	821651099258	410825549629	1232476648887	0	0.000000	
layer0.ffn.fc1	774135	840455	66320	53121	0	0	0	36774528	98560	554501326899	1486127864	555987454764	3221225472	3.701135	
layer0.ffn.rn	766725	774135	7410	960	0	0	0	3174464	3158016	428402699055	426182995951	854585695006	0	0.000000	
