OpName	StartCycle	EndCycle	TotalCycle	ComputeCycles	MemoryStalls	WeightLoadCycles	SystolicMemoryStalls	MemoryReads	MemoryWrites	ReadBandwidth	WriteBandwidth	TotalMemoryBandwidth	NumCalculation	NpuUtilization	
layer0.attn.rn	288891	294297	5406	960	0	0	0	3174464	3158016	587211246762	584168701442	1171379948205	0	0.000000	
layer0.ffn.swish	223031	224043	1012	192	0	0	0	798720	798720	789249011857	789249011857	1578498023715	0	0.000000	
layer0.ffn.fc1	156359	223031	66672	53375	0	0	0	36774528	98560	551573794096	1478281737	553052075833	3221225472	3.683522	
layer0.attn.res	142072	150608	8536	192	0	0	0	6316032	3158016	739928772258	369964386129	1109893158388	0	0.000000	
layer0.ffn.res	279668	288891	9223	192	0	0	0	6316032	3158016	684813184430	342406592215	1027219776645	0	0.000000	
layer0.attn.QKVgen	294297	347871	53574	41230	0	0	0	28369536	98560	529539254115	1839698361	531378952476	2415919104	3.576425	
layer0.attn.proj	122681	142072	19391	11517	0	0	0	8602752	98560	443646640193	5082770357	448729410551	805306368	4.267778	
layer0.ffn.fc2	224043	279668	55625	41067	0	0	0	34409088	98560	618590346067	1771865168	620362211235	3221225472	4.787494	
layer0.ffn.rn	150608	156359	5751	960	0	0	0	3174464	3158016	551984698313	549124673969	1101109372283	0	0.000000	
