OpName	StartCycle	EndCycle	TotalCycle	ComputeCycles	MemoryStalls	WeightLoadCycles	SystolicMemoryStalls	MemoryReads	MemoryWrites	ReadBandwidth	WriteBandwidth	TotalMemoryBandwidth	NumCalculation	NpuUtilization	
layer0.attn.rn	289330	297085	7755	960	0	0	0	3174464	3158016	409344165054	407223210831	816567375886	0	0.000000	
layer0.ffn.swish	223951	225221	1270	192	0	0	0	798720	798720	628913385826	628913385826	1257826771653	0	0.000000	
layer0.ffn.fc1	158053	223951	65898	53375	0	0	0	36774528	98560	558052262587	1495644784	559547907371	3221225472	3.683522	
layer0.attn.res	143656	151860	8204	192	0	0	0	6316032	3158016	769872257435	384936128717	1154808386153	0	0.000000	
layer0.ffn.res	282605	289330	6725	192	0	0	0	6316032	3158016	939186914498	469593457249	1408780371747	0	0.000000	
layer0.attn.QKVgen	297085	351850	54765	43008	0	0	0	28369536	98560	518023116954	1799689582	519822806537	2415919104	3.428571	
layer0.attn.proj	123202	143656	20454	11771	0	0	0	8602752	98560	420590202405	4818617385	425408819790	805306368	4.175686	
layer0.ffn.fc2	225221	282605	57384	40305	0	0	0	34409088	98560	599628607277	1717551930	601346159208	3221225472	4.878005	
layer0.ffn.rn	151860	158053	6193	960	0	0	0	3174464	3158016	512589052155	509933150331	1022522202486	0	0.000000	
