OpName	StartCycle	EndCycle	TotalCycle	ComputeCycles	MemoryStalls	WeightLoadCycles	SystolicMemoryStalls	MemoryReads	MemoryWrites	ReadBandwidth	WriteBandwidth	TotalMemoryBandwidth	NumCalculation	NpuUtilization	
layer0.ffn.fc2	842777	899495	56718	39543	0	0	0	34409088	98560	606669628689	1737719947	608407348637	3221225472	4.972005	
layer0.ffn.swish	841610	842777	1167	192	0	0	0	798720	798720	684421593830	684421593830	1368843187660	0	0.000000	
layer0.attn.res	760864	769486	8622	192	0	0	0	6316032	3158016	732548364648	366274182324	1098822546972	0	0.000000	
layer0.attn.proj	742481	760864	18383	9485	0	0	0	8602752	98560	467973236142	5361475276	473334711418	805306368	5.182077	
layer0.ffn.res	899495	907901	8406	192	0	0	0	6316032	3158016	751371877230	375685938615	1127057815845	0	0.000000	
layer0.ffn.fc1	775200	841610	66410	52248	0	0	0	36774528	98560	553749856949	1484113838	555233970787	3221225472	3.762977	
layer0.ffn.rn	769486	775200	5714	960	0	0	0	3174464	3158016	555558977948	552680434021	1108239411970	0	0.000000	
