OpName	StartCycle	EndCycle	TotalCycle	ComputeCycles	MemoryStalls	WeightLoadCycles	SystolicMemoryStalls	MemoryReads	MemoryWrites	ReadBandwidth	WriteBandwidth	TotalMemoryBandwidth	NumCalculation	NpuUtilization	
layer0.ffn.fc2	837619	894173	56554	40051	0	0	0	34409088	98560	608428899812	1742759132	610171658945	3221225472	4.908941	
layer0.ffn.swish	836455	837619	1164	192	0	0	0	798720	798720	686185567010	686185567010	1372371134020	0	0.000000	
layer0.attn.res	756190	764878	8688	192	0	0	0	6316032	3158016	726983425414	363491712707	1090475138121	0	0.000000	
layer0.attn.proj	736187	756190	20003	9993	0	0	0	8602752	98560	430073089036	4927260910	435000349947	805306368	4.918643	
layer0.ffn.res	894173	901018	6845	192	0	0	0	6316032	3158016	922721986851	461360993425	1384082980277	0	0.000000	
layer0.ffn.fc1	770415	836455	66040	52248	0	0	0	36774528	98560	556852331920	1492428831	558344760751	3221225472	3.762977	
layer0.ffn.rn	764878	770415	5537	960	0	0	0	3174464	3158016	573318403467	570347841791	1143666245259	0	0.000000	
