Stage	total_cycles	pim_cycles	mem_bw_util	
A	59268	0	57.341124	
B	128455	99027	29.214900	
C	236708	35071	58.945832	
D	242908	105110	58.450602	
E	174169	35620	60.598937	
F	166323	0	62.801409	
