Stage	total_cycles	pim_cycles	mem_bw_util	
A	59268	0	57.341124	
B	114666	92319	32.509528	
C	234460	36273	59.516309	
D	239724	93883	59.122261	
E	176213	36211	59.903143	
F	163426	0	63.914669	
