Stage	total_cycles	pim_cycles	mem_bw_util	
A	59268	0	57.341124	
B	111216	88055	33.375369	
C	238235	34566	58.548046	
D	234609	89232	60.343833	
E	179064	34477	58.915632	
F	165839	0	62.984694	
