Stage	total_cycles	pim_cycles	mem_bw_util	
A	59268	0	57.341124	
B	128390	96513	29.148055	
C	237637	34401	58.702585	
D	240837	98952	58.909761	
E	176529	34633	59.771624	
F	167112	0	62.504899	
