OpName	StartCycle	EndCycle	TotalCycle	ComputeCycles	MemoryStalls	WeightLoadCycles	SystolicMemoryStalls	MemoryReads	MemoryWrites	ReadBandwidth	WriteBandwidth	TotalMemoryBandwidth	NumCalculation	NpuUtilization	
layer0.ffn.fc2	943882	999306	55424	40305	0	0	0	34409088	98560	620833718244	1778290993	622612009237	3221225472	4.878005	
layer0.ffn.swish	942760	943882	1122	192	0	0	0	798720	798720	711871657754	711871657754	1423743315508	0	0.000000	
layer0.attn.res	861921	870843	8922	192	0	0	0	6316032	3158016	707916610625	353958305312	1061874915938	0	0.000000	
layer0.attn.proj	841502	861921	20419	9485	0	0	0	8602752	98560	421311131789	4826876928	426138008717	805306368	5.182077	
layer0.ffn.res	999306	1007824	8518	192	0	0	0	6316032	3158016	741492369100	370746184550	1112238553651	0	0.000000	
layer0.ffn.fc1	876065	942760	66695	51232	0	0	0	36774528	98560	551383581977	1477771946	552861353924	3221225472	3.837601	
layer0.ffn.rn	870843	876065	5222	960	0	0	0	3174464	3158016	607901953274	604752202221	1212654155495	0	0.000000	
