OpName	StartCycle	EndCycle	TotalCycle	ComputeCycles	MemoryStalls	WeightLoadCycles	SystolicMemoryStalls	MemoryReads	MemoryWrites	ReadBandwidth	WriteBandwidth	TotalMemoryBandwidth	NumCalculation	NpuUtilization	
layer0.attn.rn	346571	354455	7884	960	0	0	0	3174464	3158016	402646372399	400560121765	803206494165	0	0.000000	
layer0.ffn.swish	280818	281715	897	192	0	0	0	798720	798720	890434782608	890434782608	1780869565217	0	0.000000	
layer0.ffn.fc1	207253	280818	73565	54169	0	0	0	36774528	98560	499891633249	1339767552	501231400802	3221225472	3.629530	
layer0.attn.res	190324	199185	8861	192	0	0	0	6316032	3158016	712789978557	356394989278	1069184967836	0	0.000000	
layer0.ffn.res	339840	346571	6731	192	0	0	0	6316032	3158016	938349725152	469174862576	1407524587728	0	0.000000	
layer0.attn.QKVgen	354455	408390	53935	42643	0	0	0	28369536	98560	525994919810	1827384815	527822304625	2415919104	3.457918	
layer0.attn.proj	173931	190324	16393	12025	0	0	0	8602752	98560	524782041115	6012322332	530794363447	805306368	4.087484	
layer0.ffn.fc2	281715	339840	58125	41067	0	0	0	34409088	98560	591984309677	1695655913	593679965591	3221225472	4.787494	
layer0.ffn.rn	199185	207253	8068	960	0	0	0	3174464	3158016	393463559742	391424888448	784888448190	0	0.000000	
