OpName	StartCycle	EndCycle	TotalCycle	ComputeCycles	MemoryStalls	WeightLoadCycles	SystolicMemoryStalls	MemoryReads	MemoryWrites	ReadBandwidth	WriteBandwidth	TotalMemoryBandwidth	NumCalculation	NpuUtilization	
layer0.attn.proj	666127	682584	16457	12279	0	0	0	8602752	98560	522741204350	5988940876	528730145226	805306368	4.002932	
layer0.ffn.fc2	778423	835248	56825	42083	0	0	0	34409088	98560	605527285525	1734447866	607261733391	3221225472	4.671910	
layer0.ffn.swish	777265	778423	1158	192	0	0	0	798720	798720	689740932642	689740932642	1379481865284	0	0.000000	
layer0.ffn.fc1	704431	777265	72834	53550	0	0	0	36774528	98560	504908806326	1353214158	506262020484	3221225472	3.671485	
layer0.ffn.res	835248	842655	7407	192	0	0	0	6316032	3158016	852711219117	426355609558	1279066828675	0	0.000000	
layer0.ffn.rn	691670	704431	12761	960	0	0	0	3174464	3158016	248762949612	247474022412	496236972024	0	0.000000	
layer0.attn.res	682584	691670	9086	192	0	0	0	6316032	3158016	695138895003	347569447501	1042708342504	0	0.000000	
