OpName	StartCycle	EndCycle	TotalCycle	ComputeCycles	MemoryStalls	WeightLoadCycles	SystolicMemoryStalls	MemoryReads	MemoryWrites	ReadBandwidth	WriteBandwidth	TotalMemoryBandwidth	NumCalculation	NpuUtilization	
layer0.attn.rn	348413	354172	5759	960	0	0	0	3174464	3158016	551217919777	548361868379	1099579788157	0	0.000000	
layer0.ffn.swish	281980	283049	1069	192	0	0	0	798720	798720	747165575304	747165575304	1494331150608	0	0.000000	
layer0.ffn.fc1	204586	281980	77394	53486	0	0	0	36774528	98560	475159934878	1273483732	476433418611	3221225472	3.675878	
layer0.attn.res	186992	198310	11318	192	0	0	0	6316032	3158016	558051952641	279025976320	837077928962	0	0.000000	
layer0.ffn.res	340062	348413	8351	192	0	0	0	6316032	3158016	756320440665	378160220332	1134480660998	0	0.000000	
layer0.attn.QKVgen	354172	408715	54543	41087	0	0	0	28369536	98560	520131565920	1807014648	521938580569	2415919104	3.588872	
layer0.attn.proj	170481	186992	16511	12533	0	0	0	8602752	98560	521031554721	5969353764	527000908485	805306368	3.921806	
layer0.ffn.fc2	283049	340062	57013	40559	0	0	0	34409088	98560	603530563204	1728728535	605259291740	3221225472	4.847457	
layer0.ffn.rn	198310	204586	6276	960	0	0	0	3174464	3158016	505810070108	503189292543	1008999362651	0	0.000000	
