OpName	StartCycle	EndCycle	TotalCycle	ComputeCycles	MemoryStalls	WeightLoadCycles	SystolicMemoryStalls	MemoryReads	MemoryWrites	ReadBandwidth	WriteBandwidth	TotalMemoryBandwidth	NumCalculation	NpuUtilization	
layer0.ffn.fc2	922812	979655	56843	39797	0	0	0	34409088	98560	605335538236	1733898633	607069436869	3221225472	4.940272	
layer0.ffn.swish	921614	922812	1198	192	0	0	0	798720	798720	666711185308	666711185308	1333422370617	0	0.000000	
layer0.attn.res	841537	849882	8345	192	0	0	0	6316032	3158016	756864230077	378432115038	1135296345116	0	0.000000	
layer0.attn.proj	822386	841537	19151	9485	0	0	0	8602752	98560	449206412197	5146467547	454352879745	805306368	5.182077	
layer0.ffn.res	979655	988224	8569	192	0	0	0	6316032	3158016	737079239117	368539619558	1105618858676	0	0.000000	
layer0.ffn.fc1	855718	921614	65896	53264	0	0	0	36774528	98560	558069199951	1495690178	559564890129	3221225472	3.691199	
layer0.ffn.rn	849882	855718	5836	960	0	0	0	3174464	3158016	543945167923	541126799177	1085071967100	0	0.000000	
