OpName	StartCycle	EndCycle	TotalCycle	ComputeCycles	MemoryStalls	WeightLoadCycles	SystolicMemoryStalls	MemoryReads	MemoryWrites	ReadBandwidth	WriteBandwidth	TotalMemoryBandwidth	NumCalculation	NpuUtilization	
layer0.attn.rn	366029	371290	5261	960	0	0	0	3174464	3158016	603395552176	600269150351	1203664702528	0	0.000000	
layer0.ffn.swish	299311	300633	1322	192	0	0	0	798720	798720	604175491679	604175491679	1208350983358	0	0.000000	
layer0.ffn.fc1	222075	299311	77236	53153	0	0	0	36774528	98560	476131959190	1276088870	477408048060	3221225472	3.698907	
layer0.attn.res	204342	215551	11209	192	0	0	0	6316032	3158016	563478633241	281739316620	845217949861	0	0.000000	
layer0.ffn.res	357225	366029	8804	192	0	0	0	6316032	3158016	717404815992	358702407996	1076107223989	0	0.000000	
layer0.attn.QKVgen	371290	425291	54001	41992	0	0	0	28369536	98560	525352049036	1825151386	527177200422	2415919104	3.511526	
layer0.attn.proj	187655	204342	16687	12422	0	0	0	8602752	98560	515536165877	5906394199	521442560076	805306368	3.956851	
layer0.ffn.fc2	300633	357225	56592	40559	0	0	0	34409088	98560	608020356234	1741588917	609761945151	3221225472	4.847457	
layer0.ffn.rn	215551	222075	6524	960	0	0	0	3174464	3158016	486582464745	484061312078	970643776824	0	0.000000	
