OpName	StartCycle	EndCycle	TotalCycle	ComputeCycles	MemoryStalls	WeightLoadCycles	SystolicMemoryStalls	MemoryReads	MemoryWrites	ReadBandwidth	WriteBandwidth	TotalMemoryBandwidth	NumCalculation	NpuUtilization	
layer0.attn.rn	582207	589634	7427	960	0	0	0	3174464	3158016	427422108522	425207486199	852629594721	0	0.000000	
layer0.attn.res	424895	434628	9733	192	0	0	0	6316032	3158016	648929620877	324464810438	973394431316	0	0.000000	
layer0.attn.QKVgen	589634	643323	53689	42643	0	0	0	28369536	98560	528404999161	1835757790	530240756952	2415919104	3.457918	
layer0.attn.proj	408715	424895	16180	12279	0	0	0	8602752	98560	531690482076	6091470951	537781953028	805306368	4.002932	
layer0.ffn.swish	516274	518039	1765	192	0	0	0	798720	798720	452532577903	452532577903	905065155807	0	0.000000	
layer0.ffn.rn	434628	443289	8661	960	0	0	0	3174464	3158016	366523957972	364624870107	731148828079	0	0.000000	
layer0.ffn.fc1	443289	516274	72985	53772	0	0	0	36774528	98560	503864191272	1350414468	505214605740	3221225472	3.656327	
layer0.ffn.res	575340	582207	6867	192	0	0	0	6316032	3158016	919765836609	459882918304	1379648754914	0	0.000000	
layer0.ffn.fc2	518039	575340	57301	40305	0	0	0	34409088	98560	600497164098	1720039789	602217203888	3221225472	4.878005	
