OpName	StartCycle	EndCycle	TotalCycle	ComputeCycles	MemoryStalls	WeightLoadCycles	SystolicMemoryStalls	MemoryReads	MemoryWrites	ReadBandwidth	WriteBandwidth	TotalMemoryBandwidth	NumCalculation	NpuUtilization	
layer0.ffn.fc2	923790	980973	57183	40305	0	0	0	34409088	98560	601736320235	1723589178	603459909413	3221225472	4.878005	
layer0.ffn.swish	922714	923790	1076	192	0	0	0	798720	798720	742304832713	742304832713	1484609665427	0	0.000000	
layer0.attn.res	842232	851070	8838	192	0	0	0	6316032	3158016	714644942294	357322471147	1071967413441	0	0.000000	
layer0.attn.proj	824325	842232	17907	9993	0	0	0	8602752	98560	480412799463	5503992851	485916792315	805306368	4.918643	
layer0.ffn.res	980973	987750	6777	192	0	0	0	6316032	3158016	931980522355	465990261177	1397970783532	0	0.000000	
layer0.ffn.fc1	856290	922714	66424	51740	0	0	0	36774528	98560	553633144646	1483801035	555116945682	3221225472	3.799923	
layer0.ffn.rn	851070	856290	5220	960	0	0	0	3174464	3158016	608134865900	604983908045	1213118773946	0	0.000000	
