OpName	StartCycle	EndCycle	TotalCycle	ComputeCycles	MemoryStalls	WeightLoadCycles	SystolicMemoryStalls	MemoryReads	MemoryWrites	ReadBandwidth	WriteBandwidth	TotalMemoryBandwidth	NumCalculation	NpuUtilization	
layer0.attn.rn	607849	613084	5235	960	0	0	0	3174464	3158016	606392359121	603250429799	1209642788920	0	0.000000	
layer0.attn.res	440997	453509	12512	192	0	0	0	6316032	3158016	504797953964	252398976982	757196930946	0	0.000000	
layer0.attn.QKVgen	613084	667334	54250	41881	0	0	0	28369536	98560	522940755760	1816774193	524757529953	2415919104	3.520833	
layer0.attn.proj	424427	440997	16570	13803	0	0	0	8602752	98560	519176342788	5948098974	525124441762	805306368	3.560965	
layer0.ffn.swish	533358	535265	1907	192	0	0	0	798720	798720	418835867855	418835867855	837671735710	0	0.000000	
layer0.ffn.rn	453509	461588	8079	960	0	0	0	3174464	3158016	392927837603	390891942072	783819779675	0	0.000000	
layer0.ffn.fc1	461588	533358	71770	53232	0	0	0	36774528	98560	512394147972	1373275741	513767423714	3221225472	3.693417	
layer0.ffn.res	599014	607849	8835	192	0	0	0	6316032	3158016	714887606112	357443803056	1072331409168	0	0.000000	
layer0.ffn.fc2	535265	599014	63749	42337	0	0	0	34409088	98560	539758866805	1546063467	541304930273	3221225472	4.643881	
