OpName	StartCycle	EndCycle	TotalCycle	ComputeCycles	MemoryStalls	WeightLoadCycles	SystolicMemoryStalls	MemoryReads	MemoryWrites	ReadBandwidth	WriteBandwidth	TotalMemoryBandwidth	NumCalculation	NpuUtilization	
layer0.attn.proj	648113	664874	16761	12025	0	0	0	8602752	98560	513260068015	5880317403	519140385418	805306368	4.087484	
layer0.ffn.fc2	759271	815286	56015	42083	0	0	0	34409088	98560	614283459787	1759528697	616042988485	3221225472	4.671910	
layer0.ffn.swish	758053	759271	1218	192	0	0	0	798720	798720	655763546798	655763546798	1311527093596	0	0.000000	
layer0.ffn.fc1	686829	758053	71224	51454	0	0	0	36774528	98560	516322138604	1383803212	517705941817	3221225472	3.821044	
layer0.ffn.res	815286	824325	9039	192	0	0	0	6316032	3158016	698753401924	349376700962	1048130102887	0	0.000000	
layer0.ffn.rn	674591	686829	12238	960	0	0	0	3174464	3158016	259394018630	258050008171	517444026801	0	0.000000	
layer0.attn.res	664874	674591	9717	192	0	0	0	6316032	3158016	649998147576	324999073788	974997221364	0	0.000000	
