OpName	StartCycle	EndCycle	TotalCycle	ComputeCycles	MemoryStalls	WeightLoadCycles	SystolicMemoryStalls	MemoryReads	MemoryWrites	ReadBandwidth	WriteBandwidth	TotalMemoryBandwidth	NumCalculation	NpuUtilization	
layer0.attn.rn	59266	66800	7534	960	0	0	0	3174464	3158016	421351738784	419168569153	840520307937	0	0.000000	
layer0.attn.QKVgen	66800	126428	59628	43516	0	0	0	28369536	98560	475775407526	1652914738	477428322264	2415919104	3.388547	
