OpName	StartCycle	EndCycle	TotalCycle	ComputeCycles	MemoryStalls	WeightLoadCycles	SystolicMemoryStalls	MemoryReads	MemoryWrites	ReadBandwidth	WriteBandwidth	TotalMemoryBandwidth	NumCalculation	NpuUtilization	
layer0.attn.rn	605844	611047	5203	960	0	0	0	3174464	3158016	610121852777	606960599654	1217082452431	0	0.000000	
layer0.attn.res	443859	453475	9616	192	0	0	0	6316032	3158016	656825291181	328412645590	985237936772	0	0.000000	
layer0.attn.QKVgen	611047	666127	55080	43405	0	0	0	28369536	98560	515060566448	1789397240	516849963689	2415919104	3.397212	
layer0.attn.proj	425291	443859	18568	10755	0	0	0	8602752	98560	463310641964	5308056872	468618698836	805306368	4.570153	
layer0.ffn.swish	535679	537392	1713	192	0	0	0	798720	798720	466269702276	466269702276	932539404553	0	0.000000	
layer0.ffn.rn	453475	461965	8490	960	0	0	0	3174464	3158016	373906242638	371968904593	745875147232	0	0.000000	
layer0.ffn.fc1	461965	535679	73714	52756	0	0	0	36774528	98560	498881189461	1337059445	500218248907	3221225472	3.726742	
layer0.ffn.res	596685	605844	9159	192	0	0	0	6316032	3158016	689598427775	344799213887	1034397641663	0	0.000000	
layer0.ffn.fc2	537392	596685	59293	41575	0	0	0	34409088	98560	580322938626	1662253554	581985192181	3221225472	4.728996	
