OpName	StartCycle	EndCycle	TotalCycle	ComputeCycles	MemoryStalls	WeightLoadCycles	SystolicMemoryStalls	MemoryReads	MemoryWrites	ReadBandwidth	WriteBandwidth	TotalMemoryBandwidth	NumCalculation	NpuUtilization	
layer0.ffn.fc2	944133	1000832	56699	39289	0	0	0	34409088	98560	606872925448	1738302262	608611227711	3221225472	5.004149	
layer0.ffn.swish	942938	944133	1195	192	0	0	0	798720	798720	668384937238	668384937238	1336769874476	0	0.000000	
layer0.attn.res	862327	871287	8960	192	0	0	0	6316032	3158016	704914285714	352457142857	1057371428571	0	0.000000	
layer0.attn.proj	842655	862327	19672	9485	0	0	0	8602752	98560	437309475396	5010166734	442319642130	805306368	5.182077	
layer0.ffn.res	1000832	1009766	8934	192	0	0	0	6316032	3158016	706965748824	353482874412	1060448623237	0	0.000000	
layer0.ffn.fc1	876886	942938	66052	51597	0	0	0	36774528	98560	556751165748	1492157693	558243323442	3221225472	3.810454	
layer0.ffn.rn	871287	876886	5599	960	0	0	0	3174464	3158016	566969816038	564032148597	1131001964636	0	0.000000	
