OpName	StartCycle	EndCycle	TotalCycle	ComputeCycles	MemoryStalls	WeightLoadCycles	SystolicMemoryStalls	MemoryReads	MemoryWrites	ReadBandwidth	WriteBandwidth	TotalMemoryBandwidth	NumCalculation	NpuUtilization	
layer0.attn.proj	643323	660090	16767	11914	0	0	0	8602752	98560	513076400071	5878213156	518954613228	805306368	4.125567	
layer0.ffn.fc2	758049	814757	56708	40051	0	0	0	34409088	98560	606776610002	1738026380	608514636382	3221225472	4.908941	
layer0.ffn.swish	757002	758049	1047	192	0	0	0	798720	798720	762865329512	762865329512	1525730659025	0	0.000000	
layer0.ffn.fc1	684041	757002	72961	53661	0	0	0	36774528	98560	504029933800	1350858677	505380792478	3221225472	3.663890	
layer0.ffn.res	814757	822386	7629	192	0	0	0	6316032	3158016	827897758552	413948879276	1241846637829	0	0.000000	
layer0.ffn.rn	669533	684041	14508	960	0	0	0	3174464	3158016	218807830162	217674110835	436481940998	0	0.000000	
layer0.attn.res	660090	669533	9443	192	0	0	0	6316032	3158016	668858625436	334429312718	1003287938155	0	0.000000	
