OpName	StartCycle	EndCycle	TotalCycle	ComputeCycles	MemoryStalls	WeightLoadCycles	SystolicMemoryStalls	MemoryReads	MemoryWrites	ReadBandwidth	WriteBandwidth	TotalMemoryBandwidth	NumCalculation	NpuUtilization	
layer0.attn.rn	59266	66318	7052	960	0	0	0	3174464	3158016	450150879183	447818491208	897969370391	0	0.000000	
layer0.attn.QKVgen	66318	128058	61740	45437	0	0	0	28369536	98560	459500097181	1596371882	461096469063	2415919104	3.245285	
