OpName	StartCycle	EndCycle	TotalCycle	ComputeCycles	MemoryStalls	WeightLoadCycles	SystolicMemoryStalls	MemoryReads	MemoryWrites	ReadBandwidth	WriteBandwidth	TotalMemoryBandwidth	NumCalculation	NpuUtilization	
layer0.attn.rn	588687	594178	5491	960	0	0	0	3174464	3158016	578121289382	575125842287	1153247131670	0	0.000000	
layer0.attn.res	425114	434411	9297	192	0	0	0	6316032	3158016	679362374959	339681187479	1019043562439	0	0.000000	
layer0.attn.QKVgen	594178	648113	53935	42389	0	0	0	28369536	98560	525994919810	1827384815	527822304625	2415919104	3.478638	
layer0.attn.proj	408390	425114	16724	13041	0	0	0	8602752	98560	514395599138	5893326955	520288926094	805306368	3.769036	
layer0.ffn.swish	518931	522503	3572	192	0	0	0	798720	798720	223605823068	223605823068	447211646136	0	0.000000	
layer0.ffn.rn	434411	443185	8774	960	0	0	0	3174464	3158016	361803510371	359928880784	721732391155	0	0.000000	
layer0.ffn.fc1	443185	518931	75746	52613	0	0	0	36774528	98560	485497953687	1301190821	486799144509	3221225472	3.736871	
layer0.ffn.res	579790	588687	8897	192	0	0	0	6316032	3158016	709905810947	354952905473	1064858716421	0	0.000000	
layer0.ffn.fc2	522503	579790	57287	41321	0	0	0	34409088	98560	600643915722	1720460139	602364375861	3221225472	4.758065	
