OpName	StartCycle	EndCycle	TotalCycle	ComputeCycles	MemoryStalls	WeightLoadCycles	SystolicMemoryStalls	MemoryReads	MemoryWrites	ReadBandwidth	WriteBandwidth	TotalMemoryBandwidth	NumCalculation	NpuUtilization	
layer0.attn.rn	59266	66154	6888	960	0	0	0	3174464	3158016	460868757259	458480836236	919349593495	0	0.000000	
layer0.attn.QKVgen	66154	127152	60998	43945	0	0	0	28369536	98560	465089609495	1615790681	466705400177	2415919104	3.355467	
