OpName	StartCycle	EndCycle	TotalCycle	ComputeCycles	MemoryStalls	WeightLoadCycles	SystolicMemoryStalls	MemoryReads	MemoryWrites	ReadBandwidth	WriteBandwidth	TotalMemoryBandwidth	NumCalculation	NpuUtilization	
layer0.attn.rn	59266	67055	7789	960	0	0	0	3174464	3158016	407557324431	405445628450	813002952882	0	0.000000	
layer0.attn.QKVgen	67055	126936	59881	43913	0	0	0	28369536	98560	473765234381	1645931096	475411165478	2415919104	3.357912	
