OpName	StartCycle	EndCycle	TotalCycle	ComputeCycles	MemoryStalls	WeightLoadCycles	SystolicMemoryStalls	MemoryReads	MemoryWrites	ReadBandwidth	WriteBandwidth	TotalMemoryBandwidth	NumCalculation	NpuUtilization	
layer0.attn.rn	361804	369475	7671	960	0	0	0	3174464	3158016	413826619736	411682440359	825509060096	0	0.000000	
layer0.ffn.swish	297618	298776	1158	192	0	0	0	798720	798720	689740932642	689740932642	1379481865284	0	0.000000	
layer0.ffn.fc1	224047	297618	73571	52867	0	0	0	36774528	98560	499850865150	1339658289	501190523439	3221225472	3.718917	
layer0.attn.res	207078	217481	10403	192	0	0	0	6316032	3158016	607135633951	303567816975	910703450927	0	0.000000	
layer0.ffn.res	355017	361804	6787	192	0	0	0	6316032	3158016	930607337557	465303668778	1395911006335	0	0.000000	
layer0.attn.QKVgen	369475	424427	54952	44024	0	0	0	28369536	98560	516260299898	1793565293	518053865191	2415919104	3.349446	
layer0.attn.proj	187720	207078	19358	10501	0	0	0	8602752	98560	444402934187	5091435065	449494369253	805306368	4.680697	
layer0.ffn.fc2	298776	355017	56241	40813	0	0	0	34409088	98560	611815010401	1752458171	613567468572	3221225472	4.817289	
layer0.ffn.rn	217481	224047	6566	960	0	0	0	3174464	3158016	483469996954	480964971063	964434968017	0	0.000000	
