OpName	StartCycle	EndCycle	TotalCycle	ComputeCycles	MemoryStalls	WeightLoadCycles	SystolicMemoryStalls	MemoryReads	MemoryWrites	ReadBandwidth	WriteBandwidth	TotalMemoryBandwidth	NumCalculation	NpuUtilization	
layer0.attn.proj	667334	683858	16524	12787	0	0	0	8602752	98560	520621641249	5964657467	526586298717	805306368	3.843904	
layer0.ffn.fc2	777651	834695	57044	41067	0	0	0	34409088	98560	603202580464	1727789075	604930369539	3221225472	4.787494	
layer0.ffn.swish	776634	777651	1017	192	0	0	0	798720	798720	785368731563	785368731563	1570737463126	0	0.000000	
layer0.ffn.fc1	705433	776634	71201	51565	0	0	0	36774528	98560	516488925717	1384250221	517873175938	3221225472	3.812819	
layer0.ffn.res	834695	841502	6807	192	0	0	0	6316032	3158016	927873071837	463936535918	1391809607756	0	0.000000	
layer0.ffn.rn	693177	705433	12256	960	0	0	0	3174464	3158016	259013054830	257671018276	516684073107	0	0.000000	
layer0.attn.res	683858	693177	9319	192	0	0	0	6316032	3158016	677758557785	338879278892	1016637836677	0	0.000000	
