Stage	total_cycles	pim_cycles	mem_bw_util	
A	35917	0	85.854714	
B	78268	56693	41.978682	
C	149543	22165	84.043260	
D	163984	60116	77.460263	
E	112374	22021	84.400473	
F	108697	0	86.632048	
