Stage	total_cycles	pim_cycles	mem_bw_util	
A	35917	0	85.854714	
B	70697	56575	46.498260	
C	158862	25817	79.191413	
D	164312	59897	77.315831	
E	118928	25595	79.853725	
F	105527	0	89.234449	
