Stage	total_cycles	pim_cycles	mem_bw_util	
A	35917	0	85.854714	
B	80231	59048	41.075068	
C	150448	24447	83.594332	
D	164584	62382	77.237877	
E	117647	24175	80.689903	
F	104776	0	89.874053	
