Stage	total_cycles	pim_cycles	mem_bw_util	
A	35917	0	85.854714	
B	76188	56397	43.122523	
C	148517	23973	84.663077	
D	165266	60534	76.858368	
E	113951	23640	83.283550	
F	109536	0	85.968483	
