OpName	StartCycle	EndCycle	TotalCycle	ComputeCycles	MemoryStalls	WeightLoadCycles	SystolicMemoryStalls	MemoryReads	MemoryWrites	ReadBandwidth	WriteBandwidth	TotalMemoryBandwidth	NumCalculation	NpuUtilization	
layer0.ffn.fc2	347863	387049	39186	23145	0	0	0	34145600	32832	871372428928	837850252	872210279181	2147483648	5.663081	
layer0.attn.res	277636	284005	6369	128	0	0	0	4210688	2105344	661122311194	330561155597	991683466792	0	0.000000	
layer0.ffn.swish	347037	347863	826	128	0	0	0	532480	532480	644648910411	644648910411	1289297820823	0	0.000000	
layer0.ffn.rn	284005	298132	14127	640	0	0	0	2121792	2105344	150194096411	149029801090	299223897501	0	0.000000	
layer0.attn.QKVgen	397036	429783	32747	21885	0	0	0	27316544	32832	834169359025	1002595657	835171954682	1610612736	4.491844	
layer0.ffn.fc1	298132	347037	48905	27140	0	0	0	35721536	32832	730427072896	671342398	731098415294	2147483648	4.829477	
layer0.attn.proj	265472	277636	12164	7735	0	0	0	8536640	32832	701795462019	2699112134	704494574153	536870912	4.236328	
layer0.attn.rn	393278	397036	3758	640	0	0	0	2121792	2105344	564606705694	560229909526	1124836615220	0	0.000000	
layer0.ffn.res	387049	393278	6229	128	0	0	0	4210688	2105344	675981377428	337990688714	1013972066142	0	0.000000	
