OpName	StartCycle	EndCycle	TotalCycle	ComputeCycles	MemoryStalls	WeightLoadCycles	SystolicMemoryStalls	MemoryReads	MemoryWrites	ReadBandwidth	WriteBandwidth	TotalMemoryBandwidth	NumCalculation	NpuUtilization	
layer0.ffn.rn	124137	130872	6735	640	0	0	0	2121792	2105344	315039643652	312597475872	627637119524	0	0.000000	
layer0.ffn.fc2	182612	221882	39270	22637	0	0	0	34145600	32832	869508530685	836058059	870344588744	2147483648	5.790167	
layer0.ffn.fc1	130872	181914	51042	29823	0	0	0	35721536	32832	699845930802	643234982	700489165785	2147483648	4.394997	
layer0.attn.QKVgen	231654	265472	33818	22933	0	0	0	27316544	32832	807751611567	970843929	808722455497	1610612736	4.286574	
layer0.ffn.swish	181914	182612	698	128	0	0	0	532480	532480	762865329512	762865329512	1525730659025	0	0.000000	
layer0.attn.proj	106611	118607	11996	7481	0	0	0	8536640	32832	711623874624	2736912304	714360786928	536870912	4.380163	
layer0.attn.res	118607	124137	5530	128	0	0	0	4210688	2105344	761426401446	380713200723	1142139602169	0	0.000000	
layer0.ffn.res	221882	227622	5740	128	0	0	0	4210688	2105344	733569337979	366784668989	1100354006968	0	0.000000	
layer0.attn.rn	227622	231654	4032	640	0	0	0	2121792	2105344	526238095238	522158730158	1048396825396	0	0.000000	
