OpName	StartCycle	EndCycle	TotalCycle	ComputeCycles	MemoryStalls	WeightLoadCycles	SystolicMemoryStalls	MemoryReads	MemoryWrites	ReadBandwidth	WriteBandwidth	TotalMemoryBandwidth	NumCalculation	NpuUtilization	
layer0.ffn.rn	443678	450899	7221	640	0	0	0	2121792	2105344	293836310760	291558509901	585394820661	0	0.000000	
layer0.ffn.swish	495767	496513	746	128	0	0	0	532480	532480	713780160857	713780160857	1427560321715	0	0.000000	
layer0.ffn.res	534168	539833	5665	128	0	0	0	4210688	2105344	743281200353	371640600176	1114921800529	0	0.000000	
layer0.ffn.fc2	496513	534168	37655	23399	0	0	0	34145600	32832	906801221617	871916080	907673137697	2147483648	5.601607	
layer0.ffn.fc1	450899	495767	44868	28664	0	0	0	35721536	32832	796147276455	731746456	796879022911	2147483648	4.572704	
layer0.attn.proj	425883	437672	11789	7735	0	0	0	8536640	32832	724119094070	2784969038	726904063109	536870912	4.236328	
layer0.attn.res	437672	443678	6006	128	0	0	0	4210688	2105344	701080253080	350540126540	1051620379620	0	0.000000	
