OpName	StartCycle	EndCycle	TotalCycle	ComputeCycles	MemoryStalls	WeightLoadCycles	SystolicMemoryStalls	MemoryReads	MemoryWrites	ReadBandwidth	WriteBandwidth	TotalMemoryBandwidth	NumCalculation	NpuUtilization	
layer0.attn.rn	35915	38980	3065	640	0	0	0	2121792	2105344	692264926590	686898531810	1379163458401	0	0.000000	
layer0.attn.QKVgen	38980	79950	40970	23552	0	0	0	27316544	32832	666745032950	801366853	667546399804	1610612736	4.173913	
