OpName	StartCycle	EndCycle	TotalCycle	ComputeCycles	MemoryStalls	WeightLoadCycles	SystolicMemoryStalls	MemoryReads	MemoryWrites	ReadBandwidth	WriteBandwidth	TotalMemoryBandwidth	NumCalculation	NpuUtilization	
layer0.ffn.rn	132126	137522	5396	640	0	0	0	2121792	2105344	393215715344	390167531504	783383246849	0	0.000000	
layer0.ffn.fc2	182241	219633	37392	21367	0	0	0	34145600	32832	913179289687	878048780	914057338468	2147483648	6.134319	
layer0.ffn.fc1	137522	181326	43804	30331	0	0	0	35721536	32832	815485709067	749520591	816235229659	2147483648	4.321387	
layer0.attn.QKVgen	229615	263724	34109	22679	0	0	0	27316544	32832	800860300800	962561200	801822862001	1610612736	4.334583	
layer0.ffn.swish	181326	182241	915	128	0	0	0	532480	532480	581945355191	581945355191	1163890710382	0	0.000000	
layer0.attn.proj	114182	125877	11695	7624	0	0	0	8536640	32832	729939290294	2807353569	732746643864	536870912	4.298006	
layer0.attn.res	125877	132126	6249	128	0	0	0	4210688	2105344	673817890862	336908945431	1010726836293	0	0.000000	
layer0.ffn.res	219633	224102	4469	128	0	0	0	4210688	2105344	942199149697	471099574848	1413298724546	0	0.000000	
layer0.attn.rn	224102	229615	5513	640	0	0	0	2121792	2105344	384870669327	381887175766	766757845093	0	0.000000	
