OpName	StartCycle	EndCycle	TotalCycle	ComputeCycles	MemoryStalls	WeightLoadCycles	SystolicMemoryStalls	MemoryReads	MemoryWrites	ReadBandwidth	WriteBandwidth	TotalMemoryBandwidth	NumCalculation	NpuUtilization	
layer0.ffn.fc2	613954	649835	35881	22637	0	0	0	34145600	32832	951634569828	915024664	952549594492	2147483648	5.790167	
layer0.attn.proj	548710	561856	13146	5195	0	0	0	8536640	32832	649371671991	2497489730	651869161722	536870912	6.307603	
layer0.ffn.swish	612921	613954	1033	128	0	0	0	532480	532480	515469506292	515469506292	1030939012584	0	0.000000	
layer0.ffn.res	649835	654236	4401	128	0	0	0	4210688	2105344	956757100658	478378550329	1435135650988	0	0.000000	
layer0.ffn.rn	567446	571393	3947	640	0	0	0	2121792	2105344	537570813275	533403597669	1070974410945	0	0.000000	
layer0.ffn.fc1	571393	612921	41528	29172	0	0	0	35721536	32832	860179541514	790599113	860970140628	2147483648	4.493076	
layer0.attn.res	561856	567446	5590	128	0	0	0	4210688	2105344	753253667262	376626833631	1129880500894	0	0.000000	
