OpName	StartCycle	EndCycle	TotalCycle	ComputeCycles	MemoryStalls	WeightLoadCycles	SystolicMemoryStalls	MemoryReads	MemoryWrites	ReadBandwidth	WriteBandwidth	TotalMemoryBandwidth	NumCalculation	NpuUtilization	
layer0.ffn.rn	449577	459608	10031	640	0	0	0	2121792	2105344	211523477220	209883760342	421407237563	0	0.000000	
layer0.ffn.swish	503936	504565	629	128	0	0	0	532480	532480	846550079491	846550079491	1693100158982	0	0.000000	
layer0.ffn.res	542558	548821	6263	128	0	0	0	4210688	2105344	672311671722	336155835861	1008467507584	0	0.000000	
layer0.ffn.fc2	504565	542558	37993	22891	0	0	0	34145600	32832	898733977311	864159187	899598136498	2147483648	5.725918	
layer0.ffn.fc1	459608	503936	44328	29061	0	0	0	35721536	32832	805845876195	740660530	806586536726	2147483648	4.510237	
layer0.attn.proj	431175	443540	12365	7624	0	0	0	8536640	32832	690387383744	2655236554	693042620299	536870912	4.298006	
layer0.attn.res	443540	449577	6037	128	0	0	0	4210688	2105344	697480205400	348740102700	1046220308100	0	0.000000	
