OpName	StartCycle	EndCycle	TotalCycle	ComputeCycles	MemoryStalls	WeightLoadCycles	SystolicMemoryStalls	MemoryReads	MemoryWrites	ReadBandwidth	WriteBandwidth	TotalMemoryBandwidth	NumCalculation	NpuUtilization	
layer0.attn.rn	35915	39600	3685	640	0	0	0	2121792	2105344	575791587516	571328086838	1147119674355	0	0.000000	
layer0.attn.QKVgen	39600	79095	39495	23584	0	0	0	27316544	32832	691645626028	831295100	692476921129	1610612736	4.168250	
