OpName	StartCycle	EndCycle	TotalCycle	ComputeCycles	MemoryStalls	WeightLoadCycles	SystolicMemoryStalls	MemoryReads	MemoryWrites	ReadBandwidth	WriteBandwidth	TotalMemoryBandwidth	NumCalculation	NpuUtilization	
layer0.attn.rn	35915	38932	3017	640	0	0	0	2121792	2105344	703278753728	697826980444	1401105734173	0	0.000000	
layer0.attn.QKVgen	38932	81337	42405	24632	0	0	0	27316544	32832	644182148331	774248319	644956396651	1610612736	3.990906	
