OpName	StartCycle	EndCycle	TotalCycle	ComputeCycles	MemoryStalls	WeightLoadCycles	SystolicMemoryStalls	MemoryReads	MemoryWrites	ReadBandwidth	WriteBandwidth	TotalMemoryBandwidth	NumCalculation	NpuUtilization	
layer0.attn.rn	35915	38932	3017	640	0	0	0	2121792	2105344	703278753728	697826980444	1401105734173	0	0.000000	
layer0.attn.QKVgen	38932	80278	41346	24346	0	0	0	27316544	32832	660681662071	794079233	661475741305	1610612736	4.037789	
