OpName	StartCycle	EndCycle	TotalCycle	ComputeCycles	MemoryStalls	WeightLoadCycles	SystolicMemoryStalls	MemoryReads	MemoryWrites	ReadBandwidth	WriteBandwidth	TotalMemoryBandwidth	NumCalculation	NpuUtilization	
layer0.ffn.fc2	605380	643803	38423	21113	0	0	0	34145600	32832	888676053405	854488197	889530541602	2147483648	6.208118	
layer0.attn.proj	539833	553370	13537	5703	0	0	0	8536640	32832	630615350520	2425352736	633040703257	536870912	5.745748	
layer0.ffn.swish	604675	605380	705	128	0	0	0	532480	532480	755290780141	755290780141	1510581560283	0	0.000000	
layer0.ffn.res	643803	649368	5565	128	0	0	0	4210688	2105344	756637556154	378318778077	1134956334231	0	0.000000	
layer0.ffn.rn	557767	563199	5432	640	0	0	0	2121792	2105344	390609720176	387581737849	778191458026	0	0.000000	
layer0.ffn.fc1	563199	604675	41476	26886	0	0	0	35721536	32832	861257980518	791590317	862049570836	2147483648	4.875102	
layer0.attn.res	553370	557767	4397	128	0	0	0	4210688	2105344	957627473277	478813736638	1436441209915	0	0.000000	
