OpName	StartCycle	EndCycle	TotalCycle	ComputeCycles	MemoryStalls	WeightLoadCycles	SystolicMemoryStalls	MemoryReads	MemoryWrites	ReadBandwidth	WriteBandwidth	TotalMemoryBandwidth	NumCalculation	NpuUtilization	
layer0.ffn.rn	446243	451354	5111	640	0	0	0	2121792	2105344	415142242222	411924085306	827066327528	0	0.000000	
layer0.ffn.swish	495804	496421	617	128	0	0	0	532480	532480	863014586709	863014586709	1726029173419	0	0.000000	
layer0.ffn.res	535104	540080	4976	128	0	0	0	4210688	2105344	846199356913	423099678456	1269299035369	0	0.000000	
layer0.ffn.fc2	496421	535104	38683	22637	0	0	0	34145600	32832	882702996148	848744926	883551741074	2147483648	5.790167	
layer0.ffn.fc1	451354	495804	44450	28775	0	0	0	35721536	32832	803634105736	738627671	804372733408	2147483648	4.555065	
layer0.attn.proj	427707	439849	12142	7227	0	0	0	8536640	32832	703067040026	2704002635	705771042661	536870912	4.534108	
layer0.attn.res	439849	446243	6394	128	0	0	0	4210688	2105344	658537378792	329268689396	987806068188	0	0.000000	
