OpName	StartCycle	EndCycle	TotalCycle	ComputeCycles	MemoryStalls	WeightLoadCycles	SystolicMemoryStalls	MemoryReads	MemoryWrites	ReadBandwidth	WriteBandwidth	TotalMemoryBandwidth	NumCalculation	NpuUtilization	
layer0.ffn.fc2	350339	388044	37705	22383	0	0	0	34145600	32832	905598726959	870759846	906469486805	2147483648	5.855873	
layer0.attn.res	279012	284787	5775	128	0	0	0	4210688	2105344	729123463203	364561731601	1093685194805	0	0.000000	
layer0.ffn.swish	348105	350339	2234	128	0	0	0	532480	532480	238352730528	238352730528	476705461056	0	0.000000	
layer0.ffn.rn	284787	299904	15117	640	0	0	0	2121792	2105344	140358007541	139269960971	279627968512	0	0.000000	
layer0.attn.QKVgen	397826	431175	33349	22790	0	0	0	27316544	32832	819111337671	984497286	820095834957	1610612736	4.313471	
layer0.ffn.fc1	299904	348105	48201	31236	0	0	0	35721536	32832	741095329972	681147694	741776477666	2147483648	4.196184	
layer0.attn.proj	266592	279012	12420	7989	0	0	0	8536640	32832	687330112721	2643478260	689973590982	536870912	4.101640	
layer0.attn.rn	392497	397826	5329	640	0	0	0	2121792	2105344	398159504597	395072996809	793232501407	0	0.000000	
layer0.ffn.res	388044	392497	4453	128	0	0	0	4210688	2105344	945584549741	472792274870	1418376824612	0	0.000000	
