OpName	StartCycle	EndCycle	TotalCycle	ComputeCycles	MemoryStalls	WeightLoadCycles	SystolicMemoryStalls	MemoryReads	MemoryWrites	ReadBandwidth	WriteBandwidth	TotalMemoryBandwidth	NumCalculation	NpuUtilization	
layer0.ffn.fc2	344749	383029	38280	23399	0	0	0	34145600	32832	891995820271	857680250	892853500522	2147483648	5.601607	
layer0.attn.res	272588	280432	7844	128	0	0	0	4210688	2105344	536803671596	268401835798	805205507394	0	0.000000	
layer0.ffn.swish	344131	344749	618	128	0	0	0	532480	532480	861618122977	861618122977	1723236245954	0	0.000000	
layer0.ffn.rn	280432	292674	12242	640	0	0	0	2121792	2105344	173320699232	171977127920	345297827152	0	0.000000	
layer0.attn.QKVgen	392299	425883	33584	22393	0	0	0	27316544	32832	813379704621	977608384	814357313006	1610612736	4.389943	
layer0.ffn.fc1	292674	344131	51457	30474	0	0	0	35721536	32832	694201682958	638047301	694839730260	2147483648	4.301109	
layer0.attn.proj	260618	272588	11970	6973	0	0	0	8536640	32832	713169590643	2742857142	715912447786	536870912	4.699269	
layer0.attn.rn	388007	392299	4292	640	0	0	0	2121792	2105344	494359739049	490527493010	984887232059	0	0.000000	
layer0.ffn.res	383029	388007	4978	128	0	0	0	4210688	2105344	845859381277	422929690638	1268789071916	0	0.000000	
