OpName	StartCycle	EndCycle	TotalCycle	ComputeCycles	MemoryStalls	WeightLoadCycles	SystolicMemoryStalls	MemoryReads	MemoryWrites	ReadBandwidth	WriteBandwidth	TotalMemoryBandwidth	NumCalculation	NpuUtilization	
layer0.ffn.fc2	605107	642524	37417	22383	0	0	0	34145600	32832	912569153058	877462116	913446615174	2147483648	5.855873	
layer0.attn.proj	540080	554062	13982	5703	0	0	0	8536640	32832	610544986411	2348161922	612893148333	536870912	5.745748	
layer0.ffn.swish	604067	605107	1040	128	0	0	0	532480	532480	512000000000	512000000000	1024000000000	0	0.000000	
layer0.ffn.res	642524	648776	6252	128	0	0	0	4210688	2105344	673494561740	336747280870	1010241842610	0	0.000000	
layer0.ffn.rn	559579	563173	3594	640	0	0	0	2121792	2105344	590370617696	585794101279	1176164718976	0	0.000000	
layer0.ffn.fc1	563173	604067	40894	26886	0	0	0	35721536	32832	873515332322	802856164	874318188487	2147483648	4.875102	
layer0.attn.res	554062	559579	5517	128	0	0	0	4210688	2105344	763220590900	381610295450	1144830886351	0	0.000000	
