OpName	StartCycle	EndCycle	TotalCycle	ComputeCycles	MemoryStalls	WeightLoadCycles	SystolicMemoryStalls	MemoryReads	MemoryWrites	ReadBandwidth	WriteBandwidth	TotalMemoryBandwidth	NumCalculation	NpuUtilization	
layer0.ffn.rn	129585	134988	5403	640	0	0	0	2121792	2105344	392706274292	389662039607	782368313899	0	0.000000	
layer0.ffn.fc2	180367	216124	35757	24415	0	0	0	34145600	32832	954934698101	918197835	955852895936	2147483648	5.368503	
layer0.ffn.fc1	134988	179662	44674	28013	0	0	0	35721536	32832	799604602229	734924116	800339526346	2147483648	4.678970	
layer0.attn.QKVgen	225982	260618	34636	23330	0	0	0	27316544	32832	788674904723	947915463	789622820187	1610612736	4.213631	
layer0.ffn.swish	179662	180367	705	128	0	0	0	532480	532480	755290780141	755290780141	1510581560283	0	0.000000	
layer0.attn.proj	112102	123666	11564	7481	0	0	0	8536640	32832	738208232445	2839156001	741047388446	536870912	4.380163	
layer0.attn.res	123666	129585	5919	128	0	0	0	4210688	2105344	711385031255	355692515627	1067077546882	0	0.000000	
layer0.ffn.res	216124	221797	5673	128	0	0	0	4210688	2105344	742233033668	371116516834	1113349550502	0	0.000000	
layer0.attn.rn	221797	225982	4185	640	0	0	0	2121792	2105344	506999283154	503069056152	1010068339307	0	0.000000	
