OpName	StartCycle	EndCycle	TotalCycle	ComputeCycles	MemoryStalls	WeightLoadCycles	SystolicMemoryStalls	MemoryReads	MemoryWrites	ReadBandwidth	WriteBandwidth	TotalMemoryBandwidth	NumCalculation	NpuUtilization	
layer0.ffn.rn	447326	452933	5607	640	0	0	0	2121792	2105344	378418405564	375484929552	753903335116	0	0.000000	
layer0.ffn.swish	504607	505832	1225	128	0	0	0	532480	532480	434677551020	434677551020	869355102040	0	0.000000	
layer0.ffn.res	542827	548710	5883	128	0	0	0	4210688	2105344	715738228794	357869114397	1073607343192	0	0.000000	
layer0.ffn.fc2	505832	542827	36995	20351	0	0	0	34145600	32832	922978780916	887471279	923866252196	2147483648	6.440568	
layer0.ffn.fc1	452933	504607	51674	29680	0	0	0	35721536	32832	691286449665	635367883	691921817548	2147483648	4.416173	
layer0.attn.proj	429783	441284	11501	7735	0	0	0	8536640	32832	742251978088	2854708286	745106686375	536870912	4.236328	
layer0.attn.res	441284	447326	6042	128	0	0	0	4210688	2105344	696903012247	348451506123	1045354518371	0	0.000000	
