OpName	StartCycle	EndCycle	TotalCycle	ComputeCycles	MemoryStalls	WeightLoadCycles	SystolicMemoryStalls	MemoryReads	MemoryWrites	ReadBandwidth	WriteBandwidth	TotalMemoryBandwidth	NumCalculation	NpuUtilization	
layer0.ffn.fc2	609404	647686	38282	22383	0	0	0	34145600	32832	891949218954	857635442	892806854396	2147483648	5.855873	
layer0.attn.proj	548821	558015	9194	5957	0	0	0	8536640	32832	928501196432	3571024581	932072221013	536870912	5.500755	
layer0.ffn.swish	608501	609404	903	128	0	0	0	532480	532480	589678848283	589678848283	1179357696566	0	0.000000	
layer0.ffn.res	647686	653596	5910	128	0	0	0	4210688	2105344	712468358714	356234179357	1068702538071	0	0.000000	
layer0.ffn.rn	562341	567174	4833	640	0	0	0	2121792	2105344	439021725636	435618456445	874640182081	0	0.000000	
layer0.ffn.fc1	567174	608501	41327	28553	0	0	0	35721536	32832	864363152418	794444310	865157596728	2147483648	4.590481	
layer0.attn.res	558015	562341	4326	128	0	0	0	4210688	2105344	973344429033	486672214516	1460016643550	0	0.000000	
