OpName	StartCycle	EndCycle	TotalCycle	ComputeCycles	MemoryStalls	WeightLoadCycles	SystolicMemoryStalls	MemoryReads	MemoryWrites	ReadBandwidth	WriteBandwidth	TotalMemoryBandwidth	NumCalculation	NpuUtilization	
layer0.ffn.fc2	347653	384898	37245	22129	0	0	0	34145600	32832	916783460867	881514297	917664975164	2147483648	5.923087	
layer0.attn.res	275734	282406	6672	128	0	0	0	4210688	2105344	631098321342	315549160671	946647482014	0	0.000000	
layer0.ffn.swish	346850	347653	803	128	0	0	0	532480	532480	663113325031	663113325031	1326226650062	0	0.000000	
layer0.ffn.rn	282406	295975	13569	640	0	0	0	2121792	2105344	156370550519	155158375709	311528926228	0	0.000000	
layer0.attn.QKVgen	394943	427707	32764	22282	0	0	0	27316544	32832	833736540104	1002075448	834738615553	1610612736	4.411812	
layer0.ffn.fc1	295975	346850	50875	27791	0	0	0	35721536	32832	702143213759	645346437	702788560196	2147483648	4.716347	
layer0.attn.proj	263724	275734	12010	8497	0	0	0	8536640	32832	710794338051	2733721898	713528059950	536870912	3.856420	
layer0.attn.rn	389162	394943	5781	640	0	0	0	2121792	2105344	367028541774	364183359280	731211901055	0	0.000000	
layer0.ffn.res	384898	389162	4264	128	0	0	0	4210688	2105344	987497185741	493748592870	1481245778611	0	0.000000	
