OpName	StartCycle	EndCycle	TotalCycle	ComputeCycles	MemoryStalls	WeightLoadCycles	SystolicMemoryStalls	MemoryReads	MemoryWrites	ReadBandwidth	WriteBandwidth	TotalMemoryBandwidth	NumCalculation	NpuUtilization	
layer0.ffn.rn	135297	139945	4648	640	0	0	0	2121792	2105344	456495697074	452956970740	909452667814	0	0.000000	
layer0.ffn.fc2	186538	224002	37464	22129	0	0	0	34145600	32832	911424300661	876361306	912300661968	2147483648	5.923087	
layer0.ffn.fc1	139945	185774	45829	27902	0	0	0	35721536	32832	779452660978	716402278	780169063256	2147483648	4.697584	
layer0.attn.QKVgen	233270	266592	33322	22679	0	0	0	27316544	32832	819775043514	985295000	820760338515	1610612736	4.334583	
layer0.ffn.swish	185774	186538	764	128	0	0	0	532480	532480	696963350785	696963350785	1393926701570	0	0.000000	
layer0.attn.proj	116145	127880	11735	7735	0	0	0	8536640	32832	727451214316	2797784405	730248998721	536870912	4.236328	
layer0.attn.res	127880	135297	7417	128	0	0	0	4210688	2105344	567707698530	283853849265	851561547795	0	0.000000	
layer0.ffn.res	224002	229729	5727	128	0	0	0	4210688	2105344	735234503230	367617251615	1102851754845	0	0.000000	
layer0.attn.rn	229729	233270	3541	640	0	0	0	2121792	2105344	599207003671	594561988138	1193768991810	0	0.000000	
