Stage	total_cycles	pim_cycles	mem_bw_util	
A	29222	0	89.632597	
B	35695	11081	74.389620	
C	125961	8731	83.715297	
D	124821	10693	84.533852	
E	93385	8872	84.870228	
F	93842	0	84.144027	
