Stage	total_cycles	pim_cycles	mem_bw_util	
A	29222	0	89.632597	
B	36203	13566	73.640306	
C	125943	10413	83.776838	
D	126594	13107	83.434098	
E	94612	10480	83.835890	
F	88624	0	89.098255	
