Stage	total_cycles	pim_cycles	mem_bw_util	
A	29222	0	89.632597	
B	37381	12385	71.182553	
C	125868	8380	83.771888	
D	126649	11508	83.357399	
E	92487	8607	85.687245	
F	91526	0	86.273231	
