Stage	total_cycles	pim_cycles	mem_bw_util	
A	29222	0	89.632597	
B	36067	11952	73.755615	
C	125888	9641	83.786233	
D	127536	11412	82.771825	
E	94061	9423	84.290381	
F	90055	0	87.682458	
