OpName	StartCycle	EndCycle	TotalCycle	ComputeCycles	MemoryStalls	WeightLoadCycles	SystolicMemoryStalls	MemoryReads	MemoryWrites	ReadBandwidth	WriteBandwidth	TotalMemoryBandwidth	NumCalculation	NpuUtilization	
layer0.ffn.fc2	463995	501556	37561	21113	0	0	0	33752384	8256	898601847661	219802454	898821650115	536870912	1.552030	
layer0.ffn.rn	423655	424450	795	160	0	0	0	542784	526336	682747169811	662057861635	1344805031446	0	0.000000	
layer0.ffn.res	501556	502919	1363	32	0	0	0	1052672	526336	772319882611	386159941305	1158479823917	0	0.000000	
layer0.ffn.fc1	424450	463808	39358	26267	0	0	0	34148672	8256	867642461507	209766756	867852228263	536870912	1.247497	
layer0.attn.proj	409078	422074	12996	5703	0	0	0	8438336	8256	649302554632	635272391	649937827023	134217728	1.436437	
layer0.ffn.swish	463808	463995	187	32	0	0	0	133120	133120	711871657754	711871657754	1423743315508	0	0.000000	
layer0.attn.res	422074	423655	1581	32	0	0	0	1052672	526336	665826691967	332913345983	998740037950	0	0.000000	
