OpName	StartCycle	EndCycle	TotalCycle	ComputeCycles	MemoryStalls	WeightLoadCycles	SystolicMemoryStalls	MemoryReads	MemoryWrites	ReadBandwidth	WriteBandwidth	TotalMemoryBandwidth	NumCalculation	NpuUtilization	
layer0.ffn.fc2	248246	283444	35198	24193	0	0	0	33752384	8256	958929030058	234558781	959163588840	536870912	1.354441	
layer0.ffn.swish	248064	248246	182	32	0	0	0	133120	133120	731428571428	731428571428	1462857142857	0	0.000000	
layer0.attn.QKVgen	285734	317957	32223	22139	0	0	0	25743680	8256	798922508767	256214505	799178723272	402653184	1.110077	
layer0.ffn.fc1	206388	248064	41676	28664	0	0	0	34148672	8256	819384585852	198099625	819582685478	536870912	1.143176	
layer0.ffn.res	283444	284818	1374	32	0	0	0	1052672	526336	766136826783	383068413391	1149205240174	0	0.000000	
layer0.attn.res	203167	204926	1759	32	0	0	0	1052672	526336	598449118817	299224559408	897673678226	0	0.000000	
layer0.ffn.rn	204926	206388	1462	160	0	0	0	542784	526336	371261285909	360010943912	731272229822	0	0.000000	
layer0.attn.rn	284818	285734	916	160	0	0	0	542784	526336	592558951965	574602620087	1167161572052	0	0.000000	
layer0.attn.proj	191364	203167	11803	8497	0	0	0	8438336	8256	714931458103	699483182	715630941286	134217728	0.964105	
