OpName	StartCycle	EndCycle	TotalCycle	ComputeCycles	MemoryStalls	WeightLoadCycles	SystolicMemoryStalls	MemoryReads	MemoryWrites	ReadBandwidth	WriteBandwidth	TotalMemoryBandwidth	NumCalculation	NpuUtilization	
layer0.attn.QKVgen	161030	192467	31437	22282	0	0	0	25743680	8256	818897477494	262620479	819160097973	402653184	1.102953	
layer0.ffn.fc1	81908	123624	41716	26743	0	0	0	34148672	8256	818598906894	197909674	818796816569	536870912	1.225293	
layer0.ffn.swish	123624	123805	181	32	0	0	0	133120	133120	735469613259	735469613259	1470939226519	0	0.000000	
layer0.ffn.res	158628	160244	1616	32	0	0	0	1052672	526336	651405940594	325702970297	977108910891	0	0.000000	
layer0.ffn.fc2	123805	158628	34823	24161	0	0	0	33752384	8256	969255492059	237084685	969492576745	536870912	1.356235	
layer0.attn.proj	66600	78703	12103	6973	0	0	0	8438336	8256	697210278443	682144922	697892423366	134217728	1.174817	
layer0.ffn.rn	81014	81908	894	160	0	0	0	542784	526336	607140939597	588742729306	1195883668903	0	0.000000	
layer0.attn.rn	160244	161030	786	160	0	0	0	542784	526336	690564885496	669638676844	1360203562340	0	0.000000	
layer0.attn.res	78703	81014	2311	32	0	0	0	1052672	526336	455504976200	227752488100	683257464301	0	0.000000	
