OpName	StartCycle	EndCycle	TotalCycle	ComputeCycles	MemoryStalls	WeightLoadCycles	SystolicMemoryStalls	MemoryReads	MemoryWrites	ReadBandwidth	WriteBandwidth	TotalMemoryBandwidth	NumCalculation	NpuUtilization	
layer0.ffn.fc1	333099	375805	42706	28267	0	0	0	34148672	8256	799622348147	193321781	799815669929	536870912	1.159232	
layer0.ffn.fc2	375986	411340	35354	22018	0	0	0	33752384	8256	954697742829	233523787	954931266617	536870912	1.488237	
layer0.attn.proj	318708	329992	11284	7481	0	0	0	8438336	8256	747814250265	731655441	748545905707	134217728	1.095041	
layer0.ffn.res	411340	412768	1428	32	0	0	0	1052672	526336	737165266106	368582633053	1105747899159	0	0.000000	
layer0.ffn.swish	375805	375986	181	32	0	0	0	133120	133120	735469613259	735469613259	1470939226519	0	0.000000	
layer0.attn.res	329992	331611	1619	32	0	0	0	1052672	526336	650198888202	325099444101	975298332303	0	0.000000	
layer0.ffn.rn	331611	333099	1488	160	0	0	0	542784	526336	364774193548	353720430107	718494623655	0	0.000000	
