OpName	StartCycle	EndCycle	TotalCycle	ComputeCycles	MemoryStalls	WeightLoadCycles	SystolicMemoryStalls	MemoryReads	MemoryWrites	ReadBandwidth	WriteBandwidth	TotalMemoryBandwidth	NumCalculation	NpuUtilization	
layer0.ffn.fc2	247420	282309	34889	21875	0	0	0	33752384	8256	967421938146	236636189	967658574335	536870912	1.497966	
layer0.ffn.swish	247241	247420	179	32	0	0	0	133120	133120	743687150837	743687150837	1487374301675	0	0.000000	
layer0.attn.QKVgen	284608	315694	31086	21631	0	0	0	25743680	8256	828143858971	265585794	828409444766	402653184	1.136147	
layer0.ffn.fc1	205669	247241	41572	28156	0	0	0	34148672	8256	821434427018	198595208	821633022226	536870912	1.163802	
layer0.ffn.res	282309	283692	1383	32	0	0	0	1052672	526336	761151120751	380575560375	1141726681127	0	0.000000	
layer0.attn.res	202475	204015	1540	32	0	0	0	1052672	526336	683553246753	341776623376	1025329870129	0	0.000000	
layer0.ffn.rn	204015	205669	1654	160	0	0	0	542784	526336	328164449818	318220072551	646384522370	0	0.000000	
layer0.attn.rn	283692	284608	916	160	0	0	0	542784	526336	592558951965	574602620087	1167161572052	0	0.000000	
layer0.attn.proj	190874	202475	11601	7227	0	0	0	8438336	8256	727380053443	711662787	728091716231	134217728	1.133527	
