OpName	StartCycle	EndCycle	TotalCycle	ComputeCycles	MemoryStalls	WeightLoadCycles	SystolicMemoryStalls	MemoryReads	MemoryWrites	ReadBandwidth	WriteBandwidth	TotalMemoryBandwidth	NumCalculation	NpuUtilization	
layer0.ffn.fc1	333400	375091	41691	27394	0	0	0	34148672	8256	819089779568	198028351	819287807920	536870912	1.196174	
layer0.ffn.fc2	375275	410250	34975	21875	0	0	0	33752384	8256	965043145103	236054324	965279199428	536870912	1.497966	
layer0.attn.proj	319115	330406	11291	7227	0	0	0	8438336	8256	747350633247	731201842	748081835089	134217728	1.133527	
layer0.ffn.res	410250	411601	1351	32	0	0	0	1052672	526336	779179866765	389589933382	1168769800148	0	0.000000	
layer0.ffn.swish	375091	375275	184	32	0	0	0	133120	133120	723478260869	723478260869	1446956521739	0	0.000000	
layer0.attn.res	330406	332492	2086	32	0	0	0	1052672	526336	504636625119	252318312559	756954937679	0	0.000000	
layer0.ffn.rn	332492	333400	908	160	0	0	0	542784	526336	597779735682	579665198237	1177444933920	0	0.000000	
