OpName	StartCycle	EndCycle	TotalCycle	ComputeCycles	MemoryStalls	WeightLoadCycles	SystolicMemoryStalls	MemoryReads	MemoryWrites	ReadBandwidth	WriteBandwidth	TotalMemoryBandwidth	NumCalculation	NpuUtilization	
layer0.attn.rn	29220	30363	1143	160	0	0	0	542784	526336	474876640419	460486439195	935363079615	0	0.000000	
layer0.attn.QKVgen	30363	65286	34923	23663	0	0	0	25743680	8256	737155456289	236405807	737391862096	402653184	1.038583	
