OpName	StartCycle	EndCycle	TotalCycle	ComputeCycles	MemoryStalls	WeightLoadCycles	SystolicMemoryStalls	MemoryReads	MemoryWrites	ReadBandwidth	WriteBandwidth	TotalMemoryBandwidth	NumCalculation	NpuUtilization	
layer0.ffn.fc2	466508	502005	35497	21510	0	0	0	33752384	8256	950851733949	232583035	951084316984	536870912	1.523384	
layer0.ffn.rn	425215	426100	885	160	0	0	0	542784	526336	613315254237	594729943502	1208045197740	0	0.000000	
layer0.ffn.res	502005	503126	1121	32	0	0	0	1052672	526336	939047279214	469523639607	1408570918822	0	0.000000	
layer0.ffn.fc1	426100	466319	40219	28013	0	0	0	34148672	8256	849068151868	205276113	849273427981	536870912	1.169743	
layer0.attn.proj	411601	424013	12412	5957	0	0	0	8438336	8256	679853045439	665162745	680518208185	134217728	1.375189	
layer0.ffn.swish	466319	466508	189	32	0	0	0	133120	133120	704338624338	704338624338	1408677248677	0	0.000000	
layer0.attn.res	424013	425215	1202	32	0	0	0	1052672	526336	875767054908	437883527454	1313650582362	0	0.000000	
