OpName	StartCycle	EndCycle	TotalCycle	ComputeCycles	MemoryStalls	WeightLoadCycles	SystolicMemoryStalls	MemoryReads	MemoryWrites	ReadBandwidth	WriteBandwidth	TotalMemoryBandwidth	NumCalculation	NpuUtilization	
layer0.ffn.fc2	466396	501656	35260	22161	0	0	0	33752384	8256	957242881452	234146341	957477027793	536870912	1.478634	
layer0.ffn.rn	425883	426768	885	160	0	0	0	542784	526336	613315254237	594729943502	1208045197740	0	0.000000	
layer0.ffn.res	501656	502822	1166	32	0	0	0	1052672	526336	902806174957	451403087478	1354209262435	0	0.000000	
layer0.ffn.fc1	426768	466144	39376	27759	0	0	0	34148672	8256	867245835026	209670865	867455505891	536870912	1.180446	
layer0.attn.proj	412768	424514	11746	5957	0	0	0	8438336	8256	718400817299	702877575	719103694874	134217728	1.375189	
layer0.ffn.swish	466144	466396	252	32	0	0	0	133120	133120	528253968253	528253968253	1056507936507	0	0.000000	
layer0.attn.res	424514	425883	1369	32	0	0	0	1052672	526336	768934989043	384467494521	1153402483564	0	0.000000	
