OpName	StartCycle	EndCycle	TotalCycle	ComputeCycles	MemoryStalls	WeightLoadCycles	SystolicMemoryStalls	MemoryReads	MemoryWrites	ReadBandwidth	WriteBandwidth	TotalMemoryBandwidth	NumCalculation	NpuUtilization	
layer0.attn.QKVgen	159551	191364	31813	21885	0	0	0	25743680	8256	809218872787	259516549	809478389337	402653184	1.122961	
layer0.ffn.fc1	79826	121681	41855	27648	0	0	0	34148672	8256	815880348823	197252419	816077601242	536870912	1.185185	
layer0.ffn.swish	121681	121865	184	32	0	0	0	133120	133120	723478260869	723478260869	1446956521739	0	0.000000	
layer0.ffn.res	157220	158599	1379	32	0	0	0	1052672	526336	763358955765	381679477882	1145038433647	0	0.000000	
layer0.ffn.fc2	121865	157220	35355	23034	0	0	0	33752384	8256	954670739640	233517182	954904256823	536870912	1.422593	
layer0.attn.proj	65422	76750	11328	7370	0	0	0	8438336	8256	744909604519	728813559	745638418079	134217728	1.111533	
layer0.ffn.rn	78864	79826	962	160	0	0	0	542784	526336	564224532224	547126819126	1111351351351	0	0.000000	
layer0.attn.rn	158599	159551	952	160	0	0	0	542784	526336	570151260504	552873949579	1123025210084	0	0.000000	
layer0.attn.res	76750	78864	2114	32	0	0	0	1052672	526336	497952696310	248976348155	746929044465	0	0.000000	
