OpName	StartCycle	EndCycle	TotalCycle	ComputeCycles	MemoryStalls	WeightLoadCycles	SystolicMemoryStalls	MemoryReads	MemoryWrites	ReadBandwidth	WriteBandwidth	TotalMemoryBandwidth	NumCalculation	NpuUtilization	
layer0.ffn.fc2	465099	499827	34728	23907	0	0	0	33752384	8256	971906933886	237733241	972144667127	536870912	1.370645	
layer0.ffn.rn	426485	428031	1546	160	0	0	0	542784	526336	351089262613	340450194049	691539456662	0	0.000000	
layer0.ffn.res	499827	501191	1364	32	0	0	0	1052672	526336	771753665689	385876832844	1157630498533	0	0.000000	
layer0.ffn.fc1	428031	464914	36883	25981	0	0	0	34148672	8256	925864815768	223842962	926088658731	536870912	1.261229	
layer0.attn.proj	412568	425193	12625	6211	0	0	0	8438336	8256	668383049504	653940594	669036990099	134217728	1.318950	
layer0.ffn.swish	464914	465099	185	32	0	0	0	133120	133120	719567567567	719567567567	1439135135135	0	0.000000	
layer0.attn.res	425193	426485	1292	32	0	0	0	1052672	526336	814761609907	407380804953	1222142414860	0	0.000000	
