OpName	StartCycle	EndCycle	TotalCycle	ComputeCycles	MemoryStalls	WeightLoadCycles	SystolicMemoryStalls	MemoryReads	MemoryWrites	ReadBandwidth	WriteBandwidth	TotalMemoryBandwidth	NumCalculation	NpuUtilization	
layer0.attn.QKVgen	158749	191173	32424	21377	0	0	0	25743680	8256	793969898840	254626202	794224525043	402653184	1.149647	
layer0.ffn.fc1	79387	120539	41152	28775	0	0	0	34148672	8256	829818040435	200622083	830018662519	536870912	1.138766	
layer0.ffn.swish	120539	120721	182	32	0	0	0	133120	133120	731428571428	731428571428	1462857142857	0	0.000000	
layer0.ffn.res	155960	157352	1392	32	0	0	0	1052672	526336	756229885057	378114942528	1134344827586	0	0.000000	
layer0.ffn.fc2	120721	155960	35239	21113	0	0	0	33752384	8256	957813331819	234285876	958047617696	536870912	1.552030	
layer0.attn.proj	65286	76650	11364	7624	0	0	0	8438336	8256	742549806406	726504751	743276311158	134217728	1.074502	
layer0.ffn.rn	78386	79387	1001	160	0	0	0	542784	526336	542241758241	525810189810	1068051948051	0	0.000000	
layer0.attn.rn	157352	158749	1397	160	0	0	0	542784	526336	388535433070	376761632068	765297065139	0	0.000000	
layer0.attn.res	76650	78386	1736	32	0	0	0	1052672	526336	606377880184	303188940092	909566820276	0	0.000000	
