OpName	StartCycle	EndCycle	TotalCycle	ComputeCycles	MemoryStalls	WeightLoadCycles	SystolicMemoryStalls	MemoryReads	MemoryWrites	ReadBandwidth	WriteBandwidth	TotalMemoryBandwidth	NumCalculation	NpuUtilization	
layer0.ffn.fc2	249323	284603	35280	23288	0	0	0	33752384	8256	956700226757	234013605	956934240362	536870912	1.407077	
layer0.ffn.swish	249133	249323	190	32	0	0	0	133120	133120	700631578947	700631578947	1401263157894	0	0.000000	
layer0.attn.QKVgen	287177	318708	31531	22425	0	0	0	25743680	8256	816456185975	261837556	816718023532	402653184	1.095920	
layer0.ffn.fc1	206229	249133	42904	27902	0	0	0	34148672	8256	795932127540	192429610	796124557150	536870912	1.174396	
layer0.ffn.res	284603	286037	1434	32	0	0	0	1052672	526336	734080892608	367040446304	1101121338912	0	0.000000	
layer0.attn.res	203383	205065	1682	32	0	0	0	1052672	526336	625845422116	312922711058	938768133174	0	0.000000	
layer0.ffn.rn	205065	206229	1164	160	0	0	0	542784	526336	466309278350	452178694158	918487972508	0	0.000000	
layer0.attn.rn	286037	287177	1140	160	0	0	0	542784	526336	476126315789	461698245614	937824561403	0	0.000000	
layer0.attn.proj	191173	203383	12210	6719	0	0	0	8438336	8256	691100409500	676167076	691776576576	134217728	1.219229	
