OpName	StartCycle	EndCycle	TotalCycle	ComputeCycles	MemoryStalls	WeightLoadCycles	SystolicMemoryStalls	MemoryReads	MemoryWrites	ReadBandwidth	WriteBandwidth	TotalMemoryBandwidth	NumCalculation	NpuUtilization	
layer0.ffn.fc1	330465	372146	41681	27902	0	0	0	34148672	8256	819286293515	198075861	819484369376	536870912	1.174396	
layer0.ffn.fc2	372331	407817	35486	21621	0	0	0	33752384	8256	951146480302	232655131	951379135433	536870912	1.515564	
layer0.attn.proj	315694	327503	11809	6973	0	0	0	8438336	8256	714568210686	699127783	715267338470	134217728	1.174817	
layer0.ffn.res	407817	409078	1261	32	0	0	0	1052672	526336	834791435368	417395717684	1252187153053	0	0.000000	
layer0.ffn.swish	372146	372331	185	32	0	0	0	133120	133120	719567567567	719567567567	1439135135135	0	0.000000	
layer0.attn.res	327503	329254	1751	32	0	0	0	1052672	526336	601183323814	300591661907	901774985722	0	0.000000	
layer0.ffn.rn	329254	330465	1211	160	0	0	0	542784	526336	448211395540	434629232039	882840627580	0	0.000000	
