OpName	StartCycle	EndCycle	TotalCycle	ComputeCycles	MemoryStalls	WeightLoadCycles	SystolicMemoryStalls	MemoryReads	MemoryWrites	ReadBandwidth	WriteBandwidth	TotalMemoryBandwidth	NumCalculation	NpuUtilization	
layer0.attn.QKVgen	159276	190874	31598	22139	0	0	0	25743680	8256	814724982593	261282359	814986264953	402653184	1.110077	
layer0.ffn.fc1	79572	121426	41854	26632	0	0	0	34148672	8256	815899842308	197257131	816097099440	536870912	1.230400	
layer0.ffn.swish	121426	121608	182	32	0	0	0	133120	133120	731428571428	731428571428	1462857142857	0	0.000000	
layer0.ffn.res	157026	158505	1479	32	0	0	0	1052672	526336	711745774171	355872887085	1067618661257	0	0.000000	
layer0.ffn.fc2	121608	157026	35418	21621	0	0	0	33752384	8256	952972612795	233101812	953205714608	536870912	1.515564	
layer0.attn.proj	64914	76610	11696	6719	0	0	0	8438336	8256	721471956224	705882352	722177838577	134217728	1.219229	
layer0.ffn.rn	78458	79572	1114	160	0	0	0	542784	526336	487238779174	472473967684	959712746858	0	0.000000	
layer0.attn.rn	158505	159276	771	160	0	0	0	542784	526336	704000000000	682666666666	1386666666666	0	0.000000	
layer0.attn.res	76610	78458	1848	32	0	0	0	1052672	526336	569627705627	284813852813	854441558441	0	0.000000	
