OpName	StartCycle	EndCycle	TotalCycle	ComputeCycles	MemoryStalls	WeightLoadCycles	SystolicMemoryStalls	MemoryReads	MemoryWrites	ReadBandwidth	WriteBandwidth	TotalMemoryBandwidth	NumCalculation	NpuUtilization	
layer0.ffn.fc2	250031	285563	35532	22129	0	0	0	33752384	8256	949915118766	232353934	950147472700	536870912	1.480772	
layer0.ffn.swish	249803	250031	228	32	0	0	0	133120	133120	583859649122	583859649122	1167719298245	0	0.000000	
layer0.attn.QKVgen	288101	319115	31014	22028	0	0	0	25743680	8256	830066421616	266202360	830332623976	402653184	1.115671	
layer0.ffn.fc1	206916	249803	42887	27394	0	0	0	34148672	8256	796247627486	192505887	796440133373	536870912	1.196174	
layer0.ffn.res	285563	287227	1664	32	0	0	0	1052672	526336	632615384615	316307692307	948923076923	0	0.000000	
layer0.attn.res	204285	205886	1601	32	0	0	0	1052672	526336	657509056839	328754528419	986263585259	0	0.000000	
layer0.ffn.rn	205886	206916	1030	160	0	0	0	542784	526336	526974757281	511005825242	1037980582524	0	0.000000	
layer0.attn.rn	287227	288101	874	160	0	0	0	542784	526336	621034324942	602215102974	1223249427917	0	0.000000	
layer0.attn.proj	192467	204285	11818	7735	0	0	0	8438336	8256	714024031138	698595363	714722626501	134217728	1.059082	
