OpName	StartCycle	EndCycle	TotalCycle	ComputeCycles	MemoryStalls	WeightLoadCycles	SystolicMemoryStalls	MemoryReads	MemoryWrites	ReadBandwidth	WriteBandwidth	TotalMemoryBandwidth	NumCalculation	NpuUtilization	
layer0.ffn.fc1	332203	375652	43449	29029	0	0	0	34148672	8256	785948399272	190015880	786138415153	536870912	1.128802	
layer0.ffn.fc2	375834	411162	35328	22923	0	0	0	33752384	8256	955400362318	233695652	955634057971	536870912	1.429481	
layer0.attn.proj	317957	329752	11795	6973	0	0	0	8438336	8256	715416362865	699957609	716116320474	134217728	1.174817	
layer0.ffn.res	411162	412568	1406	32	0	0	0	1052672	526336	748699857752	374349928876	1123049786628	0	0.000000	
layer0.ffn.swish	375652	375834	182	32	0	0	0	133120	133120	731428571428	731428571428	1462857142857	0	0.000000	
layer0.attn.res	329752	331195	1443	32	0	0	0	1052672	526336	729502425502	364751212751	1094253638253	0	0.000000	
layer0.ffn.rn	331195	332203	1008	160	0	0	0	542784	526336	538476190476	522158730158	1060634920634	0	0.000000	
