Stage	total_cycles	pim_cycles	mem_bw_util	
A	32390	0	52.648773	
B	38652	34246	45.922106	
C	134157	30869	53.049878	
D	127253	35035	56.133402	
E	102321	31530	52.888886	
F	90764	0	59.143700	
