Stage	total_cycles	pim_cycles	mem_bw_util	
A	32390	0	52.648773	
B	44767	34967	39.755847	
C	137361	31983	51.822888	
D	130326	35832	54.846021	
E	107614	30952	50.301947	
F	90364	0	59.405502	
