Stage	total_cycles	pim_cycles	mem_bw_util	
A	32390	0	52.648773	
B	39031	34861	45.482117	
C	135893	31585	52.369511	
D	131715	34370	54.233525	
E	103563	31410	52.251588	
F	89575	0	59.928761	
