Stage	total_cycles	pim_cycles	mem_bw_util	
A	32390	0	52.648773	
B	44909	34638	39.595070	
C	136149	30945	52.278157	
D	133708	35307	53.447064	
E	106571	30587	50.785626	
F	89571	0	59.931437	
