OpName	StartCycle	EndCycle	TotalCycle	ComputeCycles	MemoryStalls	WeightLoadCycles	SystolicMemoryStalls	MemoryReads	MemoryWrites	ReadBandwidth	WriteBandwidth	TotalMemoryBandwidth	NumCalculation	NpuUtilization	
layer0.attn.QKVgen	182855	213444	30589	21631	0	0	0	14185088	98560	463731668246	3222073294	466953741541	1207959552	3.408442	
layer0.ffn.fc1	109007	145242	36235	26997	0	0	0	18387584	98560	507453677383	2720022078	510173699461	1610612736	3.641293	
layer0.ffn.swish	145242	146555	1313	192	0	0	0	798720	798720	608316831683	608316831683	1216633663366	0	0.000000	
layer0.ffn.res	175957	180230	4273	192	0	0	0	3170304	1585152	741938684764	370969342382	1112908027147	0	0.000000	
layer0.ffn.fc2	146555	175957	29402	22143	0	0	0	17599104	98560	598568260662	3352152914	601920413577	1610612736	4.439507	
layer0.attn.proj	77296	87260	9964	6659	0	0	0	4400256	98560	441615415495	9891609795	451507025291	402653184	3.690644	
layer0.ffn.rn	104325	109007	4682	960	0	0	0	1593408	1585152	340326356258	338563007261	678889363519	0	0.000000	
layer0.attn.rn	180230	182855	2625	960	0	0	0	1593408	1585152	607012571428	603867428571	1210880000000	0	0.000000	
layer0.attn.res	87260	104325	17065	192	0	0	0	3170304	1585152	185778142396	92889071198	278667213595	0	0.000000	
