OpName	StartCycle	EndCycle	TotalCycle	ComputeCycles	MemoryStalls	WeightLoadCycles	SystolicMemoryStalls	MemoryReads	MemoryWrites	ReadBandwidth	WriteBandwidth	TotalMemoryBandwidth	NumCalculation	NpuUtilization	
layer0.attn.res	463335	468334	4999	192	0	0	0	3170304	1585152	634187637527	317093818763	951281456291	0	0.000000	
layer0.ffn.fc1	470587	505500	34913	25362	0	0	0	18387584	98560	526668690745	2823017214	529491707959	1610612736	3.876035	
layer0.ffn.rn	468334	470587	2253	960	0	0	0	1593408	1585152	707238348868	703573901464	1410812250332	0	0.000000	
layer0.ffn.res	539490	543291	3801	192	0	0	0	3170304	1585152	834071033938	417035516969	1251106550907	0	0.000000	
layer0.ffn.swish	505500	506557	1057	192	0	0	0	798720	798720	755648060548	755648060548	1511296121097	0	0.000000	
layer0.ffn.fc2	506557	539490	32933	22651	0	0	0	17599104	98560	534391157805	2992742841	537383900646	1610612736	4.339941	
layer0.attn.proj	453721	463335	9614	6913	0	0	0	4400256	98560	457692531724	10251716247	467944247971	402653184	3.555041	
