OpName	StartCycle	EndCycle	TotalCycle	ComputeCycles	MemoryStalls	WeightLoadCycles	SystolicMemoryStalls	MemoryReads	MemoryWrites	ReadBandwidth	WriteBandwidth	TotalMemoryBandwidth	NumCalculation	NpuUtilization	
layer0.attn.res	342137	347210	5073	192	0	0	0	3170304	1585152	624936723832	312468361916	937405085748	0	0.000000	
layer0.ffn.rn	347210	363999	16789	960	0	0	0	1593408	1585152	94907856334	94416105783	189323962118	0	0.000000	
layer0.attn.proj	332447	342137	9690	7167	0	0	0	4400256	98496	454102786377	10164705882	464267492260	402653184	3.429050	
layer0.ffn.fc2	399318	431261	31943	23413	0	0	0	17599104	98560	550953385718	3085496039	554038881758	1610612736	4.198693	
layer0.ffn.res	431261	434767	3506	192	0	0	0	3170304	1585152	904250998288	452125499144	1356376497432	0	0.000000	
layer0.ffn.fc1	363999	398457	34458	26235	0	0	0	18387584	98560	533623077369	2860293690	536483371060	1610612736	3.747055	
layer0.ffn.swish	398457	399318	861	192	0	0	0	798720	798720	927665505226	927665505226	1855331010452	0	0.000000	
