OpName	StartCycle	EndCycle	TotalCycle	ComputeCycles	MemoryStalls	WeightLoadCycles	SystolicMemoryStalls	MemoryReads	MemoryWrites	ReadBandwidth	WriteBandwidth	TotalMemoryBandwidth	NumCalculation	NpuUtilization	
layer0.attn.QKVgen	35106	69033	33927	22679	0	0	0	14185088	98560	418106169127	2905060865	421011229993	1207959552	3.250937	
layer0.attn.rn	32388	35106	2718	960	0	0	0	1593408	1585152	586242825607	583205298013	1169448123620	0	0.000000	
