OpName	StartCycle	EndCycle	TotalCycle	ComputeCycles	MemoryStalls	WeightLoadCycles	SystolicMemoryStalls	MemoryReads	MemoryWrites	ReadBandwidth	WriteBandwidth	TotalMemoryBandwidth	NumCalculation	NpuUtilization	
layer0.attn.res	451912	455481	3569	192	0	0	0	3170304	1585152	888289156626	444144578313	1332433734939	0	0.000000	
layer0.ffn.fc1	459605	494255	34650	25362	0	0	0	18387584	98560	530666204906	2844444444	533510649350	1610612736	3.876035	
layer0.ffn.rn	455481	459605	4124	960	0	0	0	1593408	1585152	386374393792	384372453928	770746847720	0	0.000000	
layer0.ffn.res	527359	532160	4801	192	0	0	0	3170304	1585152	660342428660	330171214330	990513642991	0	0.000000	
layer0.ffn.swish	494255	495334	1079	192	0	0	0	798720	798720	740240963855	740240963855	1480481927710	0	0.000000	
layer0.ffn.fc2	495334	527359	32025	22651	0	0	0	17599104	98560	549542669789	3077595628	552620265417	1610612736	4.339941	
layer0.attn.proj	442586	451912	9326	5897	0	0	0	4400256	98560	471826720995	10568303667	482395024662	402653184	4.167543	
