OpName	StartCycle	EndCycle	TotalCycle	ComputeCycles	MemoryStalls	WeightLoadCycles	SystolicMemoryStalls	MemoryReads	MemoryWrites	ReadBandwidth	WriteBandwidth	TotalMemoryBandwidth	NumCalculation	NpuUtilization	
layer0.attn.res	216367	222347	5980	192	0	0	0	3170304	1585152	530151170568	265075585284	795226755852	0	0.000000	
layer0.ffn.fc1	228410	268886	40476	26235	0	0	0	18387584	98560	454283624864	2435023223	456718648087	1610612736	3.747055	
layer0.ffn.res	301138	305828	4690	192	0	0	0	3170304	1585152	675971002132	337985501066	1013956503198	0	0.000000	
layer0.ffn.fc2	270008	301138	31130	22143	0	0	0	17599104	98560	565342242210	3166077738	568508319948	1610612736	4.439507	
layer0.ffn.swish	268886	270008	1122	192	0	0	0	798720	798720	711871657754	711871657754	1423743315508	0	0.000000	
layer0.attn.rn	305828	308167	2339	960	0	0	0	1593408	1585152	681234715690	677705002137	1358939717828	0	0.000000	
layer0.attn.proj	207310	216367	9057	6659	0	0	0	4400256	98560	485840344484	10882190570	496722535055	402653184	3.690644	
layer0.ffn.rn	222347	228410	6063	960	0	0	0	1593408	1585152	262808510638	261446808510	524255319148	0	0.000000	
layer0.attn.QKVgen	308167	339024	30857	20361	0	0	0	14185088	98560	459704054185	3194088861	462898143046	1207959552	3.621040	
