OpName	StartCycle	EndCycle	TotalCycle	ComputeCycles	MemoryStalls	WeightLoadCycles	SystolicMemoryStalls	MemoryReads	MemoryWrites	ReadBandwidth	WriteBandwidth	TotalMemoryBandwidth	NumCalculation	NpuUtilization	
layer0.attn.QKVgen	36648	67241	30593	20361	0	0	0	14185088	98560	463671035857	3221652011	466892687869	1207959552	3.621040	
layer0.attn.rn	32388	36648	4260	960	0	0	0	1593408	1585152	374039436619	372101408450	746140845070	0	0.000000	
