OpName	StartCycle	EndCycle	TotalCycle	ComputeCycles	MemoryStalls	WeightLoadCycles	SystolicMemoryStalls	MemoryReads	MemoryWrites	ReadBandwidth	WriteBandwidth	TotalMemoryBandwidth	NumCalculation	NpuUtilization	
layer0.attn.res	353470	375480	22010	192	0	0	0	3170304	1585152	144039254884	72019627442	216058882326	0	0.000000	
layer0.ffn.rn	375480	378570	3090	960	0	0	0	1593408	1585152	515666019417	512994174757	1028660194174	0	0.000000	
layer0.attn.proj	344839	353470	8631	6405	0	0	0	4400256	98560	509819951338	11419302514	521239253852	402653184	3.837002	
layer0.ffn.fc2	416479	447700	31221	22143	0	0	0	17599104	98560	563694436437	3156849556	566851285993	1610612736	4.439507	
layer0.ffn.res	447700	452452	4752	192	0	0	0	3170304	1585152	667151515151	333575757575	1000727272727	0	0.000000	
layer0.ffn.fc1	378570	415127	36557	25473	0	0	0	18387584	98560	502983942883	2696063681	505680006565	1610612736	3.859145	
layer0.ffn.swish	415127	416479	1352	192	0	0	0	798720	798720	590769230769	590769230769	1181538461538	0	0.000000	
