OpName	StartCycle	EndCycle	TotalCycle	ComputeCycles	MemoryStalls	WeightLoadCycles	SystolicMemoryStalls	MemoryReads	MemoryWrites	ReadBandwidth	WriteBandwidth	TotalMemoryBandwidth	NumCalculation	NpuUtilization	
layer0.attn.res	443970	448944	4974	192	0	0	0	3170304	1585152	637375150784	318687575392	956062726176	0	0.000000	
layer0.ffn.fc1	451736	486922	35186	26267	0	0	0	18387584	98560	522582390723	2801114079	525383504803	1610612736	3.742491	
layer0.ffn.rn	448944	451736	2792	960	0	0	0	1593408	1585152	570704871060	567747851002	1138452722063	0	0.000000	
layer0.ffn.res	520630	525530	4900	192	0	0	0	3170304	1585152	647000816326	323500408163	970501224489	0	0.000000	
layer0.ffn.swish	486922	488254	1332	192	0	0	0	798720	798720	599639639639	599639639639	1199279279279	0	0.000000	
layer0.ffn.fc2	488254	520630	32376	23159	0	0	0	17599104	98560	543584877687	3044230294	546629107981	1610612736	4.244743	
layer0.attn.proj	434767	443970	9203	5897	0	0	0	4400256	98560	478132782788	10709551233	488842334021	402653184	4.167543	
