OpName	StartCycle	EndCycle	TotalCycle	ComputeCycles	MemoryStalls	WeightLoadCycles	SystolicMemoryStalls	MemoryReads	MemoryWrites	ReadBandwidth	WriteBandwidth	TotalMemoryBandwidth	NumCalculation	NpuUtilization	
layer0.attn.res	355982	376924	20942	192	0	0	0	3170304	1585152	151384968006	75692484003	227077452010	0	0.000000	
layer0.ffn.rn	376924	379869	2945	960	0	0	0	1593408	1585152	541055348047	538251952461	1079307300509	0	0.000000	
layer0.attn.proj	347151	355982	8831	6659	0	0	0	4400256	98560	498273808175	11160683954	509434492129	402653184	3.690644	
layer0.ffn.fc2	417203	449792	32589	22651	0	0	0	17599104	98560	540032035349	3024333364	543056368713	1610612736	4.339941	
layer0.ffn.res	449792	453721	3929	192	0	0	0	3170304	1585152	806898447442	403449223721	1210347671163	0	0.000000	
layer0.ffn.fc1	379869	416311	36442	26124	0	0	0	18387584	98560	504571209044	2704571648	507275780692	1610612736	3.762977	
layer0.ffn.swish	416311	417203	892	192	0	0	0	798720	798720	895426008968	895426008968	1790852017937	0	0.000000	
