OpName	StartCycle	EndCycle	TotalCycle	ComputeCycles	MemoryStalls	WeightLoadCycles	SystolicMemoryStalls	MemoryReads	MemoryWrites	ReadBandwidth	WriteBandwidth	TotalMemoryBandwidth	NumCalculation	NpuUtilization	
layer0.attn.QKVgen	176987	207310	30323	22282	0	0	0	14185088	98560	467799624047	3250338027	471049962074	1207959552	3.308859	
layer0.ffn.fc1	101255	136703	35448	26124	0	0	0	18387584	98560	518719927781	2780410742	521500338524	1610612736	3.762977	
layer0.ffn.swish	136703	137973	1270	192	0	0	0	798720	798720	628913385826	628913385826	1257826771653	0	0.000000	
layer0.ffn.res	170041	174726	4685	192	0	0	0	3170304	1585152	676692422625	338346211312	1015038633938	0	0.000000	
layer0.ffn.fc2	137973	170041	32068	22143	0	0	0	17599104	98560	548805787701	3073468878	551879256579	1610612736	4.439507	
layer0.attn.proj	71418	81497	10079	6405	0	0	0	4400256	98560	436576644508	9778747891	446355392400	402653184	3.837002	
layer0.ffn.rn	97566	101255	3689	960	0	0	0	1593408	1585152	431934941718	429696936839	861631878557	0	0.000000	
layer0.attn.rn	174726	176987	2261	960	0	0	0	1593408	1585152	704735957540	701084475895	1405820433436	0	0.000000	
layer0.attn.res	81497	97566	16069	192	0	0	0	3170304	1585152	197293173190	98646586595	295939759785	0	0.000000	
