OpName	StartCycle	EndCycle	TotalCycle	ComputeCycles	MemoryStalls	WeightLoadCycles	SystolicMemoryStalls	MemoryReads	MemoryWrites	ReadBandwidth	WriteBandwidth	TotalMemoryBandwidth	NumCalculation	NpuUtilization	
layer0.attn.res	461625	464951	3326	192	0	0	0	3170304	1585152	953188214070	476594107035	1429782321106	0	0.000000	
layer0.ffn.fc1	468724	504571	35847	27394	0	0	0	18387584	98560	512946243758	2749462995	515695706753	1610612736	3.588523	
layer0.ffn.rn	464951	468724	3773	960	0	0	0	1593408	1585152	422318579379	420130400212	842448979591	0	0.000000	
layer0.ffn.res	538134	542815	4681	192	0	0	0	3170304	1585152	677270668660	338635334330	1015906002990	0	0.000000	
layer0.ffn.swish	504571	505642	1071	192	0	0	0	798720	798720	745770308123	745770308123	1491540616246	0	0.000000	
layer0.ffn.fc2	505642	538134	32492	22143	0	0	0	17599104	98560	541644220115	3033362058	544677582174	1610612736	4.439507	
layer0.attn.proj	452452	461625	9173	5643	0	0	0	4400256	98560	479696500599	10744576474	490441077074	402653184	4.355130	
