OpName	StartCycle	EndCycle	TotalCycle	ComputeCycles	MemoryStalls	WeightLoadCycles	SystolicMemoryStalls	MemoryReads	MemoryWrites	ReadBandwidth	WriteBandwidth	TotalMemoryBandwidth	NumCalculation	NpuUtilization	
layer0.attn.res	347750	353268	5518	192	0	0	0	3170304	1585152	574538600942	287269300471	861807901413	0	0.000000	
layer0.ffn.rn	353268	369878	16610	960	0	0	0	1593408	1585152	95930644190	95433594220	191364238410	0	0.000000	
layer0.attn.proj	339024	347750	8726	6405	0	0	0	4400256	98560	504269539307	11294980517	515564519825	402653184	3.837002	
layer0.ffn.fc2	407519	439140	31621	22143	0	0	0	17599104	98560	556563802536	3116915973	559680718509	1610612736	4.439507	
layer0.ffn.res	439140	442586	3446	192	0	0	0	3170304	1585152	919995356935	459997678467	1379993035403	0	0.000000	
layer0.ffn.fc1	369878	406644	36766	27140	0	0	0	18387584	98560	500124680411	2680737638	502805418049	1610612736	3.622108	
layer0.ffn.swish	406644	407519	875	192	0	0	0	798720	798720	912822857142	912822857142	1825645714285	0	0.000000	
