OpName	StartCycle	EndCycle	TotalCycle	ComputeCycles	MemoryStalls	WeightLoadCycles	SystolicMemoryStalls	MemoryReads	MemoryWrites	ReadBandwidth	WriteBandwidth	TotalMemoryBandwidth	NumCalculation	NpuUtilization	
layer0.attn.QKVgen	36408	68198	31790	21266	0	0	0	14185088	98560	446212268008	3100346020	449312614029	1207959552	3.466943	
layer0.attn.rn	32388	36408	4020	960	0	0	0	1593408	1585152	396370149253	394316417910	790686567164	0	0.000000	
