OpName	StartCycle	EndCycle	TotalCycle	ComputeCycles	MemoryStalls	WeightLoadCycles	SystolicMemoryStalls	MemoryReads	MemoryWrites	ReadBandwidth	WriteBandwidth	TotalMemoryBandwidth	NumCalculation	NpuUtilization	
layer0.attn.QKVgen	179258	205195	25937	21631	0	0	0	14185088	98560	546905501792	3799976867	550705478659	1207959552	3.408442	
layer0.ffn.fc1	101674	138277	36603	26489	0	0	0	18387584	98560	502351829085	2692675463	505044504548	1610612736	3.711125	
layer0.ffn.swish	138277	139447	1170	192	0	0	0	798720	798720	682666666666	682666666666	1365333333333	0	0.000000	
layer0.ffn.res	171491	175513	4022	192	0	0	0	3170304	1585152	788240676280	394120338140	1182361014420	0	0.000000	
layer0.ffn.fc2	139447	171491	32044	23667	0	0	0	17599104	98560	549216826863	3075770815	552292597678	1610612736	4.153632	
layer0.attn.proj	71039	80916	9877	6659	0	0	0	4400256	98560	445505315379	9978738483	455484053862	402653184	3.690644	
layer0.ffn.rn	97186	101674	4488	960	0	0	0	1593408	1585152	355037433155	353197860962	708235294117	0	0.000000	
layer0.attn.rn	175513	179258	3745	960	0	0	0	1593408	1585152	425476101468	423271562082	848747663551	0	0.000000	
layer0.attn.res	80916	97186	16270	192	0	0	0	3170304	1585152	194855808236	97427904118	292283712354	0	0.000000	
