OpName	StartCycle	EndCycle	TotalCycle	ComputeCycles	MemoryStalls	WeightLoadCycles	SystolicMemoryStalls	MemoryReads	MemoryWrites	ReadBandwidth	WriteBandwidth	TotalMemoryBandwidth	NumCalculation	NpuUtilization	
layer0.attn.QKVgen	184355	214514	30159	21774	0	0	0	14185088	98560	470343446400	3268012865	473611459265	1207959552	3.386057	
layer0.ffn.fc1	106439	143498	37059	26267	0	0	0	18387584	98560	496170538870	2659542891	498830081761	1610612736	3.742491	
layer0.ffn.swish	143498	144591	1093	192	0	0	0	798720	798720	730759377859	730759377859	1461518755718	0	0.000000	
layer0.ffn.res	177676	182484	4808	192	0	0	0	3170304	1585152	659381031613	329690515806	989071547420	0	0.000000	
layer0.ffn.fc2	144591	177676	33085	23159	0	0	0	17599104	98560	531936043524	2978993501	534915037025	1610612736	4.244743	
layer0.attn.proj	77154	86052	8898	6659	0	0	0	4400256	98560	494521915037	11076646437	505598561474	402653184	3.690644	
layer0.ffn.rn	102496	106439	3943	960	0	0	0	1593408	1585152	404110575703	402016738523	806127314227	0	0.000000	
layer0.attn.rn	182484	184355	1871	960	0	0	0	1593408	1585152	851634420096	847221806520	1698856226616	0	0.000000	
layer0.attn.res	86052	102496	16444	192	0	0	0	3170304	1585152	192793967404	96396983702	289190951106	0	0.000000	
