OpName	StartCycle	EndCycle	TotalCycle	ComputeCycles	MemoryStalls	WeightLoadCycles	SystolicMemoryStalls	MemoryReads	MemoryWrites	ReadBandwidth	WriteBandwidth	TotalMemoryBandwidth	NumCalculation	NpuUtilization	
layer0.attn.res	213884	218211	4327	192	0	0	0	3170304	1585152	732679454587	366339727293	1099019181881	0	0.000000	
layer0.ffn.fc1	223405	265763	42358	26886	0	0	0	18387584	98560	434099438122	2326833183	436426271306	1610612736	3.656327	
layer0.ffn.res	296769	300786	4017	192	0	0	0	3170304	1585152	789221807318	394610903659	1183832710978	0	0.000000	
layer0.ffn.fc2	266873	296769	29896	22143	0	0	0	17599104	98560	588677548835	3296762108	591974310944	1610612736	4.439507	
layer0.ffn.swish	265763	266873	1110	192	0	0	0	798720	798720	719567567567	719567567567	1439135135135	0	0.000000	
layer0.attn.rn	300786	304099	3313	960	0	0	0	1593408	1585152	480956233021	478464231814	959420464835	0	0.000000	
layer0.attn.proj	205195	213884	8689	6405	0	0	0	4400256	98560	506416848889	11343077454	517759926343	402653184	3.837002	
layer0.ffn.rn	218211	223405	5194	960	0	0	0	1593408	1585152	306778590681	305189064304	611967654986	0	0.000000	
layer0.attn.QKVgen	304099	332447	28348	21631	0	0	0	14185088	98560	500391138704	3476788485	503867927190	1207959552	3.408442	
