OpName	StartCycle	EndCycle	TotalCycle	ComputeCycles	MemoryStalls	WeightLoadCycles	SystolicMemoryStalls	MemoryReads	MemoryWrites	ReadBandwidth	WriteBandwidth	TotalMemoryBandwidth	NumCalculation	NpuUtilization	
layer0.attn.res	223341	227864	4523	192	0	0	0	3170304	1585088	700929471589	350450585894	1051380057483	0	0.000000	
layer0.ffn.fc1	232452	275211	42759	25219	0	0	0	18387584	98560	430028391683	2305011810	432333403494	1610612736	3.898013	
layer0.ffn.res	307999	312600	4601	192	0	0	0	3170304	1585152	689046728971	344523364485	1033570093457	0	0.000000	
layer0.ffn.fc2	276336	307999	31663	21889	0	0	0	17599104	98560	555825537693	3112781479	558938319173	1610612736	4.491023	
layer0.ffn.swish	275211	276336	1125	192	0	0	0	798720	798720	709973333333	709973333333	1419946666666	0	0.000000	
layer0.attn.rn	312600	315344	2744	960	0	0	0	1593408	1585152	580688046647	577679300291	1158367346938	0	0.000000	
layer0.attn.proj	214514	223341	8827	6913	0	0	0	4400256	98560	498499603489	11165741475	509665344964	402653184	3.555041	
layer0.ffn.rn	227864	232452	4588	960	0	0	0	1593408	1585152	347299040976	345499564080	692798605056	0	0.000000	
layer0.attn.QKVgen	315344	344839	29495	20869	0	0	0	14185088	98560	480931954568	3341583319	484273537887	1207959552	3.532896	
