OpName	StartCycle	EndCycle	TotalCycle	ComputeCycles	MemoryStalls	WeightLoadCycles	SystolicMemoryStalls	MemoryReads	MemoryWrites	ReadBandwidth	WriteBandwidth	TotalMemoryBandwidth	NumCalculation	NpuUtilization	
layer0.attn.QKVgen	36648	68577	31929	22171	0	0	0	14185088	98560	444269723448	3086848946	447356572395	1207959552	3.325425	
layer0.attn.rn	32388	36648	4260	960	0	0	0	1593408	1585152	374039436619	372101408450	746140845070	0	0.000000	
