OpName	StartCycle	EndCycle	TotalCycle	ComputeCycles	MemoryStalls	WeightLoadCycles	SystolicMemoryStalls	MemoryReads	MemoryWrites	ReadBandwidth	WriteBandwidth	TotalMemoryBandwidth	NumCalculation	NpuUtilization	
layer0.attn.res	222652	227789	5137	192	0	0	0	3170304	1585152	617150866264	308575433132	925726299396	0	0.000000	
layer0.ffn.fc1	231384	275358	43974	26632	0	0	0	18387584	98560	418146723063	2241324418	420388047482	1610612736	3.691199	
layer0.ffn.res	309521	314530	5009	192	0	0	0	3170304	1585152	632921541225	316460770612	949382311838	0	0.000000	
layer0.ffn.fc2	276498	309521	33023	23159	0	0	0	17599104	98560	532934742452	2984586500	535919328952	1610612736	4.244743	
layer0.ffn.swish	275358	276498	1140	192	0	0	0	798720	798720	700631578947	700631578947	1401263157894	0	0.000000	
layer0.attn.rn	314530	316625	2095	960	0	0	0	1593408	1585152	760576610978	756635799522	1517212410501	0	0.000000	
layer0.attn.proj	213444	222652	9208	6913	0	0	0	4400256	98560	477873153779	10703735881	488576889661	402653184	3.555041	
layer0.ffn.rn	227789	231384	3595	960	0	0	0	1593408	1585152	443228929068	440932406119	884161335187	0	0.000000	
layer0.attn.QKVgen	316625	347151	30526	20869	0	0	0	14185088	98560	464688724366	3228723055	467917447421	1207959552	3.532896	
