Stage	total_cycles	pim_cycles	mem_bw_util	
A	17740	0	48.404383	
B	80695	58479	14.565494	
C	80633	38430	47.501256	
D	89424	61809	44.785307	
E	65948	38826	45.057849	
F	53555	0	52.833886	
