Stage	total_cycles	pim_cycles	mem_bw_util	
A	17740	0	48.404383	
B	85353	59438	13.799896	
C	83007	37131	45.994163	
D	93441	63541	42.886353	
E	63736	36234	46.428824	
F	52835	0	53.553871	
