Stage	total_cycles	pim_cycles	mem_bw_util	
A	17740	0	48.404383	
B	74467	55755	15.484460	
C	80298	37184	47.625564	
D	83918	58635	47.458903	
E	65913	37373	44.991599	
F	53155	0	53.231469	
