Stage	total_cycles	pim_cycles	mem_bw_util	
A	17740	0	48.404383	
B	96808	63133	12.446479	
C	82552	39648	46.422179	
D	99992	65425	40.347853	
E	69935	38932	42.518946	
F	52817	0	53.572122	
