OpName	StartCycle	EndCycle	TotalCycle	ComputeCycles	MemoryStalls	WeightLoadCycles	SystolicMemoryStalls	MemoryReads	MemoryWrites	ReadBandwidth	WriteBandwidth	TotalMemoryBandwidth	NumCalculation	NpuUtilization	
layer0.ffn.swish	206523	209546	3023	192	0	0	0	798720	798720	264214356599	264214356599	528428713198	0	0.000000	
layer0.attn.QKVgen	236625	256418	19793	10887	0	0	0	7092864	98560	358352144697	4979538220	363331682918	603979776	3.386057	
layer0.attn.res	177245	180096	2851	192	0	0	0	1597440	798720	560308663626	280154331813	840462995440	0	0.000000	
layer0.attn.proj	172501	177245	4744	4103	0	0	0	2299008	98560	484613827993	20775716694	505389544688	201326592	2.994882	
layer0.ffn.res	230463	234463	4000	192	0	0	0	1597440	798720	399360000000	199680000000	599040000000	0	0.000000	
layer0.ffn.fc1	187103	206523	19420	14602	0	0	0	9194112	98560	473435221421	5075180226	478510401647	805306368	3.366114	
layer0.ffn.fc2	209546	230463	20917	13189	0	0	0	9194112	98560	439552134627	4711956781	444264091408	805306368	3.726742	
layer0.attn.rn	234463	236625	2162	960	0	0	0	802880	798720	371359851988	369435707678	740795559666	0	0.000000	
layer0.ffn.rn	180096	187103	7007	960	0	0	0	802880	798720	114582560296	113988868274	228571428571	0	0.000000	
