OpName	StartCycle	EndCycle	TotalCycle	ComputeCycles	MemoryStalls	WeightLoadCycles	SystolicMemoryStalls	MemoryReads	MemoryWrites	ReadBandwidth	WriteBandwidth	TotalMemoryBandwidth	NumCalculation	NpuUtilization	
layer0.ffn.rn	287339	289403	2064	960	0	0	0	802880	798720	388992248062	386976744186	775968992248	0	0.000000	
layer0.ffn.swish	311449	313029	1580	192	0	0	0	798720	798720	505518987341	505518987341	1011037974683	0	0.000000	
layer0.ffn.res	341283	343271	1988	192	0	0	0	1597440	798720	803541247484	401770623742	1205311871227	0	0.000000	
layer0.ffn.fc2	313029	341283	28254	13586	0	0	0	9194112	98560	325409216394	3488355631	328897572025	805306368	3.617842	
layer0.ffn.fc1	289403	311449	22046	14348	0	0	0	9194112	98560	417042184523	4470652272	421512836795	805306368	3.425704	
layer0.attn.proj	279536	284634	5098	4103	0	0	0	2299008	98560	450962730482	19333071792	470295802275	201326592	2.994882	
layer0.attn.res	284634	287339	2705	192	0	0	0	1597440	798720	590550831792	295275415896	885826247689	0	0.000000	
