OpName	StartCycle	EndCycle	TotalCycle	ComputeCycles	MemoryStalls	WeightLoadCycles	SystolicMemoryStalls	MemoryReads	MemoryWrites	ReadBandwidth	WriteBandwidth	TotalMemoryBandwidth	NumCalculation	NpuUtilization	
layer0.ffn.rn	264782	266609	1827	960	0	0	0	802880	798720	439452654625	437175697865	876628352490	0	0.000000	
layer0.ffn.swish	289689	292752	3063	192	0	0	0	798720	798720	260763956904	260763956904	521527913809	0	0.000000	
layer0.ffn.res	320240	322330	2090	192	0	0	0	1597440	798720	764325358851	382162679425	1146488038277	0	0.000000	
layer0.ffn.fc2	292752	320240	27488	13586	0	0	0	9194112	98560	334477299185	3585564610	338062863795	805306368	3.617842	
layer0.ffn.fc1	266609	289689	23080	12824	0	0	0	9194112	98560	398358405545	4270363951	402628769497	805306368	3.832813	
layer0.attn.proj	256418	261922	5504	4246	0	0	0	2299008	98560	417697674418	17906976744	435604651162	201326592	2.894018	
layer0.attn.res	261922	264782	2860	192	0	0	0	1597440	798720	558545454545	279272727272	837818181818	0	0.000000	
