OpName	StartCycle	EndCycle	TotalCycle	ComputeCycles	MemoryStalls	WeightLoadCycles	SystolicMemoryStalls	MemoryReads	MemoryWrites	ReadBandwidth	WriteBandwidth	TotalMemoryBandwidth	NumCalculation	NpuUtilization	
layer0.ffn.swish	233196	237891	4695	192	0	0	0	798720	798720	170121405750	170121405750	340242811501	0	0.000000	
layer0.attn.QKVgen	265785	288349	22564	11284	0	0	0	7092864	98560	314344265201	4368019854	318712285055	603979776	3.266927	
layer0.attn.res	202351	204644	2293	192	0	0	0	1597440	798720	696659398168	348329699084	1044989097252	0	0.000000	
layer0.attn.proj	197096	202351	5255	4500	0	0	0	2299008	98560	437489628924	18755470980	456245099904	201326592	2.730667	
layer0.ffn.res	260748	263546	2798	192	0	0	0	1597440	798720	570922087205	285461043602	856383130807	0	0.000000	
layer0.ffn.fc1	211863	233196	21333	13586	0	0	0	9194112	98560	430980734073	4620072188	435600806262	805306368	3.617842	
layer0.ffn.fc2	237891	260748	22857	13443	0	0	0	9194112	98560	402244914030	4312026950	406556940980	805306368	3.656327	
layer0.attn.rn	263546	265785	2239	960	0	0	0	802880	798720	358588655649	356730683340	715319338990	0	0.000000	
layer0.ffn.rn	204644	211863	7219	960	0	0	0	802880	798720	111217620168	110641363069	221858983238	0	0.000000	
