OpName	StartCycle	EndCycle	TotalCycle	ComputeCycles	MemoryStalls	WeightLoadCycles	SystolicMemoryStalls	MemoryReads	MemoryWrites	ReadBandwidth	WriteBandwidth	TotalMemoryBandwidth	NumCalculation	NpuUtilization	
layer0.ffn.fc1	124961	147825	22864	13840	0	0	0	9194112	98560	402121763470	4310706787	406432470258	805306368	3.551445	
layer0.ffn.res	175188	178086	2898	192	0	0	0	1597440	798720	551221532091	275610766045	826832298136	0	0.000000	
layer0.attn.proj	114545	119988	5443	3849	0	0	0	2299008	98560	422378835201	18107661216	440486496417	201326592	3.192518	
layer0.ffn.swish	147825	149254	1429	192	0	0	0	798720	798720	558936319104	558936319104	1117872638208	0	0.000000	
layer0.attn.res	119988	122230	2242	192	0	0	0	1597440	798720	712506690454	356253345227	1068760035682	0	0.000000	
layer0.attn.rn	178086	179498	1412	960	0	0	0	802880	798720	568611898016	565665722379	1134277620396	0	0.000000	
layer0.ffn.rn	122230	124961	2731	960	0	0	0	802880	798720	293987550347	292464298791	586451849139	0	0.000000	
layer0.attn.QKVgen	179498	197096	17598	11427	0	0	0	7092864	98560	403049437436	5600636435	408650073872	603979776	3.226044	
layer0.ffn.fc2	149254	175188	25934	13697	0	0	0	9194112	98560	354519626744	3800416441	358320043186	805306368	3.588523	
