OpName	StartCycle	EndCycle	TotalCycle	ComputeCycles	MemoryStalls	WeightLoadCycles	SystolicMemoryStalls	MemoryReads	MemoryWrites	ReadBandwidth	WriteBandwidth	TotalMemoryBandwidth	NumCalculation	NpuUtilization	
layer0.attn.rn	17738	19157	1419	960	0	0	0	802880	798720	565806906272	562875264270	1128682170542	0	0.000000	
layer0.attn.QKVgen	19157	35561	16404	10633	0	0	0	7092864	98560	432386247256	6008290660	438394537917	603979776	3.466943	
