OpName	StartCycle	EndCycle	TotalCycle	ComputeCycles	MemoryStalls	WeightLoadCycles	SystolicMemoryStalls	MemoryReads	MemoryWrites	ReadBandwidth	WriteBandwidth	TotalMemoryBandwidth	NumCalculation	NpuUtilization	
layer0.ffn.fc1	102343	125861	23518	14348	0	0	0	9194112	98560	390939365592	4190832553	395130198146	805306368	3.425704	
layer0.ffn.res	152591	154377	1786	192	0	0	0	1597440	798720	894423292273	447211646136	1341634938409	0	0.000000	
layer0.attn.proj	92204	97481	5277	3992	0	0	0	2299008	98560	435665719158	18677278756	454342997915	201326592	3.078156	
layer0.ffn.swish	125861	128184	2323	192	0	0	0	798720	798720	343831252690	343831252690	687662505380	0	0.000000	
layer0.attn.res	97481	100466	2985	192	0	0	0	1597440	798720	535155778894	267577889447	802733668341	0	0.000000	
layer0.attn.rn	154377	156078	1701	960	0	0	0	802880	798720	472004703115	469559082892	941563786008	0	0.000000	
layer0.ffn.rn	100466	102343	1877	960	0	0	0	802880	798720	427746403835	425530101225	853276505061	0	0.000000	
layer0.attn.QKVgen	156078	172501	16423	11284	0	0	0	7092864	98560	431886013517	6001339584	437887353102	603979776	3.266927	
layer0.ffn.fc2	128184	152591	24407	13840	0	0	0	9194112	98560	376699799237	4038185766	380737985004	805306368	3.551445	
