OpName	StartCycle	EndCycle	TotalCycle	ComputeCycles	MemoryStalls	WeightLoadCycles	SystolicMemoryStalls	MemoryReads	MemoryWrites	ReadBandwidth	WriteBandwidth	TotalMemoryBandwidth	NumCalculation	NpuUtilization	
layer0.attn.rn	17738	19157	1419	960	0	0	0	802880	798720	565806906272	562875264270	1128682170542	0	0.000000	
layer0.attn.QKVgen	19157	35544	16387	11030	0	0	0	7092864	98560	432834808079	6014523707	438849331787	603979776	3.342158	
