OpName	StartCycle	EndCycle	TotalCycle	ComputeCycles	MemoryStalls	WeightLoadCycles	SystolicMemoryStalls	MemoryReads	MemoryWrites	ReadBandwidth	WriteBandwidth	TotalMemoryBandwidth	NumCalculation	NpuUtilization	
layer0.attn.res	348650	350595	1945	192	0	0	0	1597440	798720	821305912596	410652956298	1231958868894	0	0.000000	
layer0.attn.proj	343271	348650	5379	3595	0	0	0	2299008	98560	427404350250	18323108384	445727458635	201326592	3.418081	
layer0.ffn.rn	350595	352523	1928	960	0	0	0	802880	798720	416431535269	414273858921	830705394190	0	0.000000	
layer0.ffn.res	394342	396105	1763	192	0	0	0	1597440	798720	906091888825	453045944412	1359137833238	0	0.000000	
layer0.ffn.fc2	373874	394342	20468	12681	0	0	0	9194112	98560	449194449872	4815321477	454009771350	805306368	3.876035	
layer0.ffn.fc1	352523	372652	20129	13189	0	0	0	9194112	98560	456759501217	4896418103	461655919320	805306368	3.726742	
layer0.ffn.swish	372652	373874	1222	192	0	0	0	798720	798720	653617021276	653617021276	1307234042553	0	0.000000	
