OpName	StartCycle	EndCycle	TotalCycle	ComputeCycles	MemoryStalls	WeightLoadCycles	SystolicMemoryStalls	MemoryReads	MemoryWrites	ReadBandwidth	WriteBandwidth	TotalMemoryBandwidth	NumCalculation	NpuUtilization	
layer0.attn.res	327302	328942	1640	192	0	0	0	1597440	798720	974048780487	487024390243	1461073170731	0	0.000000	
layer0.attn.proj	322330	327302	4972	3341	0	0	0	2299008	98560	462390989541	19823008849	482213998390	201326592	3.677941	
layer0.ffn.rn	328942	330838	1896	960	0	0	0	802880	798720	423459915611	421265822784	844725738396	0	0.000000	
layer0.ffn.res	373808	375484	1676	192	0	0	0	1597440	798720	953126491646	476563245823	1429689737470	0	0.000000	
layer0.ffn.fc2	353174	373808	20634	12935	0	0	0	9194112	98560	445580692061	4776582339	450357274401	805306368	3.799923	
layer0.ffn.fc1	330838	352053	21215	12570	0	0	0	9194112	98560	433377893000	4645769502	438023662502	805306368	3.910263	
layer0.ffn.swish	352053	353174	1121	192	0	0	0	798720	798720	712506690454	712506690454	1425013380909	0	0.000000	
