OpName	StartCycle	EndCycle	TotalCycle	ComputeCycles	MemoryStalls	WeightLoadCycles	SystolicMemoryStalls	MemoryReads	MemoryWrites	ReadBandwidth	WriteBandwidth	TotalMemoryBandwidth	NumCalculation	NpuUtilization	
layer0.ffn.rn	276276	278683	2407	960	0	0	0	802880	798720	333560448691	331832156211	665392604902	0	0.000000	
layer0.ffn.swish	302202	303757	1555	192	0	0	0	798720	798720	513646302250	513646302250	1027292604501	0	0.000000	
layer0.ffn.res	331802	334434	2632	192	0	0	0	1597440	798720	606930091185	303465045592	910395136778	0	0.000000	
layer0.ffn.fc2	303757	331802	28045	13443	0	0	0	9194112	98560	327834266357	3514351934	331348618292	805306368	3.656327	
layer0.ffn.fc1	278683	302202	23519	13443	0	0	0	9194112	98560	390922743313	4190654364	395113397678	805306368	3.656327	
layer0.attn.proj	268487	273796	5309	4357	0	0	0	2299008	98560	433039743831	18564701450	451604445281	201326592	2.820289	
layer0.attn.res	273796	276276	2480	192	0	0	0	1597440	798720	644129032258	322064516129	966193548387	0	0.000000	
