OpName	StartCycle	EndCycle	TotalCycle	ComputeCycles	MemoryStalls	WeightLoadCycles	SystolicMemoryStalls	MemoryReads	MemoryWrites	ReadBandwidth	WriteBandwidth	TotalMemoryBandwidth	NumCalculation	NpuUtilization	
layer0.ffn.fc1	113529	136954	23425	14094	0	0	0	9194112	98560	392491440768	4207470651	396698911419	805306368	3.487441	
layer0.ffn.res	165478	167473	1995	192	0	0	0	1597440	798720	800721804511	400360902255	1201082706766	0	0.000000	
layer0.attn.proj	103090	108374	5284	4357	0	0	0	2299008	98560	435088569265	18652535957	453741105223	201326592	2.820289	
layer0.ffn.swish	136954	140223	3269	192	0	0	0	798720	798720	244331599877	244331599877	488663199755	0	0.000000	
layer0.attn.res	108374	110823	2449	192	0	0	0	1597440	798720	652282564311	326141282155	978423846467	0	0.000000	
layer0.attn.rn	167473	169140	1667	960	0	0	0	802880	798720	481631673665	479136172765	960767846430	0	0.000000	
layer0.ffn.rn	110823	113529	2706	960	0	0	0	802880	798720	296703621581	295166297117	591869918699	0	0.000000	
layer0.attn.QKVgen	169140	186096	16956	11173	0	0	0	7092864	98560	418309978768	5812691672	424122670441	603979776	3.299382	
layer0.ffn.fc2	140223	165478	25255	13443	0	0	0	9194112	98560	364051158186	3902593545	367953751732	805306368	3.656327	
