OpName	StartCycle	EndCycle	TotalCycle	ComputeCycles	MemoryStalls	WeightLoadCycles	SystolicMemoryStalls	MemoryReads	MemoryWrites	ReadBandwidth	WriteBandwidth	TotalMemoryBandwidth	NumCalculation	NpuUtilization	
layer0.ffn.rn	305313	307830	2517	960	0	0	0	802880	798720	318982916170	317330154946	636313071116	0	0.000000	
layer0.ffn.swish	330265	331729	1464	192	0	0	0	798720	798720	545573770491	545573770491	1091147540983	0	0.000000	
layer0.ffn.res	359629	362887	3258	192	0	0	0	1597440	798720	490313075506	245156537753	735469613259	0	0.000000	
layer0.ffn.fc2	331729	359629	27900	13189	0	0	0	9194112	98560	329538064516	3532616487	333070681003	805306368	3.726742	
layer0.ffn.fc1	307830	330265	22435	13189	0	0	0	9194112	98560	409811098729	4393135725	414204234455	805306368	3.726742	
layer0.attn.proj	297087	302441	5354	3992	0	0	0	2299008	98560	429400074710	18408666417	447808741128	201326592	3.078156	
layer0.attn.res	302441	305313	2872	192	0	0	0	1597440	798720	556211699164	278105849582	834317548746	0	0.000000	
