OpName	StartCycle	EndCycle	TotalCycle	ComputeCycles	MemoryStalls	WeightLoadCycles	SystolicMemoryStalls	MemoryReads	MemoryWrites	ReadBandwidth	WriteBandwidth	TotalMemoryBandwidth	NumCalculation	NpuUtilization	
layer0.ffn.swish	214207	217515	3308	192	0	0	0	798720	798720	241451027811	241451027811	482902055622	0	0.000000	
layer0.attn.QKVgen	245231	268487	23256	11030	0	0	0	7092864	98560	304990712074	4238046095	309228758169	603979776	3.342158	
layer0.attn.res	184333	186933	2600	192	0	0	0	1597440	798720	614400000000	307200000000	921600000000	0	0.000000	
layer0.attn.proj	179064	184333	5269	4357	0	0	0	2299008	98560	436327196811	18705636743	455032833554	201326592	2.820289	
layer0.ffn.res	240045	243019	2974	192	0	0	0	1597440	798720	537135171486	268567585743	805702757229	0	0.000000	
layer0.ffn.fc1	194725	214207	19482	14459	0	0	0	9194112	98560	471928549430	5059028847	476987578277	805306368	3.399405	
layer0.ffn.fc2	217515	240045	22530	14348	0	0	0	9194112	98560	408083089214	4374611628	412457700843	805306368	3.425704	
layer0.attn.rn	243019	245231	2212	960	0	0	0	802880	798720	362965641952	361084990958	724050632911	0	0.000000	
layer0.ffn.rn	186933	194725	7792	960	0	0	0	802880	798720	103039014373	102505133470	205544147843	0	0.000000	
