OpName	StartCycle	EndCycle	TotalCycle	ComputeCycles	MemoryStalls	WeightLoadCycles	SystolicMemoryStalls	MemoryReads	MemoryWrites	ReadBandwidth	WriteBandwidth	TotalMemoryBandwidth	NumCalculation	NpuUtilization	
layer0.attn.res	371488	373375	1887	192	0	0	0	1597440	798720	846550079491	423275039745	1269825119236	0	0.000000	
layer0.attn.proj	367021	371488	4467	3738	0	0	0	2299008	98560	514664875755	22064025072	536728900828	201326592	3.287319	
layer0.ffn.rn	373375	375062	1687	960	0	0	0	802880	798720	475921754593	473455838767	949377593360	0	0.000000	
layer0.ffn.res	417740	419837	2097	192	0	0	0	1597440	798720	761773962804	380886981402	1142660944206	0	0.000000	
layer0.ffn.fc2	397285	417740	20455	13189	0	0	0	9194112	98560	449479931557	4818381813	454298313370	805306368	3.726742	
layer0.ffn.fc1	375062	396106	21044	12935	0	0	0	9194112	98560	436899448773	4683520243	441582969017	805306368	3.799923	
layer0.ffn.swish	396106	397285	1179	192	0	0	0	798720	798720	677455470737	677455470737	1354910941475	0	0.000000	
