OpName	StartCycle	EndCycle	TotalCycle	ComputeCycles	MemoryStalls	WeightLoadCycles	SystolicMemoryStalls	MemoryReads	MemoryWrites	ReadBandwidth	WriteBandwidth	TotalMemoryBandwidth	NumCalculation	NpuUtilization	
layer0.ffn.swish	224496	227794	3298	192	0	0	0	798720	798720	242183141297	242183141297	484366282595	0	0.000000	
layer0.attn.QKVgen	256671	279536	22865	11649	0	0	0	7092864	98560	310206166630	4310518259	314516684889	603979776	3.164563	
layer0.attn.res	190981	193855	2874	192	0	0	0	1597440	798720	555824634655	277912317327	833736951983	0	0.000000	
layer0.attn.proj	186096	190981	4885	3992	0	0	0	2299008	98560	470625997952	20176049129	490802047082	201326592	3.078156	
layer0.ffn.res	252134	254771	2637	192	0	0	0	1597440	798720	605779294653	302889647326	908668941979	0	0.000000	
layer0.ffn.fc1	201541	224496	22955	13586	0	0	0	9194112	98560	400527641036	4293617948	404821258984	805306368	3.617842	
layer0.ffn.fc2	227794	252134	24340	13729	0	0	0	9194112	98560	377736729663	4049301561	381786031224	805306368	3.580159	
layer0.attn.rn	254771	256671	1900	960	0	0	0	802880	798720	422568421052	420378947368	842947368421	0	0.000000	
layer0.ffn.rn	193855	201541	7686	960	0	0	0	802880	798720	104460057246	103918813427	208378870673	0	0.000000	
