OpName	StartCycle	EndCycle	TotalCycle	ComputeCycles	MemoryStalls	WeightLoadCycles	SystolicMemoryStalls	MemoryReads	MemoryWrites	ReadBandwidth	WriteBandwidth	TotalMemoryBandwidth	NumCalculation	NpuUtilization	
layer0.ffn.fc1	108687	131652	22965	13951	0	0	0	9194112	98560	400353233180	4291748312	404644981493	805306368	3.523188	
layer0.ffn.res	158474	161049	2575	192	0	0	0	1597440	798720	620365048543	310182524271	930547572815	0	0.000000	
layer0.attn.proj	98432	103635	5203	3849	0	0	0	2299008	98560	441862002690	18942917547	460804920238	201326592	3.192518	
layer0.ffn.swish	131652	133589	1937	192	0	0	0	798720	798720	412348993288	412348993288	824697986577	0	0.000000	
layer0.attn.res	103635	106274	2639	192	0	0	0	1597440	798720	605320197044	302660098522	907980295566	0	0.000000	
layer0.attn.rn	161049	162970	1921	960	0	0	0	802880	798720	417948984903	415783446121	833732431025	0	0.000000	
layer0.ffn.rn	106274	108687	2413	960	0	0	0	802880	798720	332731040198	331007045171	663738085370	0	0.000000	
layer0.attn.QKVgen	162970	179064	16094	11030	0	0	0	7092864	98560	440714800546	6124021374	446838821921	603979776	3.342158	
layer0.ffn.fc2	133589	158474	24885	14205	0	0	0	9194112	98560	369464014466	3960618846	373424633313	805306368	3.460190	
