OpName	StartCycle	EndCycle	TotalCycle	ComputeCycles	MemoryStalls	WeightLoadCycles	SystolicMemoryStalls	MemoryReads	MemoryWrites	ReadBandwidth	WriteBandwidth	TotalMemoryBandwidth	NumCalculation	NpuUtilization	
layer0.attn.res	339681	341470	1789	192	0	0	0	1597440	798720	892923420905	446461710452	1339385131358	0	0.000000	
layer0.attn.proj	334434	339681	5247	4246	0	0	0	2299008	98560	438156660949	18784067085	456940728035	201326592	2.894018	
layer0.ffn.rn	341470	343413	1943	960	0	0	0	802880	798720	413216675244	411075656201	824292331446	0	0.000000	
layer0.ffn.res	386244	387988	1744	192	0	0	0	1597440	798720	915963302752	457981651376	1373944954128	0	0.000000	
layer0.ffn.fc2	364731	386244	21513	13951	0	0	0	9194112	98560	427374703667	4581415888	431956119555	805306368	3.523188	
layer0.ffn.fc1	343413	363790	20377	13189	0	0	0	9194112	98560	451200471119	4836825833	456037296952	805306368	3.726742	
layer0.ffn.swish	363790	364731	941	192	0	0	0	798720	798720	848799149840	848799149840	1697598299681	0	0.000000	
