Stage	total_cycles	pim_cycles	mem_bw_util	
A	59268	0	57.341124	
B	67400	44535	52.536350	
C	229039	24347	60.660057	
D	234395	44388	59.669628	
E	169547	24512	61.900609	
F	166596	0	62.698497	
