Stage	total_cycles	pim_cycles	mem_bw_util	
A	59268	0	57.341124	
B	65510	42160	53.904080	
C	227316	23141	61.120148	
D	231684	42108	60.325864	
E	171895	24047	61.055041	
F	166510	0	62.730880	
