Stage	total_cycles	pim_cycles	mem_bw_util	
A	59268	0	57.341124	
B	66034	40275	53.320259	
C	224224	18431	61.935163	
D	229502	38547	60.854671	
E	164397	18936	63.801993	
F	165728	0	63.026880	
