Stage	total_cycles	pim_cycles	mem_bw_util	
A	59268	0	57.341124	
B	66075	40900	53.366818	
C	231103	24364	60.141582	
D	231203	40323	60.429741	
E	177942	24305	59.010239	
F	162102	0	64.436705	
