OpName	StartCycle	EndCycle	TotalCycle	ComputeCycles	MemoryStalls	WeightLoadCycles	SystolicMemoryStalls	MemoryReads	MemoryWrites	ReadBandwidth	WriteBandwidth	TotalMemoryBandwidth	NumCalculation	NpuUtilization	
layer0.attn.rn	59266	65988	6722	960	0	0	0	3174464	3158016	472249925617	469803034811	942052960428	0	0.000000	
layer0.attn.QKVgen	65988	125299	59311	42246	0	0	0	28369536	98560	478318288344	1661749085	479980037429	2415919104	3.490413	
