OpName	StartCycle	EndCycle	TotalCycle	ComputeCycles	MemoryStalls	WeightLoadCycles	SystolicMemoryStalls	MemoryReads	MemoryWrites	ReadBandwidth	WriteBandwidth	TotalMemoryBandwidth	NumCalculation	NpuUtilization	
layer0.ffn.fc2	857234	913915	56681	41321	0	0	0	34409088	98560	607065648100	1738854289	608804502390	3221225472	4.758065	
layer0.ffn.swish	856348	857234	886	192	0	0	0	798720	798720	901489841986	901489841986	1802979683972	0	0.000000	
layer0.attn.res	775664	782667	7003	192	0	0	0	6316032	3158016	901903755533	450951877766	1352855633300	0	0.000000	
layer0.attn.proj	755667	775664	19997	9993	0	0	0	8602752	98560	430202130319	4928739310	435130869630	805306368	4.918643	
layer0.ffn.res	913915	922176	8261	192	0	0	0	6316032	3158016	764560222733	382280111366	1146840334099	0	0.000000	
layer0.ffn.fc1	789960	856348	66388	52613	0	0	0	36774528	98560	553933361450	1484605651	555417967102	3221225472	3.736871	
layer0.ffn.rn	782667	789960	7293	960	0	0	0	3174464	3158016	435275469628	433020156314	868295625942	0	0.000000	
