OpName	StartCycle	EndCycle	TotalCycle	ComputeCycles	MemoryStalls	WeightLoadCycles	SystolicMemoryStalls	MemoryReads	MemoryWrites	ReadBandwidth	WriteBandwidth	TotalMemoryBandwidth	NumCalculation	NpuUtilization	
layer0.attn.rn	523924	529104	5180	960	0	0	0	3174464	3158016	612830888030	609655598455	1222486486486	0	0.000000	
layer0.attn.res	368702	377892	9190	192	0	0	0	6316032	3158016	687272252448	343636126224	1030908378672	0	0.000000	
layer0.attn.QKVgen	529104	583773	54669	43040	0	0	0	28369536	98560	518932777259	1802849878	520735627137	2415919104	3.426022	
layer0.attn.proj	352090	368702	16612	12279	0	0	0	8602752	98560	517863712978	5933060438	523796773416	805306368	4.002932	
layer0.ffn.swish	457242	458582	1340	192	0	0	0	798720	798720	596059701492	596059701492	1192119402985	0	0.000000	
layer0.ffn.rn	377892	385713	7821	960	0	0	0	3174464	3158016	405889783915	403786728039	809676511954	0	0.000000	
layer0.ffn.fc1	385713	457242	71529	50581	0	0	0	36774528	98560	514120538522	1377902668	515498441191	3221225472	3.886993	
layer0.ffn.res	515108	523924	8816	192	0	0	0	6316032	3158016	716428312159	358214156079	1074642468239	0	0.000000	
layer0.ffn.fc2	458582	515108	56526	41829	0	0	0	34409088	98560	608730283409	1743622403	610473905813	3221225472	4.700280	
