OpName	StartCycle	EndCycle	TotalCycle	ComputeCycles	MemoryStalls	WeightLoadCycles	SystolicMemoryStalls	MemoryReads	MemoryWrites	ReadBandwidth	WriteBandwidth	TotalMemoryBandwidth	NumCalculation	NpuUtilization	
layer0.attn.rn	59266	66617	7351	960	0	0	0	3174464	3158016	431841110053	429603591348	861444701401	0	0.000000	
layer0.attn.QKVgen	66617	126665	60048	43294	0	0	0	28369536	98560	472447641886	1641353583	474088995470	2415919104	3.405922	
