OpName	StartCycle	EndCycle	TotalCycle	ComputeCycles	MemoryStalls	WeightLoadCycles	SystolicMemoryStalls	MemoryReads	MemoryWrites	ReadBandwidth	WriteBandwidth	TotalMemoryBandwidth	NumCalculation	NpuUtilization	
layer0.attn.rn	297338	302673	5335	960	0	0	0	3174464	3158016	595026054358	591943017806	1186969072164	0	0.000000	
layer0.ffn.swish	229430	230569	1139	192	0	0	0	798720	798720	701246707638	701246707638	1402493415276	0	0.000000	
layer0.ffn.fc1	159422	229430	70008	52867	0	0	0	36774528	98560	525290366815	1407839104	526698205919	3221225472	3.718917	
layer0.attn.res	141752	151066	9314	192	0	0	0	6316032	3158016	678122396392	339061198196	1017183594588	0	0.000000	
layer0.ffn.res	288327	297338	9011	192	0	0	0	6316032	3158016	700924647652	350462323826	1051386971479	0	0.000000	
layer0.attn.QKVgen	302673	356442	53769	43802	0	0	0	28369536	98560	527618813814	1833026465	529451840279	2415919104	3.366422	
layer0.attn.proj	125340	141752	16412	12025	0	0	0	8602752	98560	524174506458	6005361930	530179868388	805306368	4.087484	
layer0.ffn.fc2	230569	288327	57758	41829	0	0	0	34409088	98560	595745836074	1706430278	597452266352	3221225472	4.700280	
layer0.ffn.rn	151066	159422	8356	960	0	0	0	3174464	3158016	379902345619	377933939684	757836285303	0	0.000000	
