OpName	StartCycle	EndCycle	TotalCycle	ComputeCycles	MemoryStalls	WeightLoadCycles	SystolicMemoryStalls	MemoryReads	MemoryWrites	ReadBandwidth	WriteBandwidth	TotalMemoryBandwidth	NumCalculation	NpuUtilization	
layer0.ffn.fc2	842927	899792	56865	40559	0	0	0	34409088	98560	605101345291	1733227820	606834573111	3221225472	4.847457	
layer0.ffn.swish	841728	842927	1199	192	0	0	0	798720	798720	666155129274	666155129274	1332310258548	0	0.000000	
layer0.attn.res	761441	770666	9225	192	0	0	0	6316032	3158016	684664715447	342332357723	1026997073170	0	0.000000	
layer0.attn.proj	743419	761441	18022	9993	0	0	0	8602752	98560	477347242259	5468871379	482816113638	805306368	4.918643	
layer0.ffn.res	899792	909146	9354	192	0	0	0	6316032	3158016	675222578576	337611289288	1012833867864	0	0.000000	
layer0.ffn.fc1	775695	841728	66033	51232	0	0	0	36774528	98560	556911362500	1492587039	558403949540	3221225472	3.837601	
layer0.ffn.rn	770666	775695	5029	960	0	0	0	3174464	3158016	631231656392	627961026048	1259192682441	0	0.000000	
