OpName	StartCycle	EndCycle	TotalCycle	ComputeCycles	MemoryStalls	WeightLoadCycles	SystolicMemoryStalls	MemoryReads	MemoryWrites	ReadBandwidth	WriteBandwidth	TotalMemoryBandwidth	NumCalculation	NpuUtilization	
layer0.attn.rn	289194	295719	6525	960	0	0	0	3174464	3158016	486507892720	483987126436	970495019157	0	0.000000	
layer0.ffn.swish	224145	225341	1196	192	0	0	0	798720	798720	667826086956	667826086956	1335652173913	0	0.000000	
layer0.ffn.fc1	158038	224145	66107	51454	0	0	0	36774528	98560	556287957402	1490916241	557778873644	3221225472	3.821044	
layer0.attn.res	142031	151023	8992	192	0	0	0	6316032	3158016	702405693950	351202846975	1053608540925	0	0.000000	
layer0.ffn.res	281309	289194	7885	192	0	0	0	6316032	3158016	801018642993	400509321496	1201527964489	0	0.000000	
layer0.attn.QKVgen	295719	349522	53803	41992	0	0	0	28369536	98560	527285393007	1831868111	529117261119	2415919104	3.511526	
layer0.attn.proj	125299	142031	16732	12533	0	0	0	8602752	98560	514149653358	5890509203	520040162562	805306368	3.921806	
layer0.ffn.fc2	225341	281309	55968	40305	0	0	0	34409088	98560	614799313893	1761006289	616560320182	3221225472	4.878005	
layer0.ffn.rn	151023	158038	7015	960	0	0	0	3174464	3158016	452525160370	450180470420	902705630791	0	0.000000	
