OpName	StartCycle	EndCycle	TotalCycle	ComputeCycles	MemoryStalls	WeightLoadCycles	SystolicMemoryStalls	MemoryReads	MemoryWrites	ReadBandwidth	WriteBandwidth	TotalMemoryBandwidth	NumCalculation	NpuUtilization	
layer0.attn.rn	59266	66284	7018	960	0	0	0	3174464	3158016	452331718438	449988030777	902319749216	0	0.000000	
layer0.attn.QKVgen	66284	125340	59056	41595	0	0	0	28369536	98560	480383635871	1668924410	482052560281	2415919104	3.545041	
