OpName	StartCycle	EndCycle	TotalCycle	ComputeCycles	MemoryStalls	WeightLoadCycles	SystolicMemoryStalls	MemoryReads	MemoryWrites	ReadBandwidth	WriteBandwidth	TotalMemoryBandwidth	NumCalculation	NpuUtilization	
layer0.ffn.fc2	860141	917015	56874	41321	0	0	0	34409088	98560	605005591307	1732953546	606738544853	3221225472	4.758065	
layer0.ffn.swish	859214	860141	927	192	0	0	0	798720	798720	861618122977	861618122977	1723236245954	0	0.000000	
layer0.attn.res	778181	787472	9291	192	0	0	0	6316032	3158016	679801097836	339900548918	1019701646754	0	0.000000	
layer0.attn.proj	759643	778181	18538	9993	0	0	0	8602752	98560	464060416441	5316646887	469377063329	805306368	4.918643	
layer0.ffn.res	917015	926238	9223	192	0	0	0	6316032	3158016	684813184430	342406592215	1027219776645	0	0.000000	
layer0.ffn.fc1	792140	859214	67074	52216	0	0	0	36774528	98560	548268002504	1469421832	549737424337	3221225472	3.765283	
layer0.ffn.rn	787472	792140	4668	960	0	0	0	3174464	3158016	680047986289	676524421593	1356572407883	0	0.000000	
