OpName	StartCycle	EndCycle	TotalCycle	ComputeCycles	MemoryStalls	WeightLoadCycles	SystolicMemoryStalls	MemoryReads	MemoryWrites	ReadBandwidth	WriteBandwidth	TotalMemoryBandwidth	NumCalculation	NpuUtilization	
layer0.attn.proj	583773	600064	16291	12025	0	0	0	8602752	98560	528067767478	6049966239	534117733718	805306368	4.087484	
layer0.ffn.fc2	692259	748834	56575	39797	0	0	0	34409088	98560	608203057887	1742112240	609945170128	3221225472	4.940272	
layer0.ffn.swish	691141	692259	1118	192	0	0	0	798720	798720	714418604651	714418604651	1428837209302	0	0.000000	
layer0.ffn.fc1	628557	691141	62584	51343	0	0	0	36774528	98560	587602709957	1574843410	589177553368	3221225472	3.829305	
layer0.ffn.res	748834	755667	6833	192	0	0	0	6316032	3158016	924342455729	462171227864	1386513683594	0	0.000000	
layer0.ffn.rn	608990	628557	19567	960	0	0	0	3174464	3158016	162235600756	161395001788	323630602545	0	0.000000	
layer0.attn.res	600064	608990	8926	192	0	0	0	6316032	3157952	707599372619	353792516244	1061391888863	0	0.000000	
