OpName	StartCycle	EndCycle	TotalCycle	ComputeCycles	MemoryStalls	WeightLoadCycles	SystolicMemoryStalls	MemoryReads	MemoryWrites	ReadBandwidth	WriteBandwidth	TotalMemoryBandwidth	NumCalculation	NpuUtilization	
layer0.attn.proj	579023	595487	16464	11517	0	0	0	8602752	98560	522518950437	5986394557	528505344995	805306368	4.267778	
layer0.ffn.fc2	678980	734734	55754	38781	0	0	0	34409088	98560	617159091724	1767765541	618926857265	3221225472	5.069699	
layer0.ffn.swish	677704	678980	1276	192	0	0	0	798720	798720	625956112852	625956112852	1251912225705	0	0.000000	
layer0.ffn.fc1	612053	677704	65651	51200	0	0	0	36774528	98560	560151833178	1501271877	561653105055	3221225472	3.840000	
layer0.ffn.res	734734	743419	8685	192	0	0	0	6316032	3158016	727234542314	363617271157	1090851813471	0	0.000000	
layer0.ffn.rn	605050	612053	7003	960	0	0	0	3174464	3158016	453300585463	450951877766	904252463230	0	0.000000	
layer0.attn.res	595487	605050	9563	192	0	0	0	6316032	3158016	660465544285	330232772142	990698316427	0	0.000000	
