OpName	StartCycle	EndCycle	TotalCycle	ComputeCycles	MemoryStalls	WeightLoadCycles	SystolicMemoryStalls	MemoryReads	MemoryWrites	ReadBandwidth	WriteBandwidth	TotalMemoryBandwidth	NumCalculation	NpuUtilization	
layer0.attn.rn	527950	533096	5146	960	0	0	0	3174464	3158016	616879906723	613683637776	1230563544500	0	0.000000	
layer0.attn.res	373243	384929	11686	192	0	0	0	6316032	3158016	540478521307	270239260653	810717781961	0	0.000000	
layer0.attn.QKVgen	533096	587644	54548	43659	0	0	0	28369536	98560	520083889418	1806849013	521890738432	2415919104	3.377448	
layer0.attn.proj	356442	373243	16801	12787	0	0	0	8602752	98560	512038092970	5866317481	517904410451	805306368	3.843904	
layer0.ffn.swish	461272	462486	1214	192	0	0	0	798720	798720	657924217462	657924217462	1315848434925	0	0.000000	
layer0.ffn.rn	384929	390425	5496	960	0	0	0	3174464	3158016	577595342066	574602620087	1152197962154	0	0.000000	
layer0.ffn.fc1	390425	461272	70847	51486	0	0	0	36774528	98560	519069657148	1391166880	520460824029	3221225472	3.818669	
layer0.ffn.res	518887	527950	9063	192	0	0	0	6316032	3158016	696903012247	348451506123	1045354518371	0	0.000000	
layer0.ffn.fc2	462486	518887	56401	41321	0	0	0	34409088	98560	610079395755	1747486746	611826882502	3221225472	4.758065	
