OpName	StartCycle	EndCycle	TotalCycle	ComputeCycles	MemoryStalls	WeightLoadCycles	SystolicMemoryStalls	MemoryReads	MemoryWrites	ReadBandwidth	WriteBandwidth	TotalMemoryBandwidth	NumCalculation	NpuUtilization	
layer0.attn.proj	590097	606130	16033	12025	0	0	0	8602752	98560	536565333998	6147321150	542712655148	805306368	4.087484	
layer0.ffn.fc2	694262	750946	56684	40051	0	0	0	34409088	98560	607033519158	1738762260	608772281419	3221225472	4.908941	
layer0.ffn.swish	693180	694262	1082	192	0	0	0	798720	798720	738188539741	738188539741	1476377079482	0	0.000000	
layer0.ffn.fc1	630434	693180	62746	49676	0	0	0	36774528	98560	586085615019	1570777420	587656392439	3221225472	3.957807	
layer0.ffn.res	750946	759643	8697	192	0	0	0	6316032	3158016	726231114177	363115557088	1089346671265	0	0.000000	
layer0.ffn.rn	615538	630434	14896	960	0	0	0	3174464	3158016	213108485499	212004296455	425112781954	0	0.000000	
layer0.attn.res	606130	615538	9408	192	0	0	0	6316032	3158016	671346938775	335673469387	1007020408163	0	0.000000	
