OpName	StartCycle	EndCycle	TotalCycle	ComputeCycles	MemoryStalls	WeightLoadCycles	SystolicMemoryStalls	MemoryReads	MemoryWrites	ReadBandwidth	WriteBandwidth	TotalMemoryBandwidth	NumCalculation	NpuUtilization	
layer0.attn.rn	295353	301171	5818	960	0	0	0	3174464	3158016	545628050876	542800962530	1088429013406	0	0.000000	
layer0.ffn.swish	227994	229097	1103	192	0	0	0	798720	798720	724134179510	724134179510	1448268359020	0	0.000000	
layer0.ffn.fc1	160898	227994	67096	51819	0	0	0	36774528	98560	548088231787	1468940026	549557171813	3221225472	3.794130	
layer0.attn.res	143215	153405	10190	192	0	0	0	6316032	3158016	619826496565	309913248282	929739744847	0	0.000000	
layer0.ffn.res	286992	295353	8361	192	0	0	0	6316032	3158016	755415859346	377707929673	1133123789020	0	0.000000	
layer0.attn.QKVgen	301171	355703	54532	43516	0	0	0	28369536	98560	520236484999	1807379153	522043864153	2415919104	3.388547	
layer0.attn.proj	126665	143215	16550	11914	0	0	0	8602752	98560	519803746223	5955287009	525759033232	805306368	4.125567	
layer0.ffn.fc2	229097	286992	57895	39289	0	0	0	34409088	98560	594336091199	1702392261	596038483461	3221225472	5.004149	
layer0.ffn.rn	153405	160898	7493	960	0	0	0	3174464	3158016	423657280128	421462164687	845119444815	0	0.000000	
