OpName	StartCycle	EndCycle	TotalCycle	ComputeCycles	MemoryStalls	WeightLoadCycles	SystolicMemoryStalls	MemoryReads	MemoryWrites	ReadBandwidth	WriteBandwidth	TotalMemoryBandwidth	NumCalculation	NpuUtilization	
layer0.attn.rn	520433	525300	4867	960	0	0	0	3174464	3158016	652242449147	648862954592	1301105403739	0	0.000000	
layer0.attn.res	366110	374588	8478	192	0	0	0	6316032	3158016	744990799716	372495399858	1117486199575	0	0.000000	
layer0.attn.QKVgen	525300	579023	53723	43262	0	0	0	28369536	98560	528070584293	1834595983	529905180276	2415919104	3.408442	
layer0.attn.proj	349522	366110	16588	12422	0	0	0	8602752	98560	518612973233	5941644562	524554617795	805306368	3.956851	
layer0.ffn.swish	454447	455694	1247	192	0	0	0	798720	798720	640513231756	640513231756	1281026463512	0	0.000000	
layer0.ffn.rn	374588	383485	8897	944	0	0	0	3174464	3158016	356801618523	354952905473	711754523996	0	0.000000	
layer0.ffn.fc1	383485	454447	70962	51597	0	0	0	36774528	98560	518228460302	1388912375	519617372678	3221225472	3.810454	
layer0.ffn.res	511296	520433	9137	192	0	0	0	6316032	3158016	691258837692	345629418846	1036888256539	0	0.000000	
layer0.ffn.fc2	455694	511296	55602	41067	0	0	0	34409088	98560	618846228552	1772598107	620618826660	3221225472	4.787494	
