OpName	StartCycle	EndCycle	TotalCycle	ComputeCycles	MemoryStalls	WeightLoadCycles	SystolicMemoryStalls	MemoryReads	MemoryWrites	ReadBandwidth	WriteBandwidth	TotalMemoryBandwidth	NumCalculation	NpuUtilization	
layer0.attn.rn	59266	65722	6456	960	0	0	0	3174464	3158016	491707558859	489159851301	980867410161	0	0.000000	
layer0.attn.QKVgen	65722	124775	59053	42611	0	0	0	28369536	98560	480408040235	1669009195	482077049430	2415919104	3.460515	
