OpName	StartCycle	EndCycle	TotalCycle	ComputeCycles	MemoryStalls	WeightLoadCycles	SystolicMemoryStalls	MemoryReads	MemoryWrites	ReadBandwidth	WriteBandwidth	TotalMemoryBandwidth	NumCalculation	NpuUtilization	
layer0.attn.rn	527874	534515	6641	960	0	0	0	3174464	3158016	478009938262	475533202830	953543141093	0	0.000000	
layer0.attn.res	372448	383122	10674	192	0	0	0	6316032	3158016	591721191680	295860595840	887581787521	0	0.000000	
layer0.attn.QKVgen	534515	590097	55582	41595	0	0	0	28369536	98560	510408693461	1773235939	512181929401	2415919104	3.545041	
layer0.attn.proj	355703	372448	16745	12533	0	0	0	8602752	98560	513750492684	5885936100	519636428784	805306368	3.921806	
layer0.ffn.swish	461964	463054	1090	192	0	0	0	798720	798720	732770642201	732770642201	1465541284403	0	0.000000	
layer0.ffn.rn	383122	389818	6696	960	0	0	0	3174464	3158016	474083632019	471627240143	945710872162	0	0.000000	
layer0.ffn.fc1	389818	461964	72146	50581	0	0	0	36774528	98560	509723726887	1366118703	511089845590	3221225472	3.886993	
layer0.ffn.res	520322	527874	7552	192	0	0	0	6316032	3158016	836338983050	418169491525	1254508474576	0	0.000000	
layer0.ffn.fc2	463054	520322	57268	39797	0	0	0	34409088	98560	600843193406	1721030942	602564224348	3221225472	4.940272	
