OpName	StartCycle	EndCycle	TotalCycle	ComputeCycles	MemoryStalls	WeightLoadCycles	SystolicMemoryStalls	MemoryReads	MemoryWrites	ReadBandwidth	WriteBandwidth	TotalMemoryBandwidth	NumCalculation	NpuUtilization	
layer0.ffn.fc2	861891	918081	56190	41575	0	0	0	34409088	98560	612370315002	1754048763	614124363765	3221225472	4.728996	
layer0.ffn.swish	860921	861891	970	192	0	0	0	798720	798720	823422680412	823422680412	1646845360824	0	0.000000	
layer0.attn.res	779616	788253	8637	192	0	0	0	6316032	3158016	731276137547	365638068773	1096914206321	0	0.000000	
layer0.attn.proj	765585	779616	14031	10247	0	0	0	8602752	98560	613124652555	7024445869	620149098424	805306368	4.796721	
layer0.ffn.res	918081	927686	9605	192	0	0	0	6316032	3158016	657577511712	328788755856	986366267568	0	0.000000	
layer0.ffn.fc1	793848	860921	67073	51565	0	0	0	36774528	98560	548276176702	1469443740	549745620443	3221225472	3.812819	
layer0.ffn.rn	788253	793848	5595	960	0	0	0	3174464	3158016	567375156389	564435388739	1131810545129	0	0.000000	
