OpName	StartCycle	EndCycle	TotalCycle	ComputeCycles	MemoryStalls	WeightLoadCycles	SystolicMemoryStalls	MemoryReads	MemoryWrites	ReadBandwidth	WriteBandwidth	TotalMemoryBandwidth	NumCalculation	NpuUtilization	
layer0.attn.proj	587644	604434	16790	12422	0	0	0	8602752	98560	512373555687	5870160810	518243716497	805306368	3.956851	
layer0.ffn.fc2	699450	756086	56636	41321	0	0	0	34409088	98560	607547990677	1740235892	609288226569	3221225472	4.758065	
layer0.ffn.swish	698463	699450	987	192	0	0	0	798720	798720	809240121580	809240121580	1618480243161	0	0.000000	
layer0.ffn.fc1	636210	698463	62253	50946	0	0	0	36774528	98560	590727001108	1583216873	592310217981	3221225472	3.859145	
layer0.ffn.res	756086	765585	9499	192	0	0	0	6316032	3158016	664915464785	332457732392	997373197178	0	0.000000	
layer0.ffn.rn	612996	636210	23214	960	0	0	0	3174464	3158016	136747824588	136039286637	272787111225	0	0.000000	
layer0.attn.res	604434	612996	8562	192	0	0	0	6316032	3158016	737681850035	368840925017	1106522775052	0	0.000000	
