OpName	StartCycle	EndCycle	TotalCycle	ComputeCycles	MemoryStalls	WeightLoadCycles	SystolicMemoryStalls	MemoryReads	MemoryWrites	ReadBandwidth	WriteBandwidth	TotalMemoryBandwidth	NumCalculation	NpuUtilization	
layer0.attn.rn	292154	297407	5253	960	0	0	0	3174464	3158016	604314486959	601183323814	1205497810774	0	0.000000	
layer0.ffn.swish	225855	227074	1219	192	0	0	0	798720	798720	655225594749	655225594749	1310451189499	0	0.000000	
layer0.ffn.fc1	158746	225855	67109	50438	0	0	0	36774528	98560	547982059038	1468655470	549450714509	3221225472	3.898013	
layer0.attn.res	141487	149418	7931	192	0	0	0	6316032	3158016	796372714663	398186357331	1194559071995	0	0.000000	
layer0.ffn.res	283219	292154	8935	192	0	0	0	6316032	3158016	706886625629	353443312814	1060329938444	0	0.000000	
layer0.attn.QKVgen	297407	352090	54683	42389	0	0	0	28369536	98560	518799919536	1802388310	520602307847	2415919104	3.478638	
layer0.attn.proj	124775	141487	16712	11263	0	0	0	8602752	98560	514764959310	5897558640	520662517951	805306368	4.364024	
layer0.ffn.fc2	227074	283219	56145	41067	0	0	0	34409088	98560	612861127437	1755454626	614616582064	3221225472	4.787494	
layer0.ffn.rn	149418	158746	9328	960	0	0	0	3174464	3158016	340315608919	338552315608	678867924528	0	0.000000	
