Stage	total_cycles	pim_cycles	mem_bw_util	
A	8548	0	76.713120	
B	53741	14750	13.774748	
C	49321	16882	55.836003	
D	55221	15471	49.781673	
E	39064	16788	53.710578	
F	27582	0	72.828067	
