Stage	total_cycles	pim_cycles	mem_bw_util	
A	8548	0	76.713120	
B	37137	16121	20.143657	
C	46126	13074	59.269447	
D	47349	16434	58.223247	
E	42753	13231	48.607554	
F	24644	0	81.510459	
