Stage	total_cycles	pim_cycles	mem_bw_util	
A	8548	0	76.713120	
B	37153	16440	20.242309	
C	46610	12946	58.614031	
D	45558	16799	60.599538	
E	38658	13015	53.707835	
F	23792	0	84.429378	
