Stage	total_cycles	pim_cycles	mem_bw_util	
A	8548	0	76.713120	
B	37057	14672	19.906664	
C	46273	12359	58.954466	
D	48599	14886	56.512480	
E	41365	12410	50.096851	
F	24383	0	82.382961	
