OpName	StartCycle	EndCycle	TotalCycle	ComputeCycles	MemoryStalls	WeightLoadCycles	SystolicMemoryStalls	MemoryReads	MemoryWrites	ReadBandwidth	WriteBandwidth	TotalMemoryBandwidth	NumCalculation	NpuUtilization	
layer0.attn.proj	137864	141507	3643	2377	0	0	0	2134592	8256	585943453197	2266264068	588209717265	33554432	0.861590	
layer0.ffn.res	174897	175430	533	32	0	0	0	266240	133120	499512195121	249756097560	749268292682	0	0.000000	
layer0.attn.res	141507	142128	621	32	0	0	0	266240	133120	428727858293	214363929146	643091787439	0	0.000000	
layer0.ffn.swish	158857	159139	282	32	0	0	0	133120	133056	472056737588	471829787234	943886524822	0	0.000000	
layer0.ffn.rn	142128	142893	765	160	0	0	0	137280	133120	179450980392	174013071895	353464052287	0	0.000000	
layer0.ffn.fc2	159139	174897	15758	7047	0	0	0	8537408	8256	541782459703	523924355	542306384058	134217728	1.162480	
layer0.ffn.fc1	142893	158857	15964	7301	0	0	0	8537408	8256	534791280380	517163618	535308443998	134217728	1.122038	
