OpName	StartCycle	EndCycle	TotalCycle	ComputeCycles	MemoryStalls	WeightLoadCycles	SystolicMemoryStalls	MemoryReads	MemoryWrites	ReadBandwidth	WriteBandwidth	TotalMemoryBandwidth	NumCalculation	NpuUtilization	
layer0.attn.proj	91807	95841	4034	2123	0	0	0	2134592	8256	529150223103	2046603867	531196826970	33554432	0.964673	
layer0.ffn.swish	112807	113910	1103	32	0	0	0	133120	133120	120689029918	120689029918	241378059836	0	0.000000	
layer0.ffn.fc1	96714	112807	16093	6793	0	0	0	8537408	8256	530504442925	513018082	531017461007	134217728	1.205947	
layer0.ffn.rn	96296	96714	418	160	0	0	0	137280	133120	328421052631	318468899521	646889952153	0	0.000000	
layer0.ffn.res	130163	130486	323	32	0	0	0	266240	133120	824272445820	412136222910	1236408668730	0	0.000000	
layer0.attn.QKVgen	131109	139155	8046	5515	0	0	0	6436160	8256	799920457370	1026099925	800946557295	100663296	1.114053	
layer0.attn.res	95841	96296	455	32	0	0	0	266240	133120	585142857142	292571428571	877714285714	0	0.000000	
layer0.attn.rn	130486	131109	623	160	0	0	0	137280	133120	220353130016	213675762439	434028892455	0	0.000000	
layer0.ffn.fc2	113910	130163	16253	7047	0	0	0	8537408	8256	525281978711	507967759	525789946471	134217728	1.162480	
