OpName	StartCycle	EndCycle	TotalCycle	ComputeCycles	MemoryStalls	WeightLoadCycles	SystolicMemoryStalls	MemoryReads	MemoryWrites	ReadBandwidth	WriteBandwidth	TotalMemoryBandwidth	NumCalculation	NpuUtilization	
layer0.attn.proj	166826	169948	3122	2377	0	0	0	2134592	8256	683725816784	2644458680	686370275464	33554432	0.861590	
layer0.ffn.res	199509	200200	691	32	0	0	0	266240	133120	385296671490	192648335745	577945007235	0	0.000000	
layer0.attn.res	169948	170342	394	32	0	0	0	266240	133120	675736040609	337868020304	1013604060913	0	0.000000	
layer0.ffn.swish	184387	184675	288	32	0	0	0	133120	133120	462222222222	462222222222	924444444444	0	0.000000	
layer0.ffn.rn	170342	170826	484	160	0	0	0	137280	133120	283636363636	275041322314	558677685950	0	0.000000	
layer0.ffn.fc2	184675	199509	14834	7555	0	0	0	8537408	8256	575529729000	556559255	576086288256	134217728	1.084315	
layer0.ffn.fc1	170826	184387	13561	6793	0	0	0	8537408	8256	629555932453	608804660	630164737113	134217728	1.205947	
