OpName	StartCycle	EndCycle	TotalCycle	ComputeCycles	MemoryStalls	WeightLoadCycles	SystolicMemoryStalls	MemoryReads	MemoryWrites	ReadBandwidth	WriteBandwidth	TotalMemoryBandwidth	NumCalculation	NpuUtilization	
layer0.attn.proj	91874	95891	4017	2123	0	0	0	2134592	8256	531389594224	2055265123	533444859347	33554432	0.964673	
layer0.ffn.swish	112623	112973	350	32	0	0	0	133120	133120	380342857142	380342857142	760685714285	0	0.000000	
layer0.ffn.fc1	96825	112623	15798	7809	0	0	0	8537408	8256	540410684896	522597797	540933282694	134217728	1.049046	
layer0.ffn.rn	96423	96825	402	160	0	0	0	137280	133120	341492537313	331144278606	672636815920	0	0.000000	
layer0.ffn.res	128453	129342	889	32	0	0	0	266240	133120	299482564679	149741282339	449223847019	0	0.000000	
layer0.attn.QKVgen	129880	140472	10592	5769	0	0	0	6436160	8256	607643504531	779456193	608422960725	100663296	1.065003	
layer0.attn.res	95891	96423	532	32	0	0	0	266240	133120	500451127819	250225563909	750676691729	0	0.000000	
layer0.attn.rn	129342	129880	538	160	0	0	0	137280	133120	255167286245	247434944237	502602230483	0	0.000000	
layer0.ffn.fc2	112973	128453	15480	7047	0	0	0	8537408	8256	551512144702	533333333	552045478036	134217728	1.162480	
