OpName	StartCycle	EndCycle	TotalCycle	ComputeCycles	MemoryStalls	WeightLoadCycles	SystolicMemoryStalls	MemoryReads	MemoryWrites	ReadBandwidth	WriteBandwidth	TotalMemoryBandwidth	NumCalculation	NpuUtilization	
layer0.ffn.fc1	50404	66145	15741	7301	0	0	0	8537408	8256	542367575122	524490184	542892065307	134217728	1.122038	
layer0.ffn.res	83864	84169	305	32	0	0	0	266240	133120	872918032786	436459016393	1309377049180	0	0.000000	
layer0.ffn.fc2	66313	83864	17551	8603	0	0	0	8537408	8256	486434277249	470400546	486904677796	134217728	0.952226	
layer0.attn.res	49364	49971	607	32	0	0	0	266240	133120	438616144975	219308072487	657924217462	0	0.000000	
layer0.attn.rn	84169	84432	263	160	0	0	0	137280	133120	521977186311	506159695817	1028136882129	0	0.000000	
layer0.attn.proj	45602	49364	3762	2520	0	0	0	2134592	8256	567408825093	2194577352	569603402445	33554432	0.812698	
layer0.attn.QKVgen	84432	91874	7442	6055	0	0	0	6436160	8256	864842784197	1109379199	865952163396	100663296	1.014699	
layer0.ffn.swish	66145	66313	168	32	0	0	0	133120	133120	792380952380	792380952380	1584761904761	0	0.000000	
layer0.ffn.rn	49971	50404	433	160	0	0	0	137280	133120	317043879907	307436489607	624480369515	0	0.000000	
