OpName	StartCycle	EndCycle	TotalCycle	ComputeCycles	MemoryStalls	WeightLoadCycles	SystolicMemoryStalls	MemoryReads	MemoryWrites	ReadBandwidth	WriteBandwidth	TotalMemoryBandwidth	NumCalculation	NpuUtilization	
layer0.attn.rn	8546	8810	264	160	0	0	0	137280	133120	520000000000	504242424242	1024242424242	0	0.000000	
layer0.attn.QKVgen	8810	20955	12145	6928	0	0	0	6436160	8256	529943186496	679785920	530622972416	100663296	0.886836	
