OpName	StartCycle	EndCycle	TotalCycle	ComputeCycles	MemoryStalls	WeightLoadCycles	SystolicMemoryStalls	MemoryReads	MemoryWrites	ReadBandwidth	WriteBandwidth	TotalMemoryBandwidth	NumCalculation	NpuUtilization	
layer0.attn.proj	92307	95998	3691	2520	0	0	0	2134592	8256	578323489569	2236792197	580560281766	33554432	0.812698	
layer0.ffn.swish	112628	113098	470	32	0	0	0	133120	133056	283234042553	283097872340	566331914893	0	0.000000	
layer0.ffn.fc1	96986	112628	15642	7301	0	0	0	8537408	8256	545800281293	527809742	546328091036	134217728	1.122038	
layer0.ffn.rn	96481	96986	505	160	0	0	0	137280	133120	271841584158	263603960396	535445544554	0	0.000000	
layer0.ffn.res	128222	128826	604	32	0	0	0	266240	133120	440794701986	220397350993	661192052980	0	0.000000	
layer0.attn.QKVgen	129320	137864	8544	5912	0	0	0	6436160	8256	753295880149	966292134	754262172284	100663296	1.039242	
layer0.attn.res	95998	96481	483	32	0	0	0	266240	133120	551221532091	275610766045	826832298136	0	0.000000	
layer0.attn.rn	128826	129320	494	160	0	0	0	137280	133120	277894736842	269473684210	547368421052	0	0.000000	
layer0.ffn.fc2	113098	128222	15124	6793	0	0	0	8537408	8256	564494049193	545887331	565039936524	134217728	1.205947	
