OpName	StartCycle	EndCycle	TotalCycle	ComputeCycles	MemoryStalls	WeightLoadCycles	SystolicMemoryStalls	MemoryReads	MemoryWrites	ReadBandwidth	WriteBandwidth	TotalMemoryBandwidth	NumCalculation	NpuUtilization	
layer0.attn.res	185121	185458	337	32	0	0	0	266240	133120	790029673590	395014836795	1185044510385	0	0.000000	
layer0.ffn.swish	195872	196052	180	32	0	0	0	133120	133120	739555555555	739555555555	1479111111111	0	0.000000	
layer0.attn.proj	181836	185121	3285	2377	0	0	0	2134592	8256	649799695585	2513242009	652312937595	33554432	0.861590	
layer0.ffn.fc2	196052	205906	9854	7047	0	0	0	8537408	8256	866390095392	837832352	867227927745	134217728	1.162480	
layer0.ffn.res	205906	206218	312	32	0	0	0	266240	133120	853333333333	426666666666	1280000000000	0	0.000000	
layer0.ffn.rn	185458	185753	295	160	0	0	0	137280	133120	465355932203	451254237288	916610169491	0	0.000000	
layer0.ffn.fc1	185753	195872	10119	7555	0	0	0	8537408	8256	843700760944	815890898	844516651843	134217728	1.084315	
