OpName	StartCycle	EndCycle	TotalCycle	ComputeCycles	MemoryStalls	WeightLoadCycles	SystolicMemoryStalls	MemoryReads	MemoryWrites	ReadBandwidth	WriteBandwidth	TotalMemoryBandwidth	NumCalculation	NpuUtilization	
layer0.attn.proj	111606	115375	3769	2123	0	0	0	2134592	8256	566355001326	2190501459	568545502785	33554432	0.964673	
layer0.ffn.swish	130000	130353	353	32	0	0	0	133120	133120	377110481586	377110481586	754220963172	0	0.000000	
layer0.ffn.fc1	116230	130000	13770	6793	0	0	0	8537408	8256	620000580973	599564270	620600145243	134217728	1.205947	
layer0.ffn.rn	115787	116230	443	160	0	0	0	137280	133120	309887133182	300496613995	610383747178	0	0.000000	
layer0.ffn.res	142090	143107	1017	32	0	0	0	266240	133120	261789577187	130894788593	392684365781	0	0.000000	
layer0.attn.QKVgen	143723	165363	21640	5769	0	0	0	6436160	8256	297419593345	381515711	297801109057	100663296	1.065003	
layer0.attn.res	115375	115787	412	32	0	0	0	266240	133120	646213592233	323106796116	969320388349	0	0.000000	
layer0.attn.rn	143107	143723	616	160	0	0	0	137280	133120	222857142857	216103896103	438961038961	0	0.000000	
layer0.ffn.fc2	130353	142090	11737	8317	0	0	0	8537408	8256	727392689784	703416545	728096106330	134217728	0.984971	
