OpName	StartCycle	EndCycle	TotalCycle	ComputeCycles	MemoryStalls	WeightLoadCycles	SystolicMemoryStalls	MemoryReads	MemoryWrites	ReadBandwidth	WriteBandwidth	TotalMemoryBandwidth	NumCalculation	NpuUtilization	
layer0.attn.proj	140472	144754	4282	2123	0	0	0	2134592	8256	498503503035	1928070994	500431574030	33554432	0.964673	
layer0.ffn.res	181221	181836	615	32	0	0	0	266240	133120	432910569105	216455284552	649365853658	0	0.000000	
layer0.attn.res	144754	145196	442	32	0	0	0	266240	133120	602352941176	301176470588	903529411764	0	0.000000	
layer0.ffn.swish	161326	161671	345	32	0	0	0	133120	133120	385855072463	385855072463	771710144927	0	0.000000	
layer0.ffn.rn	145196	145580	384	160	0	0	0	137280	133120	357500000000	346666666666	704166666666	0	0.000000	
layer0.ffn.fc2	161671	181221	19550	8206	0	0	0	8537408	8256	436696061381	422301790	437118363171	134217728	0.998294	
layer0.ffn.fc1	145580	161326	15746	7555	0	0	0	8537408	8256	542195351200	524323637	542719674838	134217728	1.084315	
