OpName	StartCycle	EndCycle	TotalCycle	ComputeCycles	MemoryStalls	WeightLoadCycles	SystolicMemoryStalls	MemoryReads	MemoryWrites	ReadBandwidth	WriteBandwidth	TotalMemoryBandwidth	NumCalculation	NpuUtilization	
layer0.attn.res	185277	185596	319	32	0	0	0	266240	133120	834608150470	417304075235	1251912225705	0	0.000000	
layer0.ffn.swish	195843	196032	189	32	0	0	0	133120	133120	704338624338	704338624338	1408677248677	0	0.000000	
layer0.attn.proj	181907	185277	3370	2377	0	0	0	2134592	8256	633410089020	2449851632	635859940652	33554432	0.861590	
layer0.ffn.fc2	196032	206231	10199	7047	0	0	0	8537408	8256	837082851259	809491126	837892342386	134217728	1.162480	
layer0.ffn.res	206231	206550	319	32	0	0	0	266240	133120	834608150470	417304075235	1251912225705	0	0.000000	
layer0.ffn.rn	185596	185916	320	160	0	0	0	137280	133120	429000000000	416000000000	845000000000	0	0.000000	
layer0.ffn.fc1	185916	195843	9927	7587	0	0	0	8537408	8256	860018938249	831671199	860850609448	134217728	1.079742	
