OpName	StartCycle	EndCycle	TotalCycle	ComputeCycles	MemoryStalls	WeightLoadCycles	SystolicMemoryStalls	MemoryReads	MemoryWrites	ReadBandwidth	WriteBandwidth	TotalMemoryBandwidth	NumCalculation	NpuUtilization	
layer0.attn.rn	8546	8812	266	160	0	0	0	137280	133120	516090225563	500451127819	1016541353383	0	0.000000	
layer0.attn.QKVgen	8812	20943	12131	6674	0	0	0	6436160	8256	530554777017	680570439	531235347456	100663296	0.920587	
