OpName	StartCycle	EndCycle	TotalCycle	ComputeCycles	MemoryStalls	WeightLoadCycles	SystolicMemoryStalls	MemoryReads	MemoryWrites	ReadBandwidth	WriteBandwidth	TotalMemoryBandwidth	NumCalculation	NpuUtilization	
layer0.ffn.fc1	49966	64444	14478	7301	0	0	0	8537408	8256	589681447713	570244508	590251692222	134217728	1.122038	
layer0.ffn.res	80614	81303	689	32	0	0	0	266240	133120	386415094339	193207547169	579622641509	0	0.000000	
layer0.ffn.fc2	65010	80614	15604	7698	0	0	0	8537408	8256	547129453986	529095103	547658549089	134217728	1.064173	
layer0.attn.res	49206	49661	455	32	0	0	0	266240	133120	585142857142	292571428571	877714285714	0	0.000000	
layer0.attn.rn	81303	81716	413	160	0	0	0	137280	133120	332397094430	322324455205	654721549636	0	0.000000	
layer0.attn.proj	45682	49206	3524	2631	0	0	0	2134592	8256	605729852440	2342792281	608072644721	33554432	0.778411	
layer0.attn.QKVgen	81716	91807	10091	6563	0	0	0	6436160	8256	637811911604	818154791	638630066395	100663296	0.936157	
layer0.ffn.swish	64444	65010	566	32	0	0	0	133120	133120	235194346289	235194346289	470388692579	0	0.000000	
layer0.ffn.rn	49661	49966	305	160	0	0	0	137280	133120	450098360655	436459016393	886557377049	0	0.000000	
