OpName	StartCycle	EndCycle	TotalCycle	ComputeCycles	MemoryStalls	WeightLoadCycles	SystolicMemoryStalls	MemoryReads	MemoryWrites	ReadBandwidth	WriteBandwidth	TotalMemoryBandwidth	NumCalculation	NpuUtilization	
layer0.ffn.fc1	50367	66320	15953	6539	0	0	0	8537408	8256	535160032595	517520215	535677552811	134217728	1.252791	
layer0.ffn.res	82563	83233	670	32	0	0	0	266240	133120	397373134328	198686567164	596059701492	0	0.000000	
layer0.ffn.fc2	66632	82563	15931	7047	0	0	0	8537408	8256	535899064716	518234887	536417299604	134217728	1.162480	
layer0.attn.res	49284	49871	587	32	0	0	0	266240	133120	453560477001	226780238500	680340715502	0	0.000000	
layer0.attn.rn	83233	83670	437	160	0	0	0	137280	133120	314141876430	304622425629	618764302059	0	0.000000	
layer0.attn.proj	45698	49284	3586	2885	0	0	0	2134592	8256	595257110987	2302286670	597559397657	33554432	0.709879	
layer0.attn.QKVgen	83670	92307	8637	5515	0	0	0	6436160	8256	745184670603	955887460	746140558064	100663296	1.114053	
layer0.ffn.swish	66320	66632	312	32	0	0	0	133120	133120	426666666666	426666666666	853333333333	0	0.000000	
layer0.ffn.rn	49871	50367	496	160	0	0	0	137280	133120	276774193548	268387096774	545161290322	0	0.000000	
