OpName	StartCycle	EndCycle	TotalCycle	ComputeCycles	MemoryStalls	WeightLoadCycles	SystolicMemoryStalls	MemoryReads	MemoryWrites	ReadBandwidth	WriteBandwidth	TotalMemoryBandwidth	NumCalculation	NpuUtilization	
layer0.attn.res	208660	209066	406	32	0	0	0	266240	133120	655763546798	327881773399	983645320197	0	0.000000	
layer0.ffn.swish	222939	223120	181	32	0	0	0	133120	133120	735469613259	735469613259	1470939226519	0	0.000000	
layer0.attn.proj	205889	208660	2771	2123	0	0	0	2134592	8256	770332731865	2979429808	773312161674	33554432	0.964673	
layer0.ffn.fc2	223120	233160	10040	7190	0	0	0	8537408	8256	850339442231	822310756	851161752988	134217728	1.139360	
layer0.ffn.res	233160	233470	310	32	0	0	0	266240	133120	858838709677	429419354838	1288258064516	0	0.000000	
layer0.ffn.rn	209066	209384	318	160	0	0	0	137280	133120	431698113207	418616352201	850314465408	0	0.000000	
layer0.ffn.fc1	209384	222939	13555	6539	0	0	0	8537408	8256	629834599778	609074142	630443673921	134217728	1.252791	
