OpName	StartCycle	EndCycle	TotalCycle	ComputeCycles	MemoryStalls	WeightLoadCycles	SystolicMemoryStalls	MemoryReads	MemoryWrites	ReadBandwidth	WriteBandwidth	TotalMemoryBandwidth	NumCalculation	NpuUtilization	
layer0.attn.res	179407	180015	608	32	0	0	0	266240	133120	437894736842	218947368421	656842105263	0	0.000000	
layer0.ffn.swish	190012	190237	225	32	0	0	0	133120	133120	591644444444	591644444444	1183288888888	0	0.000000	
layer0.attn.proj	176521	179407	2886	2123	0	0	0	2134592	8256	739636867636	2860706860	742497574497	33554432	0.964673	
layer0.ffn.fc2	190237	200000	9763	6793	0	0	0	8537408	8256	874465635562	845641708	875311277271	134217728	1.205947	
layer0.ffn.res	200000	200312	312	32	0	0	0	266240	133120	853333333333	426666666666	1280000000000	0	0.000000	
layer0.ffn.rn	180015	180306	291	160	0	0	0	137280	133120	471752577319	457457044673	929209621993	0	0.000000	
layer0.ffn.fc1	180306	190012	9706	7047	0	0	0	8537408	8256	879601071502	850607871	880451679373	134217728	1.162480	
