OpName	StartCycle	EndCycle	TotalCycle	ComputeCycles	MemoryStalls	WeightLoadCycles	SystolicMemoryStalls	MemoryReads	MemoryWrites	ReadBandwidth	WriteBandwidth	TotalMemoryBandwidth	NumCalculation	NpuUtilization	
layer0.attn.proj	139155	142790	3635	2885	0	0	0	2134592	8256	587233012379	2271251719	589504264099	33554432	0.709879	
layer0.ffn.res	176718	177217	499	32	0	0	0	266240	133120	533547094188	266773547094	800320641282	0	0.000000	
layer0.attn.res	142790	143265	475	32	0	0	0	266240	133120	560505263157	280252631578	840757894736	0	0.000000	
layer0.ffn.swish	159843	160568	725	32	0	0	0	133120	133120	183613793103	183613793103	367227586206	0	0.000000	
layer0.ffn.rn	143265	143642	377	160	0	0	0	137280	133120	364137931034	353103448275	717241379310	0	0.000000	
layer0.ffn.fc2	160568	176718	16150	7301	0	0	0	8537408	8256	528632074303	511207430	529143281733	134217728	1.122038	
layer0.ffn.fc1	143642	159843	16201	7047	0	0	0	8537408	8256	526967964940	509598172	527477563113	134217728	1.162480	
