OpName	StartCycle	EndCycle	TotalCycle	ComputeCycles	MemoryStalls	WeightLoadCycles	SystolicMemoryStalls	MemoryReads	MemoryWrites	ReadBandwidth	WriteBandwidth	TotalMemoryBandwidth	NumCalculation	NpuUtilization	
layer0.ffn.fc1	67106	83263	16157	7301	0	0	0	8537408	8256	528403045119	510985950	528914031070	134217728	1.122038	
layer0.ffn.res	102665	102971	306	32	0	0	0	266240	133120	870065359477	435032679738	1305098039215	0	0.000000	
layer0.ffn.fc2	84559	102665	18106	8063	0	0	0	8537408	8256	471523693803	455981442	471979675245	134217728	1.015999	
layer0.attn.res	66240	66662	422	32	0	0	0	266240	133120	630900473933	315450236966	946350710900	0	0.000000	
layer0.attn.rn	102971	103291	320	160	0	0	0	137280	133120	429000000000	416000000000	845000000000	0	0.000000	
layer0.attn.proj	62286	66240	3954	2631	0	0	0	2134592	8256	539856348002	2088012139	541944360141	33554432	0.778411	
layer0.attn.QKVgen	103291	111606	8315	5515	0	0	0	6436160	8256	774042092603	992904389	775034996993	100663296	1.114053	
layer0.ffn.swish	83263	84559	1296	32	0	0	0	133120	133120	102716049382	102716049382	205432098765	0	0.000000	
layer0.ffn.rn	66662	67106	444	160	0	0	0	137280	133120	309189189189	299819819819	609009009009	0	0.000000	
