Stage	total_cycles	pim_cycles	mem_bw_util	
A	29222	0	89.632597	
B	30904	3394	84.959269	
C	123132	2419	85.429306	
D	121981	2962	86.257901	
E	89087	2086	88.675677	
F	88873	0	88.848624	
