Stage	total_cycles	pim_cycles	mem_bw_util	
A	29222	0	89.632597	
B	31195	3444	84.157517	
C	118669	2445	88.642463	
D	118752	2807	88.600876	
E	87017	2476	90.785349	
F	91841	0	85.977328	
