Stage	total_cycles	pim_cycles	mem_bw_util	
A	29222	0	89.632597	
B	31082	3382	84.460459	
C	120318	2598	87.429821	
D	119274	2815	88.212330	
E	85452	2494	92.451098	
F	90568	0	87.185802	
