Stage	total_cycles	pim_cycles	mem_bw_util	
A	29222	0	89.632597	
B	30934	3470	84.874046	
C	120384	2331	87.379085	
D	121486	3142	86.608694	
E	89321	2649	88.442877	
F	90961	0	86.809113	
