OpName	StartCycle	EndCycle	TotalCycle	ComputeCycles	MemoryStalls	WeightLoadCycles	SystolicMemoryStalls	MemoryReads	MemoryWrites	ReadBandwidth	WriteBandwidth	TotalMemoryBandwidth	NumCalculation	NpuUtilization	
layer0.ffn.fc1	310931	347410	36479	26632	0	0	0	34148672	8256	936118643603	226321993	936344965596	536870912	1.230400	
layer0.ffn.fc2	347592	383177	35585	22018	0	0	0	33752384	8256	948500323169	232007868	948732331038	536870912	1.488237	
layer0.attn.proj	297833	307893	10060	5449	0	0	0	8438336	8256	838800795228	820675944	839621471172	134217728	1.503395	
layer0.ffn.res	383177	384849	1672	32	0	0	0	1052672	526336	629588516746	314794258373	944382775119	0	0.000000	
layer0.ffn.swish	347410	347592	182	32	0	0	0	133120	133120	731428571428	731428571428	1462857142857	0	0.000000	
layer0.attn.res	307893	309565	1672	32	0	0	0	1052672	526336	629588516746	314794258373	944382775119	0	0.000000	
layer0.ffn.rn	309565	310931	1366	160	0	0	0	542784	526336	397352855051	385311859443	782664714494	0	0.000000	
