OpName	StartCycle	EndCycle	TotalCycle	ComputeCycles	MemoryStalls	WeightLoadCycles	SystolicMemoryStalls	MemoryReads	MemoryWrites	ReadBandwidth	WriteBandwidth	TotalMemoryBandwidth	NumCalculation	NpuUtilization	
layer0.ffn.fc2	445436	480628	35192	21875	0	0	0	33752384	8256	959092521027	234598772	959327119799	536870912	1.497966	
layer0.ffn.rn	404652	406083	1431	160	0	0	0	542784	526336	379303983228	367809923130	747113906359	0	0.000000	
layer0.ffn.res	480628	482301	1673	32	0	0	0	1052672	526336	629212193664	314606096832	943818290496	0	0.000000	
layer0.ffn.fc1	406083	445254	39171	26489	0	0	0	34148672	8256	871784534477	210768170	871995302647	536870912	1.237042	
layer0.attn.proj	391341	403405	12064	5703	0	0	0	8438336	8256	699464190981	684350132	700148541114	134217728	1.436437	
layer0.ffn.swish	445254	445436	182	32	0	0	0	133120	133120	731428571428	731428571428	1462857142857	0	0.000000	
layer0.attn.res	403405	404652	1247	32	0	0	0	1052672	526336	844163592622	422081796311	1266245388933	0	0.000000	
