OpName	StartCycle	EndCycle	TotalCycle	ComputeCycles	MemoryStalls	WeightLoadCycles	SystolicMemoryStalls	MemoryReads	MemoryWrites	ReadBandwidth	WriteBandwidth	TotalMemoryBandwidth	NumCalculation	NpuUtilization	
layer0.ffn.fc1	318188	357829	39641	27394	0	0	0	34148672	8256	861448298478	208269216	861656567695	536870912	1.196174	
layer0.ffn.fc2	358009	393108	35099	21621	0	0	0	33752384	8256	961633778740	235220376	961868999116	536870912	1.515564	
layer0.attn.proj	305234	315429	10195	5957	0	0	0	8438336	8256	827693575282	809808729	828503384011	134217728	1.375189	
layer0.ffn.res	393108	394320	1212	32	0	0	0	1052672	526336	868541254125	434270627062	1302811881188	0	0.000000	
layer0.ffn.swish	357829	358009	180	32	0	0	0	133120	133120	739555555555	739555555555	1479111111111	0	0.000000	
layer0.attn.res	315429	316827	1398	32	0	0	0	1052672	526336	752984263233	376492131616	1129476394849	0	0.000000	
layer0.ffn.rn	316827	318188	1361	160	0	0	0	542784	526336	398812637766	386727406318	785540044085	0	0.000000	
