OpName	StartCycle	EndCycle	TotalCycle	ComputeCycles	MemoryStalls	WeightLoadCycles	SystolicMemoryStalls	MemoryReads	MemoryWrites	ReadBandwidth	WriteBandwidth	TotalMemoryBandwidth	NumCalculation	NpuUtilization	
layer0.attn.QKVgen	151054	183254	32200	23441	0	0	0	25743680	8256	799493167701	256397515	799749565217	402653184	1.048419	
layer0.ffn.fc1	72494	112830	40336	27283	0	0	0	34148672	8256	846605315351	204680682	846809996033	536870912	1.201041	
layer0.ffn.swish	112830	113009	179	32	0	0	0	133120	133120	743687150837	743687150837	1487374301675	0	0.000000	
layer0.ffn.res	148494	150049	1555	32	0	0	0	1052672	526336	676959485530	338479742765	1015439228295	0	0.000000	
layer0.ffn.fc2	113009	148494	35485	22526	0	0	0	33752384	8256	951173284486	232661688	951405946174	536870912	1.454675	
layer0.attn.proj	60123	69805	9682	6465	0	0	0	8438336	8256	871548853542	852716380	872401569923	134217728	1.267131	
layer0.ffn.rn	71139	72494	1355	160	0	0	0	542784	526336	400578597785	388439852398	789018450184	0	0.000000	
layer0.attn.rn	150049	151054	1005	160	0	0	0	542784	526336	540083582089	523717412935	1063800995024	0	0.000000	
layer0.attn.res	69805	71139	1334	32	0	0	0	1052672	526336	789109445277	394554722638	1183664167916	0	0.000000	
