OpName	StartCycle	EndCycle	TotalCycle	ComputeCycles	MemoryStalls	WeightLoadCycles	SystolicMemoryStalls	MemoryReads	MemoryWrites	ReadBandwidth	WriteBandwidth	TotalMemoryBandwidth	NumCalculation	NpuUtilization	
layer0.attn.rn	29220	30355	1135	160	0	0	0	542784	526336	478223788546	463732158590	941955947136	0	0.000000	
layer0.attn.QKVgen	30355	60153	29798	22393	0	0	0	25743680	8256	863939861735	277065574	864216927310	402653184	1.097486	
