OpName	StartCycle	EndCycle	TotalCycle	ComputeCycles	MemoryStalls	WeightLoadCycles	SystolicMemoryStalls	MemoryReads	MemoryWrites	ReadBandwidth	WriteBandwidth	TotalMemoryBandwidth	NumCalculation	NpuUtilization	
layer0.ffn.fc2	234029	270772	36743	21113	0	0	0	33752384	8256	918607190485	224695860	918831886345	536870912	1.552030	
layer0.ffn.swish	233856	234029	173	32	0	0	0	133120	133120	769479768786	769479768786	1538959537572	0	0.000000	
layer0.attn.QKVgen	273003	305234	32231	23044	0	0	0	25743680	8256	798724209611	256150910	798980360522	402653184	1.066482	
layer0.ffn.fc1	196777	233856	37079	30077	0	0	0	34148672	8256	920970684214	222659726	921193343941	536870912	1.089470	
layer0.ffn.res	270772	272150	1378	32	0	0	0	1052672	526336	763912917271	381956458635	1145869375907	0	0.000000	
layer0.attn.res	193843	195345	1502	32	0	0	0	1052672	526336	700846870838	350423435419	1051270306258	0	0.000000	
layer0.ffn.rn	195345	196777	1432	160	0	0	0	542784	526336	379039106145	367553072625	746592178770	0	0.000000	
layer0.attn.rn	272150	273003	853	160	0	0	0	542784	526336	636323563892	617041031652	1253364595545	0	0.000000	
layer0.attn.proj	183254	193843	10589	6465	0	0	0	8438336	8256	796896401926	779677023	797676078949	134217728	1.267131	
