OpName	StartCycle	EndCycle	TotalCycle	ComputeCycles	MemoryStalls	WeightLoadCycles	SystolicMemoryStalls	MemoryReads	MemoryWrites	ReadBandwidth	WriteBandwidth	TotalMemoryBandwidth	NumCalculation	NpuUtilization	
layer0.attn.QKVgen	153044	180536	27492	22679	0	0	0	25743680	8256	936406227266	300305543	936706532809	402653184	1.083646	
layer0.ffn.fc1	72843	112075	39232	27029	0	0	0	34148672	8256	870429037520	210440456	870639477977	536870912	1.212328	
layer0.ffn.swish	112075	112253	178	32	0	0	0	133120	133120	747865168539	747865168539	1495730337078	0	0.000000	
layer0.ffn.res	150007	151558	1551	32	0	0	0	1052672	526336	678705351386	339352675693	1018058027079	0	0.000000	
layer0.ffn.fc2	112253	150007	37754	20605	0	0	0	33752384	8256	894008158075	218678815	894226836891	536870912	1.590294	
layer0.attn.proj	60153	70446	10293	6973	0	0	0	8438336	8256	819813076848	802098513	820615175361	134217728	1.174817	
layer0.ffn.rn	72069	72843	774	160	0	0	0	542784	526336	701271317829	680020671834	1381291989664	0	0.000000	
layer0.attn.rn	151558	153044	1486	160	0	0	0	542784	526336	365265141318	354196500672	719461641991	0	0.000000	
layer0.attn.res	70446	72069	1623	32	0	0	0	1052672	526336	648596426370	324298213185	972894639556	0	0.000000	
