OpName	StartCycle	EndCycle	TotalCycle	ComputeCycles	MemoryStalls	WeightLoadCycles	SystolicMemoryStalls	MemoryReads	MemoryWrites	ReadBandwidth	WriteBandwidth	TotalMemoryBandwidth	NumCalculation	NpuUtilization	
layer0.ffn.fc2	439549	474551	35002	22637	0	0	0	33752384	8256	964298725787	235872235	964534598022	536870912	1.447542	
layer0.ffn.rn	398754	400444	1690	160	0	0	0	542784	526336	321173964497	311441420118	632615384615	0	0.000000	
layer0.ffn.res	474551	475909	1358	32	0	0	0	1052672	526336	775163475699	387581737849	1162745213549	0	0.000000	
layer0.ffn.fc1	400444	439367	38923	27505	0	0	0	34148672	8256	877339156796	212111091	877551267887	536870912	1.191347	
layer0.attn.proj	385342	397468	12126	5957	0	0	0	8438336	8256	695887844301	680851063	696568695365	134217728	1.375189	
layer0.ffn.swish	439367	439549	182	32	0	0	0	133120	133120	731428571428	731428571428	1462857142857	0	0.000000	
layer0.attn.res	397468	398754	1286	32	0	0	0	1052672	526336	818562986003	409281493001	1227844479004	0	0.000000	
