OpName	StartCycle	EndCycle	TotalCycle	ComputeCycles	MemoryStalls	WeightLoadCycles	SystolicMemoryStalls	MemoryReads	MemoryWrites	ReadBandwidth	WriteBandwidth	TotalMemoryBandwidth	NumCalculation	NpuUtilization	
layer0.ffn.fc1	311989	348600	36611	27902	0	0	0	34148672	8256	932743492392	225505995	932968998388	536870912	1.174396	
layer0.ffn.fc2	348788	383950	35162	22526	0	0	0	33752384	8256	959910812809	234798930	960145611739	536870912	1.454675	
layer0.attn.proj	299891	309576	9685	5957	0	0	0	8438336	8256	871278884873	852452245	872131337119	134217728	1.375189	
layer0.ffn.res	383950	385342	1392	32	0	0	0	1052672	526336	756229885057	378114942528	1134344827586	0	0.000000	
layer0.ffn.swish	348600	348788	188	32	0	0	0	133120	133120	708085106382	708085106382	1416170212765	0	0.000000	
layer0.attn.res	309576	311230	1654	32	0	0	0	1052672	526336	636440145102	318220072551	954660217654	0	0.000000	
layer0.ffn.rn	311230	311989	759	160	0	0	0	542784	526336	715130434782	693459815546	1408590250329	0	0.000000	
