OpName	StartCycle	EndCycle	TotalCycle	ComputeCycles	MemoryStalls	WeightLoadCycles	SystolicMemoryStalls	MemoryReads	MemoryWrites	ReadBandwidth	WriteBandwidth	TotalMemoryBandwidth	NumCalculation	NpuUtilization	
layer0.attn.QKVgen	151568	180618	29050	21631	0	0	0	25743680	8256	886185197934	284199655	886469397590	402653184	1.136147	
layer0.ffn.fc1	73904	110822	36918	27283	0	0	0	34148672	8256	924987052386	223630749	925210683135	536870912	1.201041	
layer0.ffn.swish	110822	110999	177	32	0	0	0	133120	133120	752090395480	752090395480	1504180790960	0	0.000000	
layer0.ffn.res	148792	150479	1687	32	0	0	0	1052672	526336	623990515708	311995257854	935985773562	0	0.000000	
layer0.ffn.fc2	110999	148792	37793	21367	0	0	0	33752384	8256	893085597862	218453152	893304051014	536870912	1.533580	
layer0.attn.proj	60301	70905	10604	5957	0	0	0	8438336	8256	795769143719	778574122	796547717842	134217728	1.375189	
layer0.ffn.rn	72805	73904	1099	160	0	0	0	542784	526336	493888989990	478922656960	972811646951	0	0.000000	
layer0.attn.rn	150479	151568	1089	160	0	0	0	542784	526336	498424242424	483320477502	981744719926	0	0.000000	
layer0.attn.res	70905	72805	1900	32	0	0	0	1052672	526336	554037894736	277018947368	831056842105	0	0.000000	
