OpName	StartCycle	EndCycle	TotalCycle	ComputeCycles	MemoryStalls	WeightLoadCycles	SystolicMemoryStalls	MemoryReads	MemoryWrites	ReadBandwidth	WriteBandwidth	TotalMemoryBandwidth	NumCalculation	NpuUtilization	
layer0.ffn.fc2	229027	266307	37280	20097	0	0	0	33752384	8256	905375107296	221459227	905596566523	536870912	1.630492	
layer0.ffn.swish	228846	229027	181	32	0	0	0	133120	133120	735469613259	735469613259	1470939226519	0	0.000000	
layer0.attn.QKVgen	269011	297833	28822	22393	0	0	0	25743680	8256	893195475678	286447852	893481923530	402653184	1.097486	
layer0.ffn.fc1	192013	228846	36833	26235	0	0	0	34148672	8256	927121657209	224146824	927345804034	536870912	1.249018	
layer0.ffn.res	266307	267433	1126	32	0	0	0	1052672	526336	934877442273	467438721136	1402316163410	0	0.000000	
layer0.attn.res	189053	190628	1575	32	0	0	0	1052672	526336	668363174603	334181587301	1002544761904	0	0.000000	
layer0.ffn.rn	190628	192013	1385	160	0	0	0	542784	526336	391901805054	380025992779	771927797833	0	0.000000	
layer0.attn.rn	267433	269011	1578	160	0	0	0	542784	526336	343969581749	333546261089	677515842839	0	0.000000	
layer0.attn.proj	179082	189053	9971	6211	0	0	0	8438336	8256	846287834720	828001203	847115835924	134217728	1.318950	
