OpName	StartCycle	EndCycle	TotalCycle	ComputeCycles	MemoryStalls	WeightLoadCycles	SystolicMemoryStalls	MemoryReads	MemoryWrites	ReadBandwidth	WriteBandwidth	TotalMemoryBandwidth	NumCalculation	NpuUtilization	
layer0.ffn.fc2	230925	268761	37836	20351	0	0	0	33752384	8256	892070620572	218204884	892288825457	536870912	1.610142	
layer0.ffn.swish	230744	230925	181	32	0	0	0	133120	133120	735469613259	735469613259	1470939226519	0	0.000000	
layer0.attn.QKVgen	271893	299891	27998	23552	0	0	0	25743680	8256	919482820201	294878205	919777698407	402653184	1.043478	
layer0.ffn.fc1	193426	230744	37318	26997	0	0	0	34148672	8256	915072404737	221233720	915293638458	536870912	1.213764	
layer0.ffn.res	268761	269960	1199	32	0	0	0	1052672	526336	877958298582	438979149291	1316937447873	0	0.000000	
layer0.attn.res	190814	192055	1241	32	0	0	0	1052672	526336	848244963738	424122481869	1272367445608	0	0.000000	
layer0.ffn.rn	192055	193426	1371	160	0	0	0	542784	526336	395903719912	383906637490	779810357403	0	0.000000	
layer0.attn.rn	269960	271893	1933	160	0	0	0	542784	526336	280798758406	272289705121	553088463528	0	0.000000	
layer0.attn.proj	180618	190814	10196	6973	0	0	0	8438336	8256	827612397018	809729305	828422126324	134217728	1.174817	
