OpName	StartCycle	EndCycle	TotalCycle	ComputeCycles	MemoryStalls	WeightLoadCycles	SystolicMemoryStalls	MemoryReads	MemoryWrites	ReadBandwidth	WriteBandwidth	TotalMemoryBandwidth	NumCalculation	NpuUtilization	
layer0.attn.QKVgen	150551	179082	28531	22647	0	0	0	25743680	8256	902305562370	289369457	902594931828	402653184	1.085177	
layer0.ffn.fc1	73671	110336	36665	27029	0	0	0	34148672	8256	931369753170	225173871	931594927042	536870912	1.212328	
layer0.ffn.swish	110336	110513	177	32	0	0	0	133120	133120	752090395480	752090395480	1504180790960	0	0.000000	
layer0.ffn.res	147778	149429	1651	32	0	0	0	1052672	526336	637596608116	318798304058	956394912174	0	0.000000	
layer0.ffn.fc2	110513	147778	37265	21113	0	0	0	33752384	8256	905739541124	221548369	905961089494	536870912	1.552030	
layer0.attn.proj	60414	70657	10243	6211	0	0	0	8438336	8256	823814897979	806013863	824620911842	134217728	1.318950	
layer0.ffn.rn	72539	73671	1132	160	0	0	0	542784	526336	479491166077	464961130742	944452296819	0	0.000000	
layer0.attn.rn	149429	150551	1122	160	0	0	0	542784	526336	483764705882	469105169340	952869875222	0	0.000000	
layer0.attn.res	70657	72539	1882	32	0	0	0	1052672	526336	559336875664	279668437832	839005313496	0	0.000000	
