OpName	StartCycle	EndCycle	TotalCycle	ComputeCycles	MemoryStalls	WeightLoadCycles	SystolicMemoryStalls	MemoryReads	MemoryWrites	ReadBandwidth	WriteBandwidth	TotalMemoryBandwidth	NumCalculation	NpuUtilization	
layer0.ffn.fc2	438760	475471	36711	21113	0	0	0	33752384	8256	919407915883	224891721	919632807605	536870912	1.552030	
layer0.ffn.rn	398456	399744	1288	160	0	0	0	542784	526336	421416149068	408645962732	830062111801	0	0.000000	
layer0.ffn.res	475471	476689	1218	32	0	0	0	1052672	526336	864262725779	432131362889	1296394088669	0	0.000000	
layer0.ffn.fc1	399744	438579	38835	26235	0	0	0	34148672	8256	879327204840	212591734	879539796575	536870912	1.249018	
layer0.attn.proj	384849	397018	12169	5449	0	0	0	8438336	8256	693428876653	678445229	694107321883	134217728	1.503395	
layer0.ffn.swish	438579	438760	181	32	0	0	0	133120	133120	735469613259	735469613259	1470939226519	0	0.000000	
layer0.attn.res	397018	398456	1438	32	0	0	0	1052672	526336	732038942976	366019471488	1098058414464	0	0.000000	
