OpName	StartCycle	EndCycle	TotalCycle	ComputeCycles	MemoryStalls	WeightLoadCycles	SystolicMemoryStalls	MemoryReads	MemoryWrites	ReadBandwidth	WriteBandwidth	TotalMemoryBandwidth	NumCalculation	NpuUtilization	
layer0.ffn.fc2	230658	268323	37665	20351	0	0	0	33752384	8256	896120642506	219195539	896339838045	536870912	1.610142	
layer0.ffn.swish	230476	230658	182	32	0	0	0	133120	133120	731428571428	731428571428	1462857142857	0	0.000000	
layer0.attn.QKVgen	270648	302021	31373	22822	0	0	0	25743680	8256	820568004334	263156217	820831160552	402653184	1.076856	
layer0.ffn.fc1	193014	230476	37462	28299	0	0	0	34148672	8256	911554962361	220383321	911775345683	536870912	1.157921	
layer0.ffn.res	268323	269782	1459	32	0	0	0	1052672	526336	721502398903	360751199451	1082253598355	0	0.000000	
layer0.attn.res	190760	191994	1234	32	0	0	0	1052672	526336	853056726094	426528363047	1279585089141	0	0.000000	
layer0.ffn.rn	191994	193014	1020	160	0	0	0	542784	526336	532141176470	516015686274	1048156862745	0	0.000000	
layer0.attn.rn	269782	270648	866	160	0	0	0	542784	526336	626771362586	607778290993	1234549653579	0	0.000000	
layer0.attn.proj	180536	190760	10224	6211	0	0	0	8438336	8256	825345852895	807511737	826153364632	134217728	1.318950	
