OpName	StartCycle	EndCycle	TotalCycle	ComputeCycles	MemoryStalls	WeightLoadCycles	SystolicMemoryStalls	MemoryReads	MemoryWrites	ReadBandwidth	WriteBandwidth	TotalMemoryBandwidth	NumCalculation	NpuUtilization	
layer0.ffn.fc1	314624	354480	39856	27140	0	0	0	34148672	8256	856801284624	207145724	857008430349	536870912	1.207369	
layer0.ffn.fc2	354662	390023	35361	22637	0	0	0	33752384	8256	954508752580	233477560	954742230140	536870912	1.447542	
layer0.attn.proj	302021	312224	10203	5449	0	0	0	8438336	8256	827044594727	809173772	827853768499	134217728	1.503395	
layer0.ffn.res	390023	391341	1318	32	0	0	0	1052672	526336	798688922610	399344461305	1198033383915	0	0.000000	
layer0.ffn.swish	354480	354662	182	32	0	0	0	133120	133120	731428571428	731428571428	1462857142857	0	0.000000	
layer0.attn.res	312224	313849	1625	32	0	0	0	1052672	526336	647798153846	323899076923	971697230769	0	0.000000	
layer0.ffn.rn	313849	314624	775	160	0	0	0	542784	526336	700366451612	679143225806	1379509677419	0	0.000000	
