OpName	StartCycle	EndCycle	TotalCycle	ComputeCycles	MemoryStalls	WeightLoadCycles	SystolicMemoryStalls	MemoryReads	MemoryWrites	ReadBandwidth	WriteBandwidth	TotalMemoryBandwidth	NumCalculation	NpuUtilization	
layer0.ffn.fc2	447023	482065	35042	25320	0	0	0	33752384	8256	963197990982	235602990	963433593972	536870912	1.294155	
layer0.ffn.rn	408164	409496	1332	160	0	0	0	542784	526336	407495495495	395147147147	802642642642	0	0.000000	
layer0.ffn.res	482065	483192	1127	32	0	0	0	1052672	526336	934047914818	467023957409	1401071872227	0	0.000000	
layer0.ffn.fc1	409496	446589	37093	25870	0	0	0	34148672	8256	920623082522	222575688	920845658210	536870912	1.266641	
layer0.attn.proj	394320	406842	12522	5703	0	0	0	8438336	8256	673880849704	659319597	674540169302	134217728	1.436437	
layer0.ffn.swish	446589	447023	434	32	0	0	0	133120	133120	306728110599	306728110599	613456221198	0	0.000000	
layer0.attn.res	406842	408164	1322	32	0	0	0	1052672	526336	796272314674	398136157337	1194408472012	0	0.000000	
