Stage	total_cycles	pim_cycles	mem_bw_util	
A	18454	0	50.910033	
B	226502	185862	9.028977	
C	101915	71356	43.381494	
D	228798	187537	22.735147	
E	100724	68765	34.566861	
F	54543	0	57.875781	
