Stage	total_cycles	pim_cycles	mem_bw_util	
A	18454	0	50.910033	
B	229873	190103	9.036376	
C	115687	68601	38.106810	
D	232196	192579	22.541032	
E	113361	67235	30.601078	
F	56145	0	56.224397	
