Stage	total_cycles	pim_cycles	mem_bw_util	
A	18454	0	50.910033	
B	226613	185596	9.068489	
C	124040	76108	35.954682	
D	229723	188302	22.687133	
E	122062	75277	28.840415	
F	55925	0	56.445574	
