Stage	total_cycles	pim_cycles	mem_bw_util	
A	18454	0	50.910033	
B	213254	179563	9.461223	
C	108527	69683	40.674153	
D	215152	181069	24.049625	
E	105406	67576	32.982764	
F	55980	0	56.390117	
