OpName	StartCycle	EndCycle	TotalCycle	ComputeCycles	MemoryStalls	WeightLoadCycles	SystolicMemoryStalls	MemoryReads	MemoryWrites	ReadBandwidth	WriteBandwidth	TotalMemoryBandwidth	NumCalculation	NpuUtilization	
layer0.ffn.fc1	377684	402047	24363	13332	0	0	0	9456256	131328	388140048434	5390469154	393530517588	1073741824	4.915692	
layer0.ffn.rn	372797	377684	4887	1280	0	0	0	1069120	1064960	218768160425	217916922447	436685082872	0	0.000000	
layer0.attn.res	369375	372797	3422	256	0	0	0	2129920	1064960	622419637638	311209818819	933629456458	0	0.000000	
layer0.ffn.res	427013	430112	3099	256	0	0	0	2129920	1064960	687292675056	343646337528	1030939012584	0	0.000000	
layer0.ffn.fc2	404178	427013	22835	13443	0	0	0	9456256	131328	414112371359	5751171447	419863542807	1073741824	4.875102	
layer0.attn.QKVgen	433879	451506	17627	11284	0	0	0	7355008	131328	417258070006	7450388608	424708458614	805306368	4.355902	
layer0.ffn.swish	402047	404178	2131	256	0	0	0	1064960	1064960	499746597841	499746597841	999493195682	0	0.000000	
layer0.attn.rn	430112	433879	3767	1280	0	0	0	1069120	1064960	283812052030	282707724980	566519777010	0	0.000000	
layer0.attn.proj	364010	369375	5365	4611	0	0	0	2364544	131328	440735135135	24478657968	465213793103	268435456	3.553242	
