OpName	StartCycle	EndCycle	TotalCycle	ComputeCycles	MemoryStalls	WeightLoadCycles	SystolicMemoryStalls	MemoryReads	MemoryWrites	ReadBandwidth	WriteBandwidth	TotalMemoryBandwidth	NumCalculation	NpuUtilization	
layer0.ffn.fc1	248432	271902	23470	13189	0	0	0	9456256	131328	402908223263	5595568811	408503792074	1073741824	4.968989	
layer0.ffn.res	298134	301757	3623	256	0	0	0	2129920	1064960	587888490201	293944245100	881832735302	0	0.000000	
layer0.attn.res	237126	240667	3541	256	0	0	0	2129920	1064960	601502400451	300751200225	902253600677	0	0.000000	
layer0.attn.proj	231705	237126	5421	4103	0	0	0	2364544	131328	436182254196	24225788599	460408042796	268435456	3.993176	
layer0.attn.rn	301757	305179	3422	1280	0	0	0	1069120	1064960	312425482174	311209818819	623635300993	0	0.000000	
layer0.ffn.fc2	276214	298134	21920	15110	0	0	0	9437696	131328	430551824817	5991240875	436543065693	1073741824	4.337260	
layer0.ffn.rn	240667	248432	7765	1280	0	0	0	1069120	1064960	137684481648	137148744365	274833226014	0	0.000000	
layer0.attn.QKVgen	305179	329297	24118	10633	0	0	0	7355008	131328	304959283522	5445227630	310404511153	805306368	4.622590	
layer0.ffn.swish	271902	276214	4312	256	0	0	0	1064960	1064960	246975881261	246975881261	493951762523	0	0.000000	
