OpName	StartCycle	EndCycle	TotalCycle	ComputeCycles	MemoryStalls	WeightLoadCycles	SystolicMemoryStalls	MemoryReads	MemoryWrites	ReadBandwidth	WriteBandwidth	TotalMemoryBandwidth	NumCalculation	NpuUtilization	
layer0.attn.rn	18452	20843	2391	1280	0	0	0	1069120	1064960	447143454621	445403596821	892547051442	0	0.000000	
layer0.attn.QKVgen	20843	39855	19012	12046	0	0	0	7355008	131328	386861350725	6907637281	393768988007	805306368	4.080359	
