OpName	StartCycle	EndCycle	TotalCycle	ComputeCycles	MemoryStalls	WeightLoadCycles	SystolicMemoryStalls	MemoryReads	MemoryWrites	ReadBandwidth	WriteBandwidth	TotalMemoryBandwidth	NumCalculation	NpuUtilization	
layer0.attn.res	680860	683604	2744	256	0	0	0	2129920	1064960	776209912536	388104956268	1164314868804	0	0.000000	
layer0.ffn.res	728535	730929	2394	256	0	0	0	2129920	1064960	889690893901	444845446950	1334536340852	0	0.000000	
layer0.ffn.fc1	686141	705779	19638	12681	0	0	0	9456256	131328	481528465220	6687442713	488215907933	1073741824	5.168047	
layer0.ffn.swish	705779	707369	1590	256	0	0	0	1064960	1064960	669786163522	669786163522	1339572327044	0	0.000000	
layer0.ffn.fc2	707369	728535	21166	14094	0	0	0	9456256	131328	446766323348	6204667863	452970991212	1073741824	4.649922	
layer0.attn.proj	676387	680860	4473	3849	0	0	0	2364544	131328	528625978090	29360160965	557986139056	268435456	4.256690	
layer0.ffn.rn	683604	686141	2537	1280	0	0	0	1069120	1064960	421411115490	419771383523	841182499014	0	0.000000	
