OpName	StartCycle	EndCycle	TotalCycle	ComputeCycles	MemoryStalls	WeightLoadCycles	SystolicMemoryStalls	MemoryReads	MemoryWrites	ReadBandwidth	WriteBandwidth	TotalMemoryBandwidth	NumCalculation	NpuUtilization	
layer0.ffn.fc1	383778	407792	24014	14205	0	0	0	9456256	131328	393780961106	5468809860	399249770966	1073741824	4.613587	
layer0.ffn.rn	381977	383778	1801	1280	0	0	0	1069120	1064960	593625763464	591315935591	1184941699056	0	0.000000	
layer0.attn.res	374215	381977	7762	256	0	0	0	2129920	1064960	274403504251	137201752125	411605256377	0	0.000000	
layer0.ffn.res	434343	437914	3571	256	0	0	0	2129920	1064960	596449173900	298224586950	894673760851	0	0.000000	
layer0.ffn.fc2	409998	434343	24345	13697	0	0	0	9456256	131328	388427028137	5394454713	393821482850	1073741824	4.784697	
layer0.attn.QKVgen	440292	459959	19667	12300	0	0	0	7355008	131328	373977119031	6677581735	380654700767	805306368	3.996098	
layer0.ffn.swish	407792	409998	2206	256	0	0	0	1064960	1064960	482756119673	482756119673	965512239347	0	0.000000	
layer0.attn.rn	437914	440292	2378	1280	0	0	0	1069120	1064960	449587888982	447838519764	897426408746	0	0.000000	
layer0.attn.proj	369103	374215	5112	4357	0	0	0	2364544	131328	462547730829	25690140845	488237871674	268435456	3.760386	
