OpName	StartCycle	EndCycle	TotalCycle	ComputeCycles	MemoryStalls	WeightLoadCycles	SystolicMemoryStalls	MemoryReads	MemoryWrites	ReadBandwidth	WriteBandwidth	TotalMemoryBandwidth	NumCalculation	NpuUtilization	
layer0.ffn.fc1	262713	281812	19099	13840	0	0	0	9456256	131328	495117859573	6876171527	501994031101	1073741824	4.735260	
layer0.ffn.res	309890	313249	3359	256	0	0	0	2129920	1064960	634093480202	317046740101	951140220303	0	0.000000	
layer0.attn.res	250374	254033	3659	256	0	0	0	2129920	1064960	582104400109	291052200054	873156600163	0	0.000000	
layer0.attn.proj	244953	250374	5421	4246	0	0	0	2364544	131328	436182254196	24225788599	460408042796	268435456	3.858691	
layer0.attn.rn	313249	315724	2475	1280	0	0	0	1069120	1064960	431967676767	430286868686	862254545454	0	0.000000	
layer0.ffn.fc2	287971	309890	21919	13951	0	0	0	9456256	131328	431418221634	5991514211	437409735845	1073741824	4.697584	
layer0.ffn.rn	254033	262713	8680	1280	0	0	0	1069120	1064960	123170506912	122691244239	245861751152	0	0.000000	
layer0.attn.QKVgen	315724	340415	24691	13062	0	0	0	7355008	131328	297882143291	5318861123	303201004414	805306368	3.762977	
layer0.ffn.swish	281812	287971	6159	256	0	0	0	1064960	1064960	172911186880	172911186880	345822373761	0	0.000000	
