OpName	StartCycle	EndCycle	TotalCycle	ComputeCycles	MemoryStalls	WeightLoadCycles	SystolicMemoryStalls	MemoryReads	MemoryWrites	ReadBandwidth	WriteBandwidth	TotalMemoryBandwidth	NumCalculation	NpuUtilization	
layer0.attn.res	725346	728313	2967	256	0	0	0	2129920	1064960	717869902258	358934951129	1076804853387	0	0.000000	
layer0.ffn.res	774139	776810	2671	256	0	0	0	2129920	1064960	797424185698	398712092849	1196136278547	0	0.000000	
layer0.ffn.fc1	730280	751451	21171	14094	0	0	0	9456256	131328	446660809598	6203202493	452864012092	1073741824	4.649922	
layer0.ffn.swish	751451	753015	1564	256	0	0	0	1064960	1064960	680920716112	680920716112	1361841432225	0	0.000000	
layer0.ffn.fc2	753015	774139	21124	13840	0	0	0	9456256	131328	447654610869	6217004355	453871615224	1073741824	4.735260	
layer0.attn.proj	720886	725346	4460	3849	0	0	0	2364544	131328	530166816143	29445739910	559612556053	268435456	4.256690	
layer0.ffn.rn	728313	730280	1967	1280	0	0	0	1069120	1064960	543528215556	541413319776	1084941535332	0	0.000000	
