OpName	StartCycle	EndCycle	TotalCycle	ComputeCycles	MemoryStalls	WeightLoadCycles	SystolicMemoryStalls	MemoryReads	MemoryWrites	ReadBandwidth	WriteBandwidth	TotalMemoryBandwidth	NumCalculation	NpuUtilization	
layer0.attn.proj	555382	561400	6018	3595	0	0	0	2364544	131328	392911930874	21822532402	414734463276	268435456	4.557441	
layer0.ffn.fc2	592685	615470	22785	13078	0	0	0	9456256	131328	415021110379	5763791968	420784902348	1073741824	5.011164	
layer0.ffn.swish	590182	592685	2503	256	0	0	0	1064960	1064960	425473431881	425473431881	850946863763	0	0.000000	
layer0.ffn.fc1	568268	590182	21914	13189	0	0	0	9456256	131328	431516656018	5992881263	437509537282	1073741824	4.968989	
layer0.ffn.res	615470	631673	16203	256	0	0	0	2129920	1064960	131452200209	65726100104	197178300314	0	0.000000	
layer0.ffn.rn	564975	568268	3293	1280	0	0	0	1069120	1064960	324664439720	323401153962	648065593683	0	0.000000	
layer0.attn.res	561400	564975	3575	256	0	0	0	2129920	1064960	595781818181	297890909090	893672727272	0	0.000000	
