OpName	StartCycle	EndCycle	TotalCycle	ComputeCycles	MemoryStalls	WeightLoadCycles	SystolicMemoryStalls	MemoryReads	MemoryWrites	ReadBandwidth	WriteBandwidth	TotalMemoryBandwidth	NumCalculation	NpuUtilization	
layer0.attn.res	665457	667842	2385	256	0	0	0	2129920	1064960	893048218029	446524109014	1339572327044	0	0.000000	
layer0.ffn.res	714247	716766	2519	256	0	0	0	2129920	1064960	845541881699	422770940849	1268312822548	0	0.000000	
layer0.ffn.fc1	670123	691771	21648	14094	0	0	0	9456256	131328	436818920916	6066518847	442885439763	1073741824	4.649922	
layer0.ffn.swish	691771	693355	1584	256	0	0	0	1064960	1064960	672323232323	672323232323	1344646464646	0	0.000000	
layer0.ffn.fc2	693355	714247	20892	12935	0	0	0	9456256	131328	452625694045	6286042504	458911736549	1073741824	5.066564	
layer0.attn.proj	660787	665457	4670	3849	0	0	0	2364544	131328	506326338329	28121627408	534447965738	268435456	4.256690	
layer0.ffn.rn	667842	670123	2281	1280	0	0	0	1069120	1064960	468706707584	466882946076	935589653660	0	0.000000	
