OpName	StartCycle	EndCycle	TotalCycle	ComputeCycles	MemoryStalls	WeightLoadCycles	SystolicMemoryStalls	MemoryReads	MemoryWrites	ReadBandwidth	WriteBandwidth	TotalMemoryBandwidth	NumCalculation	NpuUtilization	
layer0.ffn.fc1	361052	385421	24369	14856	0	0	0	9456256	131328	388044482744	5389141942	393433624687	1073741824	4.411416	
layer0.ffn.rn	355983	361052	5069	1280	0	0	0	1069120	1064960	210913395146	210092720457	421006115604	0	0.000000	
layer0.attn.res	352010	355983	3973	256	0	0	0	2129920	1064960	536098665995	268049332997	804147998993	0	0.000000	
layer0.ffn.res	411878	415814	3936	256	0	0	0	2129920	1064960	541138211382	270569105691	811707317073	0	0.000000	
layer0.ffn.fc2	388627	411878	23251	13189	0	0	0	9456256	131328	406703195561	5648273192	412351468754	1073741824	4.968989	
layer0.attn.QKVgen	418485	437546	19061	12189	0	0	0	7355008	131328	385866848538	6889879859	392756728398	805306368	4.032488	
layer0.ffn.swish	385421	388627	3206	256	0	0	0	1064960	1064960	332177167810	332177167810	664354335620	0	0.000000	
layer0.attn.rn	415814	418485	2671	1280	0	0	0	1069120	1064960	400269561961	398712092849	798981654810	0	0.000000	
layer0.attn.proj	346867	352010	5143	3849	0	0	0	2364544	131328	459759673342	25535290686	485294964028	268435456	4.256690	
