OpName	StartCycle	EndCycle	TotalCycle	ComputeCycles	MemoryStalls	WeightLoadCycles	SystolicMemoryStalls	MemoryReads	MemoryWrites	ReadBandwidth	WriteBandwidth	TotalMemoryBandwidth	NumCalculation	NpuUtilization	
layer0.attn.proj	596205	601702	5497	4357	0	0	0	2364544	131328	430151719119	23890849554	454042568673	268435456	3.760386	
layer0.ffn.fc2	634609	657138	22529	13189	0	0	0	9456256	131328	419737050024	5829286697	425566336721	1073741824	4.968989	
layer0.ffn.swish	632319	634609	2290	256	0	0	0	1064960	1064960	465048034934	465048034934	930096069868	0	0.000000	
layer0.ffn.fc1	608565	632319	23754	13840	0	0	0	9456256	131328	398091100446	5528668855	403619769302	1073741824	4.735260	
layer0.ffn.res	657138	673881	16743	256	0	0	0	2129920	1064960	127212566445	63606283222	190818849668	0	0.000000	
layer0.ffn.rn	605714	608565	2851	1280	0	0	0	1069120	1064960	374998246229	373539109084	748537355313	0	0.000000	
layer0.attn.res	601702	605714	4012	256	0	0	0	2129920	1064960	530887337986	265443668993	796331006979	0	0.000000	
