OpName	StartCycle	EndCycle	TotalCycle	ComputeCycles	MemoryStalls	WeightLoadCycles	SystolicMemoryStalls	MemoryReads	MemoryWrites	ReadBandwidth	WriteBandwidth	TotalMemoryBandwidth	NumCalculation	NpuUtilization	
layer0.attn.rn	18452	20678	2226	1280	0	0	0	1069120	1064960	480287511230	478418688230	958706199460	0	0.000000	
layer0.attn.QKVgen	20678	40478	19800	12300	0	0	0	7355008	131328	371465050505	6632727272	378097777777	805306368	3.996098	
