OpName	StartCycle	EndCycle	TotalCycle	ComputeCycles	MemoryStalls	WeightLoadCycles	SystolicMemoryStalls	MemoryReads	MemoryWrites	ReadBandwidth	WriteBandwidth	TotalMemoryBandwidth	NumCalculation	NpuUtilization	
layer0.attn.rn	18452	20660	2208	1280	0	0	0	1069120	1064960	484202898550	482318840579	966521739130	0	0.000000	
layer0.attn.QKVgen	20660	38909	18249	12157	0	0	0	7355008	131328	403036221162	7196449120	410232670283	805306368	4.043103	
