OpName	StartCycle	EndCycle	TotalCycle	ComputeCycles	MemoryStalls	WeightLoadCycles	SystolicMemoryStalls	MemoryReads	MemoryWrites	ReadBandwidth	WriteBandwidth	TotalMemoryBandwidth	NumCalculation	NpuUtilization	
layer0.ffn.fc1	262176	285580	23404	13586	0	0	0	9456256	131328	404044436848	5611348487	409655785335	1073741824	4.823789	
layer0.ffn.res	314538	318003	3465	256	0	0	0	2129920	1064960	614695526695	307347763347	922043290043	0	0.000000	
layer0.attn.res	250607	254348	3741	256	0	0	0	2129920	1064896	569345094894	284655439721	854000534616	0	0.000000	
layer0.attn.proj	245064	250607	5543	3992	0	0	0	2364544	131328	426581995309	23692585242	450274580552	268435456	4.104208	
layer0.attn.rn	318003	320604	2601	1280	0	0	0	1069120	1064960	411041906958	409442522106	820484429065	0	0.000000	
layer0.ffn.fc2	291654	314538	22884	13697	0	0	0	9456256	131328	413225659849	5738856843	418964516692	1073741824	4.784697	
layer0.ffn.rn	254348	262176	7828	1280	0	0	0	1069120	1064960	136576392437	136044966785	272621359223	0	0.000000	
layer0.attn.QKVgen	320604	345189	24585	11792	0	0	0	7355008	131328	299166483628	5341793776	304508277404	805306368	4.168250	
layer0.ffn.swish	285580	291654	6074	256	0	0	0	1064960	1064960	175330918669	175330918669	350661837339	0	0.000000	
