OpName	StartCycle	EndCycle	TotalCycle	ComputeCycles	MemoryStalls	WeightLoadCycles	SystolicMemoryStalls	MemoryReads	MemoryWrites	ReadBandwidth	WriteBandwidth	TotalMemoryBandwidth	NumCalculation	NpuUtilization	
layer0.attn.proj	575664	581000	5336	4103	0	0	0	2364544	131328	443130434782	24611694152	467742128935	268435456	3.993176	
layer0.ffn.fc2	613344	636600	23256	12681	0	0	0	9456256	131328	406615755073	5647058823	412262813897	1073741824	5.168047	
layer0.ffn.swish	611402	613344	1942	256	0	0	0	1064960	1064896	548383110195	548350154479	1096733264675	0	0.000000	
layer0.ffn.fc1	587394	611402	24008	13840	0	0	0	9456256	131328	393879373542	5470176607	399349550149	1073741824	4.735260	
layer0.ffn.res	636600	653114	16514	256	0	0	0	2129920	1064960	128976625893	64488312946	193464938839	0	0.000000	
layer0.ffn.rn	584153	587394	3241	1280	0	0	0	1069120	1064960	329873495834	328589941376	658463437210	0	0.000000	
layer0.attn.res	581000	584153	3153	256	0	0	0	2129920	1064960	675521725340	337760862670	1013282588011	0	0.000000	
