OpName	StartCycle	EndCycle	TotalCycle	ComputeCycles	MemoryStalls	WeightLoadCycles	SystolicMemoryStalls	MemoryReads	MemoryWrites	ReadBandwidth	WriteBandwidth	TotalMemoryBandwidth	NumCalculation	NpuUtilization	
layer0.ffn.fc1	265384	288832	23448	12570	0	0	0	9456256	131328	403286250426	5600818833	408887069259	1073741824	5.213683	
layer0.ffn.res	310860	314211	3351	256	0	0	0	2129920	1064960	635607281408	317803640704	953410922112	0	0.000000	
layer0.attn.res	253384	257063	3679	256	0	0	0	2129920	1064960	578939929328	289469964664	868409893992	0	0.000000	
layer0.attn.proj	248324	253384	5060	3595	0	0	0	2364544	131328	467301185770	25954150197	493255335968	268435456	4.557441	
layer0.attn.rn	314211	316520	2309	1280	0	0	0	1069120	1064960	463022953659	461221307925	924244261585	0	0.000000	
layer0.ffn.fc2	291053	310860	19807	13443	0	0	0	9456256	131328	477419902054	6630383197	484050285252	1073741824	4.875102	
layer0.ffn.rn	257063	265384	8321	1280	0	0	0	1069120	1064960	128484557144	127984617233	256469174378	0	0.000000	
layer0.attn.QKVgen	316520	340842	24322	12046	0	0	0	7355008	131328	302401447249	5399555957	307801003206	805306368	4.080359	
layer0.ffn.swish	288832	291053	2221	256	0	0	0	1064960	1064960	479495722647	479495722647	958991445294	0	0.000000	
