OpName	StartCycle	EndCycle	TotalCycle	ComputeCycles	MemoryStalls	WeightLoadCycles	SystolicMemoryStalls	MemoryReads	MemoryWrites	ReadBandwidth	WriteBandwidth	TotalMemoryBandwidth	NumCalculation	NpuUtilization	
layer0.attn.rn	18452	20742	2290	1280	0	0	0	1069120	1064960	466864628820	465048034934	931912663755	0	0.000000	
layer0.attn.QKVgen	20742	39525	18783	12046	0	0	0	7355008	131328	391577916200	6991854336	398569770537	805306368	4.080359	
