OpName	StartCycle	EndCycle	TotalCycle	ComputeCycles	MemoryStalls	WeightLoadCycles	SystolicMemoryStalls	MemoryReads	MemoryWrites	ReadBandwidth	WriteBandwidth	TotalMemoryBandwidth	NumCalculation	NpuUtilization	
layer0.attn.res	714241	716703	2462	256	0	0	0	2129920	1064960	865117790414	432558895207	1297676685621	0	0.000000	
layer0.ffn.res	763473	765709	2236	256	0	0	0	2129920	1064960	952558139534	476279069767	1428837209302	0	0.000000	
layer0.ffn.fc1	718950	740497	21547	13697	0	0	0	9456256	131328	438866477931	6094955214	444961433146	1073741824	4.784697	
layer0.ffn.swish	740497	742329	1832	256	0	0	0	1064960	1064960	581310043668	581310043668	1162620087336	0	0.000000	
layer0.ffn.fc2	742329	763473	21144	12681	0	0	0	9456256	131328	447231176693	6211123723	453442300416	1073741824	5.168047	
layer0.attn.proj	709565	714241	4676	3849	0	0	0	2364544	131328	505676646706	28085543199	533762189905	268435456	4.256690	
layer0.ffn.rn	716703	718950	2247	1280	0	0	0	1069120	1064960	475798842901	473947485536	949746328437	0	0.000000	
