OpName	StartCycle	EndCycle	TotalCycle	ComputeCycles	MemoryStalls	WeightLoadCycles	SystolicMemoryStalls	MemoryReads	MemoryWrites	ReadBandwidth	WriteBandwidth	TotalMemoryBandwidth	NumCalculation	NpuUtilization	
layer0.ffn.fc1	350961	374434	23473	13443	0	0	0	9456256	131328	402856729007	5594853661	408451582669	1073741824	4.875102	
layer0.ffn.rn	347999	350961	2962	1280	0	0	0	1069120	1064960	360945307224	359540850776	720486158001	0	0.000000	
layer0.attn.res	344973	347999	3026	256	0	0	0	2129920	1064960	703873099801	351936549900	1055809649702	0	0.000000	
layer0.ffn.res	400328	404468	4140	256	0	0	0	2129920	1064960	514473429951	257236714975	771710144927	0	0.000000	
layer0.ffn.fc2	376318	400328	24010	14348	0	0	0	9456256	131328	393846563931	5469720949	399316284881	1073741824	4.567605	
layer0.attn.QKVgen	408197	427229	19032	11141	0	0	0	7355008	131328	386454812946	6900378310	393355191256	805306368	4.411812	
layer0.ffn.swish	374434	376318	1884	256	0	0	0	1064960	1064960	565265392781	565265392781	1130530785562	0	0.000000	
layer0.attn.rn	404468	408197	3729	1280	0	0	0	1069120	1064960	286704210244	285588629659	572292839903	0	0.000000	
layer0.attn.proj	340231	344973	4742	4246	0	0	0	2364544	131328	498638549135	27694643610	526333192745	268435456	3.858691	
