OpName	StartCycle	EndCycle	TotalCycle	ComputeCycles	MemoryStalls	WeightLoadCycles	SystolicMemoryStalls	MemoryReads	MemoryWrites	ReadBandwidth	WriteBandwidth	TotalMemoryBandwidth	NumCalculation	NpuUtilization	
layer0.attn.proj	598825	604146	5321	4103	0	0	0	2364544	131328	444379627889	24681074985	469060702875	268435456	3.993176	
layer0.ffn.fc2	636870	660800	23930	13697	0	0	0	9456256	131328	395163226076	5488006686	400651232762	1073741824	4.784697	
layer0.ffn.swish	634710	636870	2160	256	0	0	0	1064960	1064960	493037037037	493037037037	986074074074	0	0.000000	
layer0.ffn.fc1	610522	634710	24188	13443	0	0	0	9456256	131328	390948238796	5429469158	396377707954	1073741824	4.875102	
layer0.ffn.res	660800	664112	3312	256	0	0	0	2129920	1064960	643091787439	321545893719	964637681159	0	0.000000	
layer0.ffn.rn	607703	610522	2819	1280	0	0	0	1069120	1064896	379255054984	377756651294	757011706278	0	0.000000	
layer0.attn.res	604146	607703	3557	256	0	0	0	2129920	1064896	598796738824	299380376721	898177115546	0	0.000000	
