Stage	total_cycles	pim_cycles	mem_bw_util	
A	33060	0	83.909369	
B	50730	27430	56.639070	
C	137408	17536	81.761661	
D	138278	28470	81.548357	
E	105294	17094	80.352869	
F	98052	0	85.699871	
