Stage	total_cycles	pim_cycles	mem_bw_util	
A	33060	0	83.909369	
B	50116	28640	57.412179	
C	136856	16304	82.055363	
D	139394	30422	80.923946	
E	105338	16067	80.272136	
F	97823	0	85.900491	
