Stage	total_cycles	pim_cycles	mem_bw_util	
A	33060	0	83.909369	
B	44136	24867	64.850830	
C	135880	15583	82.625432	
D	137894	25430	81.695406	
E	100529	14749	84.086122	
F	98008	0	85.738345	
