Stage	total_cycles	pim_cycles	mem_bw_util	
A	33060	0	83.909369	
B	49396	25054	57.962310	
C	134669	11509	83.270881	
D	136062	25722	82.801682	
E	98150	11544	85.990321	
F	97668	0	86.036816	
