OpName	StartCycle	EndCycle	TotalCycle	ComputeCycles	MemoryStalls	WeightLoadCycles	SystolicMemoryStalls	MemoryReads	MemoryWrites	ReadBandwidth	WriteBandwidth	TotalMemoryBandwidth	NumCalculation	NpuUtilization	
layer0.attn.res	472609	474987	2378	64	0	0	0	2105344	1052672	885342304457	442671152228	1328013456686	0	0.000000	
layer0.ffn.rn	474987	477209	2222	320	0	0	0	1069120	1052672	481152115211	473749774977	954901890189	0	0.000000	
layer0.attn.proj	459456	472609	13153	6719	0	0	0	8471104	16448	644043488177	1250513190	645294001368	268435456	2.438458	
layer0.ffn.fc2	517847	554429	36582	22383	0	0	0	33883456	16448	926233010770	449620031	926682630802	1073741824	2.927936	
layer0.ffn.swish	517510	517847	337	64	0	0	0	266240	266240	790029673590	790029673590	1580059347181	0	0.000000	
layer0.ffn.fc1	477209	517510	40301	28442	0	0	0	34672960	16448	860349867248	408128830	860757996079	1073741824	2.304198	
layer0.ffn.res	554429	556915	2486	64	0	0	0	2105344	1052672	846880128720	423440064360	1270320193081	0	0.000000	
