OpName	StartCycle	EndCycle	TotalCycle	ComputeCycles	MemoryStalls	WeightLoadCycles	SystolicMemoryStalls	MemoryReads	MemoryWrites	ReadBandwidth	WriteBandwidth	TotalMemoryBandwidth	NumCalculation	NpuUtilization	
layer0.ffn.fc1	100041	141750	41709	26235	0	0	0	34672960	16448	831306432664	394351339	831700784003	1073741824	2.498037	
layer0.ffn.res	179258	182096	2838	64	0	0	0	2105344	1052672	741840732910	370920366455	1112761099365	0	0.000000	
layer0.attn.res	94339	97146	2807	64	0	0	0	2105344	1052672	750033487709	375016743854	1125050231563	0	0.000000	
layer0.attn.proj	82453	94339	11886	8275	0	0	0	8471104	16448	712695944809	1383812889	714079757698	268435456	1.979940	
layer0.attn.rn	182096	184076	1980	320	0	0	0	1069120	1052672	539959595959	531652525252	1071612121212	0	0.000000	
layer0.ffn.fc2	142075	179258	37183	20859	0	0	0	33883456	16448	911262028346	442352688	911704381034	1073741824	3.141857	
layer0.ffn.rn	97146	100041	2895	320	0	0	0	1069120	1052672	369298791018	363617271157	732916062176	0	0.000000	
layer0.attn.QKVgen	184076	217121	33045	22965	0	0	0	26267968	16448	794915055227	497745498	795412800726	805306368	2.140300	
layer0.ffn.swish	141750	142075	325	64	0	0	0	266240	266240	819200000000	819200000000	1638400000000	0	0.000000	
