OpName	StartCycle	EndCycle	TotalCycle	ComputeCycles	MemoryStalls	WeightLoadCycles	SystolicMemoryStalls	MemoryReads	MemoryWrites	ReadBandwidth	WriteBandwidth	TotalMemoryBandwidth	NumCalculation	NpuUtilization	
layer0.ffn.rn	375618	377762	2144	320	0	0	0	1069120	1052672	498656716417	490985074626	989641791044	0	0.000000	
layer0.ffn.swish	424164	424491	327	64	0	0	0	266240	266240	814189602446	814189602446	1628379204892	0	0.000000	
layer0.ffn.res	461926	464764	2838	64	0	0	0	2105344	1052672	741840732910	370920366455	1112761099365	0	0.000000	
layer0.ffn.fc1	377762	424164	46402	28156	0	0	0	34672960	16448	747229860781	354467479	747584328261	1073741824	2.327603	
layer0.attn.proj	359471	371780	12309	6973	0	0	0	8471104	16448	688204078316	1336258022	689540336339	268435456	2.349634	
layer0.ffn.fc2	424491	461926	37435	21875	0	0	0	33883456	16448	905127714705	439374916	905567089622	1073741824	2.995931	
layer0.attn.res	371780	375618	3838	64	0	0	0	2105344	1052672	548552371026	274276185513	822828556539	0	0.000000	
