OpName	StartCycle	EndCycle	TotalCycle	ComputeCycles	MemoryStalls	WeightLoadCycles	SystolicMemoryStalls	MemoryReads	MemoryWrites	ReadBandwidth	WriteBandwidth	TotalMemoryBandwidth	NumCalculation	NpuUtilization	
layer0.attn.res	464995	467291	2296	64	0	0	0	2105344	1052672	916961672473	458480836236	1375442508710	0	0.000000	
layer0.ffn.rn	467291	469572	2281	320	0	0	0	1069120	1052672	468706707584	461495835160	930202542744	0	0.000000	
layer0.attn.proj	451493	464995	13502	6211	0	0	0	8471104	16448	627396237594	1218189897	628614427492	268435456	2.637900	
layer0.ffn.fc2	510373	547229	36856	22129	0	0	0	33883456	16448	919347080529	446277403	919793357933	1073741824	2.961544	
layer0.ffn.swish	510006	510373	367	64	0	0	0	266240	266240	725449591280	725449591280	1450899182561	0	0.000000	
layer0.ffn.fc1	469572	510006	40434	27029	0	0	0	34672960	16448	857519908987	406786367	857926695355	1073741824	2.424655	
layer0.ffn.res	547229	549500	2271	64	0	0	0	2105344	1052672	927055922501	463527961250	1390583883751	0	0.000000	
