OpName	StartCycle	EndCycle	TotalCycle	ComputeCycles	MemoryStalls	WeightLoadCycles	SystolicMemoryStalls	MemoryReads	MemoryWrites	ReadBandwidth	WriteBandwidth	TotalMemoryBandwidth	NumCalculation	NpuUtilization	
layer0.attn.rn	33058	35098	2040	320	0	0	0	1069120	1052672	524078431372	516015686274	1040094117647	0	0.000000	
layer0.attn.QKVgen	35098	73028	37930	23949	0	0	0	26267968	16448	692538043764	433640917	692971684682	805306368	2.052361	
