OpName	StartCycle	EndCycle	TotalCycle	ComputeCycles	MemoryStalls	WeightLoadCycles	SystolicMemoryStalls	MemoryReads	MemoryWrites	ReadBandwidth	WriteBandwidth	TotalMemoryBandwidth	NumCalculation	NpuUtilization	
layer0.ffn.rn	367971	371313	3342	320	0	0	0	1069120	1052672	319904248952	314982645122	634886894075	0	0.000000	
layer0.ffn.swish	411497	411887	390	64	0	0	0	266240	266240	682666666666	682666666666	1365333333333	0	0.000000	
layer0.ffn.res	448759	451331	2572	64	0	0	0	2105344	1052672	818562986003	409281493001	1227844479004	0	0.000000	
layer0.ffn.fc1	371313	411497	40184	27251	0	0	0	34672960	16448	862854867608	409317141	863264184750	1073741824	2.404903	
layer0.attn.proj	353182	365073	11891	7116	0	0	0	8471104	16448	712396266083	1383231015	713779497098	268435456	2.302417	
layer0.ffn.fc2	411887	448759	36872	22129	0	0	0	33883456	16448	918948144933	446083749	919394228683	1073741824	2.961544	
layer0.attn.res	365073	367971	2898	64	0	0	0	2105344	1052672	726481711525	363240855762	1089722567287	0	0.000000	
