OpName	StartCycle	EndCycle	TotalCycle	ComputeCycles	MemoryStalls	WeightLoadCycles	SystolicMemoryStalls	MemoryReads	MemoryWrites	ReadBandwidth	WriteBandwidth	TotalMemoryBandwidth	NumCalculation	NpuUtilization	
layer0.attn.res	464200	466888	2688	64	0	0	0	2105344	1052672	783238095238	391619047619	1174857142857	0	0.000000	
layer0.ffn.rn	466888	469397	2509	320	0	0	0	1069120	1052672	426113989637	419558389796	845672379434	0	0.000000	
layer0.attn.proj	451331	464200	12869	6719	0	0	0	8471104	16448	658256585593	1278110187	659534695780	268435456	2.438458	
layer0.ffn.fc2	509856	546431	36575	21113	0	0	0	33883456	16448	926410280246	449706083	926859986329	1073741824	3.104059	
layer0.ffn.swish	509508	509856	348	64	0	0	0	266240	266240	765057471264	765057471264	1530114942528	0	0.000000	
layer0.ffn.fc1	469397	509508	40111	27283	0	0	0	34672960	16448	864425220014	410062077	864835282092	1073741824	2.402082	
layer0.ffn.res	546431	548998	2567	64	0	0	0	2105344	1052672	820157382158	410078691079	1230236073237	0	0.000000	
