OpName	StartCycle	EndCycle	TotalCycle	ComputeCycles	MemoryStalls	WeightLoadCycles	SystolicMemoryStalls	MemoryReads	MemoryWrites	ReadBandwidth	WriteBandwidth	TotalMemoryBandwidth	NumCalculation	NpuUtilization	
layer0.attn.rn	33058	34956	1898	320	0	0	0	1069120	1052672	563287671232	554621707060	1117909378292	0	0.000000	
layer0.attn.QKVgen	34956	71712	36756	23584	0	0	0	26267968	16448	714657960605	447491566	715105452171	805306368	2.084125	
