OpName	StartCycle	EndCycle	TotalCycle	ComputeCycles	MemoryStalls	WeightLoadCycles	SystolicMemoryStalls	MemoryReads	MemoryWrites	ReadBandwidth	WriteBandwidth	TotalMemoryBandwidth	NumCalculation	NpuUtilization	
layer0.ffn.rn	374413	377127	2714	320	0	0	0	1069120	1052672	393927781871	387867354458	781795136330	0	0.000000	
layer0.ffn.swish	423909	424252	343	64	0	0	0	266240	266240	776209912536	776209912536	1552419825072	0	0.000000	
layer0.ffn.res	461862	464758	2896	64	0	0	0	2105344	1052672	726983425414	363491712707	1090475138121	0	0.000000	
layer0.ffn.fc1	377127	423909	46782	29426	0	0	0	34672960	16448	741160275319	351588217	741511863537	1073741824	2.227146	
layer0.attn.proj	359421	371361	11940	6719	0	0	0	8471104	16448	709472696817	1377554438	710850251256	268435456	2.438458	
layer0.ffn.fc2	424252	461862	37610	21367	0	0	0	33883456	16448	900916139324	437330497	901353469821	1073741824	3.067160	
layer0.attn.res	371361	374413	3052	64	0	0	0	2105344	1052672	689824377457	344912188728	1034736566186	0	0.000000	
