OpName	StartCycle	EndCycle	TotalCycle	ComputeCycles	MemoryStalls	WeightLoadCycles	SystolicMemoryStalls	MemoryReads	MemoryWrites	ReadBandwidth	WriteBandwidth	TotalMemoryBandwidth	NumCalculation	NpuUtilization	
layer0.attn.rn	33058	34969	1911	320	0	0	0	1069120	1052672	559455782312	550848770277	1110304552590	0	0.000000	
layer0.attn.QKVgen	34969	71017	36048	25473	0	0	0	26267968	16448	728694185530	456280514	729150466045	805306368	1.929572	
