OpName	StartCycle	EndCycle	TotalCycle	ComputeCycles	MemoryStalls	WeightLoadCycles	SystolicMemoryStalls	MemoryReads	MemoryWrites	ReadBandwidth	WriteBandwidth	TotalMemoryBandwidth	NumCalculation	NpuUtilization	
layer0.ffn.fc1	94342	138676	44334	27251	0	0	0	34672960	16448	782085081427	371001939	782456083367	1073741824	2.404903	
layer0.ffn.res	176254	178835	2581	64	0	0	0	2105344	1052672	815708640061	407854320030	1223562960092	0	0.000000	
layer0.attn.res	88700	91669	2969	64	0	0	0	2105344	1052672	709108790838	354554395419	1063663186257	0	0.000000	
layer0.attn.proj	77193	88700	11507	6973	0	0	0	8471104	16448	736169635873	1429390805	737599026679	268435456	2.349634	
layer0.attn.rn	178835	181436	2601	320	0	0	0	1069120	1052672	411041906958	404718185313	815760092272	0	0.000000	
layer0.ffn.fc2	139026	176254	37228	22637	0	0	0	33883456	16448	910160524336	441817986	910602342322	1073741824	2.895083	
layer0.ffn.rn	91669	94342	2673	320	0	0	0	1069120	1052672	399970071081	393816685372	793786756453	0	0.000000	
layer0.attn.QKVgen	181436	213072	31636	21377	0	0	0	26267968	16448	830318877228	519914022	830838791250	805306368	2.299294	
layer0.ffn.swish	138676	139026	350	64	0	0	0	266240	266240	760685714285	760685714285	1521371428571	0	0.000000	
