OpName	StartCycle	EndCycle	TotalCycle	ComputeCycles	MemoryStalls	WeightLoadCycles	SystolicMemoryStalls	MemoryReads	MemoryWrites	ReadBandwidth	WriteBandwidth	TotalMemoryBandwidth	NumCalculation	NpuUtilization	
layer0.attn.QKVgen	326459	359421	32962	24457	0	0	0	26267968	16448	796916691948	498998847	797415690795	805306368	2.009731	
layer0.ffn.res	321741	324564	2823	64	0	0	0	2105344	1052672	745782500885	372891250442	1118673751328	0	0.000000	
layer0.attn.rn	324564	326459	1895	320	0	0	0	1069120	1052672	564179419525	555499736147	1119679155672	0	0.000000	
layer0.attn.proj	220028	231833	11805	7481	0	0	0	8471104	16448	717586107581	1393307920	718979415501	268435456	2.190082	
layer0.ffn.rn	234908	237804	2896	320	0	0	0	1069120	1052672	369171270718	363491712707	732662983425	0	0.000000	
layer0.ffn.fc1	237804	282651	44847	27648	0	0	0	34672960	16448	773138894463	366758088	773505652552	1073741824	2.370370	
layer0.attn.res	231833	234908	3075	64	0	0	0	2105344	1052672	684664715447	342332357723	1026997073170	0	0.000000	
layer0.ffn.fc2	283341	321741	38400	21875	0	0	0	33883456	16448	882381666666	428333333	882810000000	1073741824	2.995931	
layer0.ffn.swish	282651	283341	690	64	0	0	0	266240	266240	385855072463	385855072463	771710144927	0	0.000000	
