OpName	StartCycle	EndCycle	TotalCycle	ComputeCycles	MemoryStalls	WeightLoadCycles	SystolicMemoryStalls	MemoryReads	MemoryWrites	ReadBandwidth	WriteBandwidth	TotalMemoryBandwidth	NumCalculation	NpuUtilization	
layer0.attn.QKVgen	320737	353182	32445	22568	0	0	0	26267968	16448	809615287409	506950223	810122237632	805306368	2.177951	
layer0.ffn.res	315620	318268	2648	64	0	0	0	2105344	1052672	795069486404	397534743202	1192604229607	0	0.000000	
layer0.attn.rn	318268	320737	2469	320	0	0	0	1069120	1052672	433017415957	426355609558	859373025516	0	0.000000	
layer0.attn.proj	217121	228627	11506	7227	0	0	0	8471104	16448	736233617243	1429515035	737663132278	268435456	2.267054	
layer0.ffn.rn	232807	234824	2017	320	0	0	0	1069120	1052672	530054536440	521899851264	1051954387704	0	0.000000	
layer0.ffn.fc1	234824	280106	45282	29061	0	0	0	34672960	16448	765711761847	363234839	766074996687	1073741824	2.255119	
layer0.attn.res	228627	232807	4180	64	0	0	0	2105344	1052672	503670813397	251835406698	755506220095	0	0.000000	
layer0.ffn.fc2	280477	315620	35143	24447	0	0	0	33883456	16448	964159462766	468030617	964627493384	1073741824	2.680738	
layer0.ffn.swish	280106	280477	371	64	0	0	0	266240	266240	717628032345	717628032345	1435256064690	0	0.000000	
