OpName	StartCycle	EndCycle	TotalCycle	ComputeCycles	MemoryStalls	WeightLoadCycles	SystolicMemoryStalls	MemoryReads	MemoryWrites	ReadBandwidth	WriteBandwidth	TotalMemoryBandwidth	NumCalculation	NpuUtilization	
layer0.attn.rn	33058	34942	1884	320	0	0	0	1069120	1052672	567473460721	558743099787	1126216560509	0	0.000000	
layer0.attn.QKVgen	34942	73897	38955	23552	0	0	0	26267968	16448	674315697599	422230779	674737928378	805306368	2.086957	
