OpName	StartCycle	EndCycle	TotalCycle	ComputeCycles	MemoryStalls	WeightLoadCycles	SystolicMemoryStalls	MemoryReads	MemoryWrites	ReadBandwidth	WriteBandwidth	TotalMemoryBandwidth	NumCalculation	NpuUtilization	
layer0.attn.QKVgen	327322	359471	32149	22647	0	0	0	26267968	16448	817069520047	511617779	817581137826	805306368	2.170354	
layer0.ffn.res	322726	325243	2517	64	0	0	0	2105344	1052672	836449741756	418224870878	1254674612634	0	0.000000	
layer0.attn.rn	325243	327322	2079	320	0	0	0	1069120	1052672	514247234247	506335738335	1020582972582	0	0.000000	
layer0.attn.proj	221194	233091	11897	8243	0	0	0	8471104	16448	712036984113	1382533411	713419517525	268435456	1.987626	
layer0.ffn.rn	236039	239361	3322	320	0	0	0	1069120	1052672	321830222757	316878988561	638709211318	0	0.000000	
layer0.ffn.fc1	239361	284466	45105	30220	0	0	0	34672960	16448	768716550271	364660237	769081210508	1073741824	2.168630	
layer0.attn.res	233091	236039	2948	64	0	0	0	2105344	1052672	714160108548	357080054274	1071240162822	0	0.000000	
layer0.ffn.fc2	284794	322726	37932	22637	0	0	0	33883456	16448	893268374986	433618053	893701993040	1073741824	2.895083	
layer0.ffn.swish	284466	284794	328	64	0	0	0	266240	266240	811707317073	811707317073	1623414634146	0	0.000000	
