OpName	StartCycle	EndCycle	TotalCycle	ComputeCycles	MemoryStalls	WeightLoadCycles	SystolicMemoryStalls	MemoryReads	MemoryWrites	ReadBandwidth	WriteBandwidth	TotalMemoryBandwidth	NumCalculation	NpuUtilization	
layer0.ffn.fc1	101334	146924	45590	29791	0	0	0	34672960	16448	760538714630	360780872	760899495503	1073741824	2.199859	
layer0.ffn.res	183936	186438	2502	64	0	0	0	2105344	1052672	841464428457	420732214228	1262196642685	0	0.000000	
layer0.attn.res	95557	98986	3429	64	0	0	0	2105344	1052672	613981918926	306990959463	920972878390	0	0.000000	
layer0.attn.proj	83787	95557	11770	6354	0	0	0	8471104	16448	719719966015	1397451146	721117417162	268435456	2.578533	
layer0.attn.rn	186438	188817	2379	320	0	0	0	1069120	1052672	449398907103	442485077763	891883984867	0	0.000000	
layer0.ffn.fc2	147301	183936	36635	21113	0	0	0	33883456	16448	924893025795	448969564	925341995359	1073741824	3.104059	
layer0.ffn.rn	98986	101334	2348	320	0	0	0	1069120	1052672	455332197614	448327086882	903659284497	0	0.000000	
layer0.attn.QKVgen	188817	221194	32377	21885	0	0	0	26267968	16448	811315687061	508014948	811823702010	805306368	2.245922	
layer0.ffn.swish	146924	147301	377	64	0	0	0	266240	266240	706206896551	706206896551	1412413793103	0	0.000000	
