OpName	StartCycle	EndCycle	TotalCycle	ComputeCycles	MemoryStalls	WeightLoadCycles	SystolicMemoryStalls	MemoryReads	MemoryWrites	ReadBandwidth	WriteBandwidth	TotalMemoryBandwidth	NumCalculation	NpuUtilization	
layer0.ffn.fc1	100318	147337	47019	28521	0	0	0	34672960	16448	737424445436	349816031	737774261468	1073741824	2.297816	
layer0.ffn.res	184232	187004	2772	64	0	0	0	2105344	1052672	759503607503	379751803751	1139255411255	0	0.000000	
layer0.attn.res	94806	97509	2703	64	0	0	0	2105344	1052672	778891601923	389445800961	1168337402885	0	0.000000	
layer0.attn.proj	83173	94806	11633	7481	0	0	0	8471104	16448	728195994154	1413908707	729609902862	268435456	2.190082	
layer0.attn.rn	187004	189235	2231	320	0	0	0	1069120	1052672	479211116091	471838637382	951049753473	0	0.000000	
layer0.ffn.fc2	147669	184232	36563	21113	0	0	0	33883456	16448	926714328692	449853677	927164182370	1073741824	3.104059	
layer0.ffn.rn	97509	100318	2809	320	0	0	0	1069120	1052672	380605197579	374749733001	755354930580	0	0.000000	
layer0.attn.QKVgen	189235	220028	30793	21885	0	0	0	26267968	16448	853049978891	534147371	853584126262	805306368	2.245922	
layer0.ffn.swish	147337	147669	332	64	0	0	0	266240	266240	801927710843	801927710843	1603855421686	0	0.000000	
