OpName	StartCycle	EndCycle	TotalCycle	ComputeCycles	MemoryStalls	WeightLoadCycles	SystolicMemoryStalls	MemoryReads	MemoryWrites	ReadBandwidth	WriteBandwidth	TotalMemoryBandwidth	NumCalculation	NpuUtilization	
layer0.ffn.rn	366349	369621	3272	320	0	0	0	1069120	1052672	326748166259	321721271393	648469437652	0	0.000000	
layer0.ffn.swish	412996	413516	520	64	0	0	0	266240	266240	512000000000	512000000000	1024000000000	0	0.000000	
layer0.ffn.res	449304	451493	2189	64	0	0	0	2105344	1052672	961783462768	480891731384	1442675194152	0	0.000000	
layer0.ffn.fc1	369621	412996	43375	27934	0	0	0	34672960	16448	799376599423	379204610	799755804034	1073741824	2.346102	
layer0.attn.proj	350965	363429	12464	7227	0	0	0	8471104	16448	679645699614	1319640564	680965340179	268435456	2.267054	
layer0.ffn.fc2	413516	449304	35788	22129	0	0	0	33883456	16448	946782608695	459595395	947242204090	1073741824	2.961544	
layer0.attn.res	363429	366349	2920	64	0	0	0	2105344	1052672	721008219178	360504109589	1081512328767	0	0.000000	
