OpName	StartCycle	EndCycle	TotalCycle	ComputeCycles	MemoryStalls	WeightLoadCycles	SystolicMemoryStalls	MemoryReads	MemoryWrites	ReadBandwidth	WriteBandwidth	TotalMemoryBandwidth	NumCalculation	NpuUtilization	
layer0.attn.QKVgen	319369	350965	31596	22790	0	0	0	26267968	16448	831370046841	520572224	831890619065	805306368	2.156735	
layer0.ffn.res	313971	317073	3102	64	0	0	0	2105344	1052672	678705351386	339352675693	1018058027079	0	0.000000	
layer0.attn.rn	317073	319369	2296	320	0	0	0	1069120	1052672	465644599303	458480836236	924125435540	0	0.000000	
layer0.attn.proj	213072	224991	11919	7989	0	0	0	8471104	16448	710722711636	1379981542	712102693178	268435456	2.050820	
layer0.ffn.rn	228115	231518	3403	320	0	0	0	1069120	1052672	314169850132	309336467822	623506317954	0	0.000000	
layer0.ffn.fc1	231518	277475	45957	30506	0	0	0	34672960	16448	754465261004	357899775	754823160780	1073741824	2.148299	
layer0.attn.res	224991	228115	3124	64	0	0	0	2105344	1052672	673925736235	336962868117	1010888604353	0	0.000000	
layer0.ffn.fc2	277808	313971	36163	21367	0	0	0	33883456	16448	936964742969	454829521	937419572491	1073741824	3.067160	
layer0.ffn.swish	277475	277808	333	64	0	0	0	266240	266240	799519519519	799519519519	1599039039039	0	0.000000	
