OpName	StartCycle	EndCycle	TotalCycle	ComputeCycles	MemoryStalls	WeightLoadCycles	SystolicMemoryStalls	MemoryReads	MemoryWrites	ReadBandwidth	WriteBandwidth	TotalMemoryBandwidth	NumCalculation	NpuUtilization	
layer0.attn.res	477753	480611	2858	64	0	0	0	2105344	1052672	736649405178	368324702589	1104974107767	0	0.000000	
layer0.ffn.rn	480611	482808	2197	320	0	0	0	1069120	1052672	486627218934	479140646335	965767865270	0	0.000000	
layer0.attn.proj	464764	477753	12989	5703	0	0	0	8471104	16448	652175225190	1266302255	653441527446	268435456	2.872874	
layer0.ffn.fc2	523230	560000	36770	21621	0	0	0	33883456	16448	921497307587	447321185	921944628773	1073741824	3.031127	
layer0.ffn.swish	522804	523230	426	64	0	0	0	266240	266240	624976525821	624976525821	1249953051643	0	0.000000	
layer0.ffn.fc1	482808	522804	39996	26378	0	0	0	34672960	16448	866910691069	411241124	867321932193	1073741824	2.484495	
layer0.ffn.res	560000	562815	2815	64	0	0	0	2105344	1052672	747901953818	373950976909	1121852930728	0	0.000000	
