Stage	total_cycles	pim_cycles	mem_bw_util	
A	32390	0	52.648773	
B	77509	60720	25.012337	
C	132507	38678	54.094454	
D	133922	63454	54.557504	
E	97241	38632	56.226155	
F	91204	0	58.858370	
