Stage	total_cycles	pim_cycles	mem_bw_util	
A	32390	0	52.648773	
B	80021	62097	24.412810	
C	133662	41218	53.721187	
D	133904	65969	54.675878	
E	101510	40903	53.959462	
F	90221	0	59.499659	
