Stage	total_cycles	pim_cycles	mem_bw_util	
A	32390	0	52.648773	
B	79460	62041	24.555830	
C	130330	39911	55.111736	
D	132131	65209	55.395498	
E	97982	40291	55.902423	
F	88462	0	60.682765	
