Stage	total_cycles	pim_cycles	mem_bw_util	
A	32390	0	52.648773	
B	85433	65007	23.020744	
C	132978	40806	54.019133	
D	134740	70237	54.436739	
E	101891	41234	53.763887	
F	86874	0	61.792006	
