OpName	StartCycle	EndCycle	TotalCycle	ComputeCycles	MemoryStalls	WeightLoadCycles	SystolicMemoryStalls	MemoryReads	MemoryWrites	ReadBandwidth	WriteBandwidth	TotalMemoryBandwidth	NumCalculation	NpuUtilization	
layer0.attn.QKVgen	36626	65974	29348	21520	0	0	0	14185088	98560	483340875017	3358320839	486699195856	1207959552	3.426022	
layer0.attn.rn	32388	36626	4238	960	0	0	0	1593408	1585152	375981123171	374033034450	750014157621	0	0.000000	
