OpName	StartCycle	EndCycle	TotalCycle	ComputeCycles	MemoryStalls	WeightLoadCycles	SystolicMemoryStalls	MemoryReads	MemoryWrites	ReadBandwidth	WriteBandwidth	TotalMemoryBandwidth	NumCalculation	NpuUtilization	
layer0.attn.QKVgen	212360	242402	30042	21520	0	0	0	14185088	98560	472175221356	3280740296	475455961653	1207959552	3.426022	
layer0.ffn.fc1	130045	171699	41654	26632	0	0	0	18350592	98432	440548134632	2363086378	442911221011	1610612736	3.691199	
layer0.ffn.swish	171699	172975	1276	192	0	0	0	798720	798720	625956112852	625956112852	1251912225705	0	0.000000	
layer0.ffn.res	205406	209379	3973	192	0	0	0	3170304	1585152	797962245154	398981122577	1196943367732	0	0.000000	
layer0.ffn.fc2	172975	205406	32431	21889	0	0	0	17599104	98560	542663007616	3039067558	545702075174	1610612736	4.491023	
layer0.attn.proj	109896	118815	8919	6659	0	0	0	4400256	98496	493357551294	11043390514	504400941809	402653184	3.690644	
layer0.ffn.rn	126279	130045	3766	960	0	0	0	1593408	1572864	423103558151	417648433351	840751991502	0	0.000000	
layer0.attn.rn	209379	212360	2981	960	0	0	0	1593408	1585152	534521301576	531751761153	1066273062730	0	0.000000	
layer0.attn.res	118815	126279	7464	192	0	0	0	3170304	1585152	424745980707	212372990353	637118971061	0	0.000000	
