OpName	StartCycle	EndCycle	TotalCycle	ComputeCycles	MemoryStalls	WeightLoadCycles	SystolicMemoryStalls	MemoryReads	MemoryWrites	ReadBandwidth	WriteBandwidth	TotalMemoryBandwidth	NumCalculation	NpuUtilization	
layer0.attn.res	255017	260282	5265	192	0	0	0	3170304	1585152	602147008547	301073504273	903220512820	0	0.000000	
layer0.ffn.fc1	264045	302401	38356	27283	0	0	0	18387584	98560	479392637397	2569611012	481962248409	1610612736	3.603123	
layer0.ffn.res	342140	346257	4117	192	0	0	0	3170304	1585152	770051979596	385025989798	1155077969395	0	0.000000	
layer0.ffn.fc2	304086	342140	38054	24937	0	0	0	17599104	98560	462477111473	2590003678	465067115152	1610612736	3.942094	
layer0.ffn.swish	302401	304086	1685	192	0	0	0	798720	798720	474017804154	474017804154	948035608308	0	0.000000	
layer0.attn.rn	346257	349429	3172	960	0	0	0	1593408	1585152	502335435056	499732660781	1002068095838	0	0.000000	
layer0.attn.proj	246069	255017	8948	6913	0	0	0	4400256	98560	491758605274	11014751899	502773357174	402653184	3.555041	
layer0.ffn.rn	260282	264045	3763	960	0	0	0	1593408	1585152	423440871644	421246877491	844687749136	0	0.000000	
layer0.attn.QKVgen	349429	379972	30543	22171	0	0	0	14185088	98560	464430082179	3226925973	467657008152	1207959552	3.325425	
