OpName	StartCycle	EndCycle	TotalCycle	ComputeCycles	MemoryStalls	WeightLoadCycles	SystolicMemoryStalls	MemoryReads	MemoryWrites	ReadBandwidth	WriteBandwidth	TotalMemoryBandwidth	NumCalculation	NpuUtilization	
layer0.attn.QKVgen	219620	250797	31177	20615	0	0	0	14185088	98560	454985662507	3161304808	458146967315	1207959552	3.576425	
layer0.ffn.fc1	138052	179234	41182	28013	0	0	0	18387584	98560	446495653440	2393278616	448888932057	1610612736	3.509228	
layer0.ffn.swish	179234	180570	1336	192	0	0	0	798720	798720	597844311377	597844311377	1195688622754	0	0.000000	
layer0.ffn.res	212663	217501	4838	192	0	0	0	3170304	1585152	655292269532	327646134766	982938404299	0	0.000000	
layer0.ffn.fc2	180570	212663	32093	22651	0	0	0	17599104	98560	548378275636	3071074689	551449350325	1610612736	4.339941	
layer0.attn.proj	117820	126879	9059	6913	0	0	0	4400256	98560	485733083121	10879788056	496612871177	402653184	3.555041	
layer0.ffn.rn	134742	138052	3310	944	0	0	0	1593408	1585152	481392145015	478897885196	960290030211	0	0.000000	
layer0.attn.rn	217501	219620	2119	960	0	0	0	1593408	1585152	751962246342	748066068900	1500028315243	0	0.000000	
layer0.attn.res	126879	134742	7863	192	0	0	0	3170304	1585152	403192674551	201596337275	604789011827	0	0.000000	
