OpName	StartCycle	EndCycle	TotalCycle	ComputeCycles	MemoryStalls	WeightLoadCycles	SystolicMemoryStalls	MemoryReads	MemoryWrites	ReadBandwidth	WriteBandwidth	TotalMemoryBandwidth	NumCalculation	NpuUtilization	
layer0.attn.res	490782	494113	3331	192	0	0	0	3170304	1585152	951757430201	475878715100	1427636145301	0	0.000000	
layer0.ffn.fc1	498008	533749	35741	26235	0	0	0	18387584	98560	514467530287	2757617302	517225147589	1610612736	3.747055	
layer0.ffn.rn	494113	498008	3895	960	0	0	0	1593408	1585152	409090629011	406970988446	816061617458	0	0.000000	
layer0.ffn.res	567090	571701	4611	192	0	0	0	3170304	1585152	687552374756	343776187378	1031328562134	0	0.000000	
layer0.ffn.swish	533749	534964	1215	192	0	0	0	798720	798720	657382716049	657382716049	1314765432098	0	0.000000	
layer0.ffn.fc2	534964	567090	32126	22905	0	0	0	17599104	98560	547814978522	3067920064	550882898586	1610612736	4.291814	
layer0.attn.proj	481481	490782	9301	5897	0	0	0	4400256	98560	473094936028	10596710031	483691646059	402653184	4.167543	
