OpName	StartCycle	EndCycle	TotalCycle	ComputeCycles	MemoryStalls	WeightLoadCycles	SystolicMemoryStalls	MemoryReads	MemoryWrites	ReadBandwidth	WriteBandwidth	TotalMemoryBandwidth	NumCalculation	NpuUtilization	
layer0.attn.QKVgen	212379	242176	29797	21774	0	0	0	14185088	98560	476057589690	3307715541	479365305232	1207959552	3.386057	
layer0.ffn.fc1	130712	169712	39000	27140	0	0	0	18387584	98560	471476512820	2527179487	474003692307	1610612736	3.622108	
layer0.ffn.swish	169712	171992	2280	192	0	0	0	798720	798720	350315789473	350315789473	700631578947	0	0.000000	
layer0.ffn.res	205398	209515	4117	192	0	0	0	3170304	1585152	770051979596	385025989798	1155077969395	0	0.000000	
layer0.ffn.fc2	171992	205398	33406	22397	0	0	0	17599104	98560	526824642279	2950368197	529775010477	1610612736	4.389159	
layer0.attn.proj	111847	121149	9302	6405	0	0	0	4400256	98560	473044076542	10595570844	483639647387	402653184	3.837002	
layer0.ffn.rn	127018	130712	3694	960	0	0	0	1593408	1585152	431350297780	429115322144	860465619924	0	0.000000	
layer0.attn.rn	209515	212379	2864	960	0	0	0	1593408	1585152	556357541899	553474860335	1109832402234	0	0.000000	
layer0.attn.res	121149	127018	5869	192	0	0	0	3170304	1585152	540177883796	270088941898	810266825694	0	0.000000	
