OpName	StartCycle	EndCycle	TotalCycle	ComputeCycles	MemoryStalls	WeightLoadCycles	SystolicMemoryStalls	MemoryReads	MemoryWrites	ReadBandwidth	WriteBandwidth	TotalMemoryBandwidth	NumCalculation	NpuUtilization	
layer0.attn.res	251268	256447	5179	192	0	0	0	3170304	1585152	612145974126	306072987063	918218961189	0	0.000000	
layer0.ffn.fc1	260453	300350	39897	26886	0	0	0	18387584	98560	460876356618	2470361180	463346717798	1610612736	3.656327	
layer0.ffn.res	338951	343743	4792	192	0	0	0	3170304	1585152	661582637729	330791318864	992373956594	0	0.000000	
layer0.ffn.fc2	302174	338951	36777	23667	0	0	0	17599104	98560	478535606493	2679935829	481215542322	1610612736	4.153632	
layer0.ffn.swish	300350	302174	1824	192	0	0	0	798720	798720	437894736842	437894736842	875789473684	0	0.000000	
layer0.attn.rn	343743	346289	2546	960	0	0	0	1593408	1585152	625847604084	622604870384	1248452474469	0	0.000000	
layer0.attn.proj	242402	251268	8866	6913	0	0	0	4400256	98560	496306789984	11116625310	507423415294	402653184	3.555041	
layer0.ffn.rn	256447	260453	4006	960	0	0	0	1593408	1585152	397755366949	395694458312	793449825262	0	0.000000	
layer0.attn.QKVgen	346289	376323	30034	23044	0	0	0	14185088	98560	472300992208	3281614170	475582606379	1207959552	3.199445	
