OpName	StartCycle	EndCycle	TotalCycle	ComputeCycles	MemoryStalls	WeightLoadCycles	SystolicMemoryStalls	MemoryReads	MemoryWrites	ReadBandwidth	WriteBandwidth	TotalMemoryBandwidth	NumCalculation	NpuUtilization	
layer0.attn.res	481589	485110	3521	192	0	0	0	3170304	1585152	900398750355	450199375177	1350598125532	0	0.000000	
layer0.ffn.fc1	488796	524577	35781	27394	0	0	0	18387584	98560	513892400994	2754534529	516646935524	1610612736	3.588523	
layer0.ffn.rn	485110	488796	3686	960	0	0	0	1593408	1585152	432286489419	430046663049	862333152468	0	0.000000	
layer0.ffn.res	556836	560748	3912	192	0	0	0	3170304	1585152	810404907975	405202453987	1215607361963	0	0.000000	
layer0.ffn.swish	524577	525910	1333	192	0	0	0	798720	798720	599189797449	599189797449	1198379594898	0	0.000000	
layer0.ffn.fc2	525910	556836	30926	21889	0	0	0	17599104	98560	569071460906	3186962426	572258423333	1610612736	4.491023	
layer0.attn.proj	472287	481589	9302	6405	0	0	0	4400256	98560	473044076542	10595570844	483639647387	402653184	3.837002	
