OpName	StartCycle	EndCycle	TotalCycle	ComputeCycles	MemoryStalls	WeightLoadCycles	SystolicMemoryStalls	MemoryReads	MemoryWrites	ReadBandwidth	WriteBandwidth	TotalMemoryBandwidth	NumCalculation	NpuUtilization	
layer0.attn.QKVgen	215639	246069	30430	21377	0	0	0	14185088	98560	466154715741	3238908971	469393624712	1207959552	3.448940	
layer0.ffn.fc1	133912	175309	41397	28553	0	0	0	18387584	98560	444176727782	2380848853	446557576635	1610612736	3.442861	
layer0.ffn.swish	175309	176627	1318	192	0	0	0	798720	798720	606009104704	606009104704	1212018209408	0	0.000000	
layer0.ffn.res	208136	212092	3956	192	0	0	0	3170304	1585152	801391304347	400695652173	1202086956521	0	0.000000	
layer0.ffn.fc2	176627	208136	31509	21889	0	0	0	17599104	98560	558542130819	3127995175	561670125995	1610612736	4.491023	
layer0.attn.proj	112408	121528	9120	6659	0	0	0	4400256	98560	482484210526	10807017543	493291228070	402653184	3.690644	
layer0.ffn.rn	129928	133912	3984	960	0	0	0	1581056	1580544	396851405622	396722891566	793574297188	0	0.000000	
layer0.attn.rn	212092	215639	3547	960	0	0	0	1593408	1585152	449226952354	446899351564	896126303918	0	0.000000	
layer0.attn.res	121528	129928	8400	192	0	0	0	3170304	1579008	377417142857	187977142857	565394285714	0	0.000000	
