OpName	StartCycle	EndCycle	TotalCycle	ComputeCycles	MemoryStalls	WeightLoadCycles	SystolicMemoryStalls	MemoryReads	MemoryWrites	ReadBandwidth	WriteBandwidth	TotalMemoryBandwidth	NumCalculation	NpuUtilization	
layer0.attn.QKVgen	34974	70246	35272	21409	0	0	0	14185088	98560	402162848718	2794284418	404957133136	1207959552	3.443785	
layer0.attn.rn	32388	34974	2586	960	0	0	0	1593408	1585152	616167053364	612974477958	1229141531322	0	0.000000	
