OpName	StartCycle	EndCycle	TotalCycle	ComputeCycles	MemoryStalls	WeightLoadCycles	SystolicMemoryStalls	MemoryReads	MemoryWrites	ReadBandwidth	WriteBandwidth	TotalMemoryBandwidth	NumCalculation	NpuUtilization	
layer0.attn.QKVgen	34910	70523	35613	21520	0	0	0	14185088	98560	398312077050	2767528711	401079605761	1207959552	3.426022	
layer0.attn.rn	32388	34910	2522	960	0	0	0	1593408	1585152	631803330689	628529738302	1260333068992	0	0.000000	
