OpName	StartCycle	EndCycle	TotalCycle	ComputeCycles	MemoryStalls	WeightLoadCycles	SystolicMemoryStalls	MemoryReads	MemoryWrites	ReadBandwidth	WriteBandwidth	TotalMemoryBandwidth	NumCalculation	NpuUtilization	
layer0.attn.res	385419	392840	7421	192	0	0	0	3170304	1585152	427207114944	213603557472	640810672416	0	0.000000	
layer0.ffn.rn	392840	395526	2686	960	0	0	0	1593408	1585152	593227103499	590153387937	1183380491437	0	0.000000	
layer0.attn.proj	376323	385419	9096	6405	0	0	0	4400256	98560	483757255936	10835532102	494592788038	402653184	3.837002	
layer0.ffn.fc2	438187	468770	30583	22397	0	0	0	17599104	98560	575453814210	3222705424	578676519635	1610612736	4.389159	
layer0.ffn.res	468770	473563	4793	192	0	0	0	3170304	1585152	661444606718	330722303359	992166910077	0	0.000000	
layer0.ffn.fc1	395526	436731	41205	28156	0	0	0	18387584	98560	446246426404	2391942725	448638369129	1610612736	3.491405	
layer0.ffn.swish	436731	438187	1456	192	0	0	0	798720	798720	548571428571	548571428571	1097142857142	0	0.000000	
