OpName	StartCycle	EndCycle	TotalCycle	ComputeCycles	MemoryStalls	WeightLoadCycles	SystolicMemoryStalls	MemoryReads	MemoryWrites	ReadBandwidth	WriteBandwidth	TotalMemoryBandwidth	NumCalculation	NpuUtilization	
layer0.attn.QKVgen	34910	70282	35372	22282	0	0	0	14185088	98560	401025896189	2786384711	403812280900	1207959552	3.308859	
layer0.attn.rn	32388	34910	2522	960	0	0	0	1593408	1585152	631803330689	628529738302	1260333068992	0	0.000000	
