OpName	StartCycle	EndCycle	TotalCycle	ComputeCycles	MemoryStalls	WeightLoadCycles	SystolicMemoryStalls	MemoryReads	MemoryWrites	ReadBandwidth	WriteBandwidth	TotalMemoryBandwidth	NumCalculation	NpuUtilization	
layer0.attn.res	260024	264550	4526	192	0	0	0	3170304	1585152	700464869642	350232434821	1050697304463	0	0.000000	
layer0.ffn.fc1	269015	308017	39002	27537	0	0	0	18387584	98560	471452335777	2527049894	473979385672	1610612736	3.569888	
layer0.ffn.res	347920	352695	4775	192	0	0	0	3170304	1585152	663938010471	331969005235	995907015706	0	0.000000	
layer0.ffn.fc2	309638	347920	38282	23413	0	0	0	17599104	98560	459722689514	2574578130	462297267645	1610612736	4.198693	
layer0.ffn.swish	308017	309638	1621	192	0	0	0	798720	798720	492732880937	492732880937	985465761875	0	0.000000	
layer0.attn.rn	352695	354775	2080	960	0	0	0	1593408	1585152	766061538461	762092307692	1528153846153	0	0.000000	
layer0.attn.proj	250797	260024	9227	6659	0	0	0	4400256	98560	476889129727	10681695025	487570824753	402653184	3.690644	
layer0.ffn.rn	264550	269015	4465	960	0	0	0	1593408	1585152	356866293393	355017245240	711883538633	0	0.000000	
layer0.attn.QKVgen	354775	385536	30761	21123	0	0	0	14185088	98560	461138714606	3204057085	464342771691	1207959552	3.490413	
