OpName	StartCycle	EndCycle	TotalCycle	ComputeCycles	MemoryStalls	WeightLoadCycles	SystolicMemoryStalls	MemoryReads	MemoryWrites	ReadBandwidth	WriteBandwidth	TotalMemoryBandwidth	NumCalculation	NpuUtilization	
layer0.attn.res	482822	487520	4698	192	0	0	0	3170304	1585152	674819923371	337409961685	1012229885057	0	0.000000	
layer0.ffn.fc1	489528	526095	36567	24965	0	0	0	18387584	98560	502846391555	2695326387	505541717942	1610612736	3.937673	
layer0.ffn.rn	487520	489528	2008	960	0	0	0	1593408	1585152	793529880478	789418326693	1582948207171	0	0.000000	
layer0.ffn.res	560070	564766	4696	192	0	0	0	3170304	1585152	675107325383	337553662691	1012660988074	0	0.000000	
layer0.ffn.swish	526095	527174	1079	192	0	0	0	798720	798720	740240963855	740240963855	1480481927710	0	0.000000	
layer0.ffn.fc2	527174	560070	32896	23413	0	0	0	17599104	98560	534992217898	2996108949	537988326848	1610612736	4.198693	
layer0.attn.proj	473563	482822	9259	5897	0	0	0	4400256	98560	475240954746	10644778053	485885732800	402653184	4.167543	
