OpName	StartCycle	EndCycle	TotalCycle	ComputeCycles	MemoryStalls	WeightLoadCycles	SystolicMemoryStalls	MemoryReads	MemoryWrites	ReadBandwidth	WriteBandwidth	TotalMemoryBandwidth	NumCalculation	NpuUtilization	
layer0.attn.res	389076	397327	8251	192	0	0	0	3170304	1585152	384232699066	192116349533	576349048600	0	0.000000	
layer0.ffn.rn	397327	400907	3580	960	0	0	0	1593408	1585152	445086033519	442779888268	887865921787	0	0.000000	
layer0.attn.proj	379972	389076	9104	6405	0	0	0	4400256	98560	483332161687	10826010544	494158172231	402653184	3.837002	
layer0.ffn.fc2	444588	476790	32202	21381	0	0	0	17599104	98560	546522079373	3060679460	549582758834	1610612736	4.597727	
layer0.ffn.res	476790	481481	4691	192	0	0	0	3170304	1585152	675826902579	337913451289	1013740353869	0	0.000000	
layer0.ffn.fc1	400907	441921	41014	27394	0	0	0	18387584	98560	448324572097	2403081874	450727653971	1610612736	3.588523	
layer0.ffn.swish	441921	444588	2667	192	0	0	0	798720	798720	299482564679	299482564679	598965129358	0	0.000000	
