OpName	StartCycle	EndCycle	TotalCycle	ComputeCycles	MemoryStalls	WeightLoadCycles	SystolicMemoryStalls	MemoryReads	MemoryWrites	ReadBandwidth	WriteBandwidth	TotalMemoryBandwidth	NumCalculation	NpuUtilization	
layer0.attn.res	250792	256308	5516	192	0	0	0	3170304	1585152	574746918056	287373459028	862120377084	0	0.000000	
layer0.ffn.fc1	260456	299940	39484	27759	0	0	0	18387584	98560	465697092493	2496200992	468193293485	1610612736	3.541338	
layer0.ffn.res	340649	345653	5004	192	0	0	0	3170304	1585152	633553956834	316776978417	950330935251	0	0.000000	
layer0.ffn.fc2	302192	340649	38457	22143	0	0	0	17599104	98560	457630704423	2562862417	460193566840	1610612736	4.439507	
layer0.ffn.swish	299940	302192	2252	192	0	0	0	798720	798720	354671403197	354671403197	709342806394	0	0.000000	
layer0.attn.rn	345653	348870	3217	960	0	0	0	1593408	1585152	495308672676	492742306496	988050979173	0	0.000000	
layer0.attn.proj	242176	250792	8616	6548	0	0	0	4400256	98560	510707520891	11439182915	522146703806	402653184	3.753207	
layer0.ffn.rn	256308	260456	4148	960	0	0	0	1593408	1585152	384138862102	382148505303	766287367405	0	0.000000	
layer0.attn.QKVgen	348870	374306	25436	21266	0	0	0	14185088	98560	557677622267	3874823085	561552445353	1207959552	3.466943	
