OpName	StartCycle	EndCycle	TotalCycle	ComputeCycles	MemoryStalls	WeightLoadCycles	SystolicMemoryStalls	MemoryReads	MemoryWrites	ReadBandwidth	WriteBandwidth	TotalMemoryBandwidth	NumCalculation	NpuUtilization	
layer0.attn.res	383547	389586	6039	192	0	0	0	3170304	1585152	524971684053	262485842026	787457526080	0	0.000000	
layer0.ffn.rn	389586	393170	3584	960	0	0	0	1593408	1585152	444589285714	442285714285	886875000000	0	0.000000	
layer0.attn.proj	374306	383547	9241	6913	0	0	0	4400256	98560	476166648631	10665512390	486832161021	402653184	3.555041	
layer0.ffn.fc2	434303	467662	33359	22397	0	0	0	17599104	98560	527566893492	2954525015	530521418507	1610612736	4.389159	
layer0.ffn.res	467662	472287	4625	192	0	0	0	3170304	1585152	685471135135	342735567567	1028206702702	0	0.000000	
layer0.ffn.fc1	393170	432071	38901	25108	0	0	0	18387584	98560	472676383640	2533610961	475209994601	1610612736	3.915246	
layer0.ffn.swish	432071	434303	2232	192	0	0	0	798720	798720	357849462365	357849462365	715698924731	0	0.000000	
