OpName	StartCycle	EndCycle	TotalCycle	ComputeCycles	MemoryStalls	WeightLoadCycles	SystolicMemoryStalls	MemoryReads	MemoryWrites	ReadBandwidth	WriteBandwidth	TotalMemoryBandwidth	NumCalculation	NpuUtilization	
layer0.attn.res	394815	403136	8321	192	0	0	0	3170304	1585152	381000360533	190500180266	571500540800	0	0.000000	
layer0.ffn.rn	403136	406565	3429	956	0	0	0	1593408	1584960	464685914260	462222222222	926908136482	0	0.000000	
layer0.attn.proj	385536	394815	9279	7167	0	0	0	4400256	98560	474216618170	10621834249	484838452419	402653184	3.429050	
layer0.ffn.fc2	450972	482385	31413	23159	0	0	0	17599104	98560	560249068856	3137554515	563386623372	1610612736	4.244743	
layer0.ffn.res	482385	487426	5041	192	0	0	0	3170304	1585152	628903788930	314451894465	943355683396	0	0.000000	
layer0.ffn.fc1	406565	449928	43363	27791	0	0	0	18387584	98560	424038558217	2272905472	426311463690	1610612736	3.537260	
layer0.ffn.swish	449928	450972	1044	192	0	0	0	798720	798720	765057471264	765057471264	1530114942528	0	0.000000	
