Stage	total_cycles	pim_cycles	mem_bw_util	
A	35917	0	85.854714	
B	39614	12801	78.445594	
C	143085	8683	87.455490	
D	147524	11131	84.895932	
E	106714	8591	88.366334	
F	107315	0	87.747694	
