Stage	total_cycles	pim_cycles	mem_bw_util	
A	35917	0	85.854714	
B	39507	12497	78.617713	
C	146774	9089	85.259566	
D	145470	10590	86.083514	
E	108800	8925	86.675034	
F	107903	0	87.269527	
