Stage	total_cycles	pim_cycles	mem_bw_util	
A	35917	0	85.854714	
B	39648	12615	78.353574	
C	147944	9328	84.589059	
D	146520	11276	85.470968	
E	109259	9303	86.316173	
F	109256	0	86.188802	
