Stage	total_cycles	pim_cycles	mem_bw_util	
A	35917	0	85.854714	
B	39077	12797	79.503288	
C	147595	9010	84.783021	
D	146503	10943	85.482166	
E	108291	8965	87.079316	
F	110254	0	85.408636	
