OpName	StartCycle	EndCycle	TotalCycle	ComputeCycles	MemoryStalls	WeightLoadCycles	SystolicMemoryStalls	MemoryReads	MemoryWrites	ReadBandwidth	WriteBandwidth	TotalMemoryBandwidth	NumCalculation	NpuUtilization	
layer0.ffn.rn	92725	97934	5209	640	0	0	0	2121792	2105344	407331925513	404174313687	811506239201	0	0.000000	
layer0.ffn.fc2	139955	178362	38407	24161	0	0	0	34145600	32832	889046267607	854844169	889901111776	2147483648	5.424941	
layer0.ffn.fc1	97934	139342	41408	28918	0	0	0	35721536	32832	862672333848	792890262	863465224111	2147483648	4.532540	
layer0.attn.QKVgen	188350	222194	33844	22933	0	0	0	27316544	32832	807131071977	970098097	808101170074	1610612736	4.286574	
layer0.ffn.swish	139342	139955	613	128	0	0	0	532480	532480	868646003262	868646003262	1737292006525	0	0.000000	
layer0.attn.proj	75421	88424	13003	6973	0	0	0	8536640	32832	656513112358	2524955779	659038068138	536870912	4.699269	
layer0.attn.res	88424	92725	4301	128	0	0	0	4210688	2105344	979002092536	489501046268	1468503138804	0	0.000000	
layer0.ffn.res	178362	184623	6261	128	0	0	0	4210688	2105344	672526433477	336263216738	1008789650215	0	0.000000	
layer0.attn.rn	184623	188350	3727	640	0	0	0	2121792	2105344	569302924604	564889723638	1134192648242	0	0.000000	
