OpName	StartCycle	EndCycle	TotalCycle	ComputeCycles	MemoryStalls	WeightLoadCycles	SystolicMemoryStalls	MemoryReads	MemoryWrites	ReadBandwidth	WriteBandwidth	TotalMemoryBandwidth	NumCalculation	NpuUtilization	
layer0.attn.rn	35915	39104	3189	640	0	0	0	2121792	2105344	665347130761	660189401066	1325536531828	0	0.000000	
layer0.attn.QKVgen	39104	74991	35887	23441	0	0	0	27316544	32832	761182155097	914871680	762097026778	1610612736	4.193678	
