OpName	StartCycle	EndCycle	TotalCycle	ComputeCycles	MemoryStalls	WeightLoadCycles	SystolicMemoryStalls	MemoryReads	MemoryWrites	ReadBandwidth	WriteBandwidth	TotalMemoryBandwidth	NumCalculation	NpuUtilization	
layer0.ffn.rn	386210	390334	4124	640	0	0	0	2121792	2105344	514498545101	510510184287	1025008729388	0	0.000000	
layer0.ffn.swish	432198	432792	594	128	0	0	0	532480	532480	896430976430	896430976430	1792861952861	0	0.000000	
layer0.ffn.res	471293	476462	5169	128	0	0	0	4210688	2105344	814603985296	407301992648	1221905977945	0	0.000000	
layer0.ffn.fc2	432792	471293	38501	21875	0	0	0	34145600	32832	886875665567	852757071	887728422638	2147483648	5.991863	
layer0.ffn.fc1	390334	432198	41864	26743	0	0	0	35721536	32832	853275750047	784253774	854060003821	2147483648	4.901170	
layer0.attn.proj	367663	381169	13506	5957	0	0	0	8536640	32832	632062786909	2430919591	634493706500	536870912	5.500755	
layer0.attn.res	381169	386210	5041	128	0	0	0	4210688	2105344	835288236461	417644118230	1252932354691	0	0.000000	
