OpName	StartCycle	EndCycle	TotalCycle	ComputeCycles	MemoryStalls	WeightLoadCycles	SystolicMemoryStalls	MemoryReads	MemoryWrites	ReadBandwidth	WriteBandwidth	TotalMemoryBandwidth	NumCalculation	NpuUtilization	
layer0.ffn.fc2	542024	578127	36103	22701	0	0	0	34145600	32832	945782898928	909398110	946692297039	2147483648	5.773843	
layer0.attn.proj	476462	490381	13919	6719	0	0	0	8536640	32832	613308427329	2358790142	615667217472	536870912	4.876916	
layer0.ffn.swish	541346	542024	678	128	0	0	0	532480	532480	785368731563	785368731563	1570737463126	0	0.000000	
layer0.ffn.res	578127	584364	6237	128	0	0	0	4210688	2105344	675114317780	337557158890	1012671476671	0	0.000000	
layer0.ffn.rn	496362	499596	3234	640	0	0	0	2121792	2105344	656089053803	651003092145	1307092145949	0	0.000000	
layer0.ffn.fc1	499596	541346	41750	28045	0	0	0	35721536	32832	855605652694	786395209	856392047904	2147483648	4.673632	
layer0.attn.res	490381	496362	5981	128	0	0	0	4210688	2105344	704010700551	352005350275	1056016050827	0	0.000000	
