OpName	StartCycle	EndCycle	TotalCycle	ComputeCycles	MemoryStalls	WeightLoadCycles	SystolicMemoryStalls	MemoryReads	MemoryWrites	ReadBandwidth	WriteBandwidth	TotalMemoryBandwidth	NumCalculation	NpuUtilization	
layer0.ffn.fc2	287676	326240	38564	21875	0	0	0	34145600	32832	885426822943	851363966	886278186910	2147483648	5.991863	
layer0.attn.res	235952	242073	6121	128	0	0	0	4210688	2105344	687908511681	343954255840	1031862767521	0	0.000000	
layer0.ffn.swish	286943	287676	733	128	0	0	0	532480	532480	726439290586	726439290586	1452878581173	0	0.000000	
layer0.ffn.rn	242073	245584	3511	640	0	0	0	2121792	2105344	604326972372	599642267160	1203969239532	0	0.000000	
layer0.attn.QKVgen	335277	369087	33810	21885	0	0	0	27316544	32832	807942738834	971073646	808913812481	1610612736	4.491844	
layer0.ffn.fc1	245584	286943	41359	27759	0	0	0	35721536	32832	863694383326	793829638	864488212964	2147483648	4.721784	
layer0.attn.proj	222585	235952	13367	7227	0	0	0	8536640	32832	638635445500	2456198099	641091643599	536870912	4.534108	
layer0.attn.rn	332489	335277	2788	640	0	0	0	2121792	2105344	761044476327	755144906743	1516189383070	0	0.000000	
layer0.ffn.res	326240	332489	6249	128	0	0	0	4210688	2105344	673817890862	336908945431	1010726836293	0	0.000000	
