OpName	StartCycle	EndCycle	TotalCycle	ComputeCycles	MemoryStalls	WeightLoadCycles	SystolicMemoryStalls	MemoryReads	MemoryWrites	ReadBandwidth	WriteBandwidth	TotalMemoryBandwidth	NumCalculation	NpuUtilization	
layer0.ffn.rn	92899	98001	5102	640	0	0	0	2121792	2105344	415874558996	412650725205	828525284202	0	0.000000	
layer0.ffn.fc2	140431	178190	37759	22129	0	0	0	34145600	32832	904303609735	869514552	905173124288	2147483648	5.923087	
layer0.ffn.fc1	98001	139782	41781	28950	0	0	0	35721536	32832	854970824058	785811732	855756635791	2147483648	4.527530	
layer0.attn.QKVgen	188728	218612	29884	22679	0	0	0	27316544	32832	914085932271	1098648106	915184580377	1610612736	4.334583	
layer0.ffn.swish	139782	140431	649	128	0	0	0	532480	532480	820462249614	820462249614	1640924499229	0	0.000000	
layer0.attn.proj	75528	88602	13074	6719	0	0	0	8536640	32832	652947835398	2511243689	655459079088	536870912	4.876916	
layer0.attn.res	88602	92899	4297	128	0	0	0	4210688	2105344	979913427973	489956713986	1469870141959	0	0.000000	
layer0.ffn.res	178190	184434	6244	128	0	0	0	4210688	2105344	674357463164	337178731582	1011536194746	0	0.000000	
layer0.attn.rn	184434	188728	4294	640	0	0	0	2121792	2105344	494129482999	490299021891	984428504890	0	0.000000	
