OpName	StartCycle	EndCycle	TotalCycle	ComputeCycles	MemoryStalls	WeightLoadCycles	SystolicMemoryStalls	MemoryReads	MemoryWrites	ReadBandwidth	WriteBandwidth	TotalMemoryBandwidth	NumCalculation	NpuUtilization	
layer0.ffn.rn	384605	387890	3285	640	0	0	0	2121792	2105344	645903196347	640896194824	1286799391171	0	0.000000	
layer0.ffn.swish	430189	430824	635	128	0	0	0	532480	532480	838551181102	838551181102	1677102362204	0	0.000000	
layer0.ffn.res	468496	472848	4352	128	0	0	0	4210688	2105344	967529411764	483764705882	1451294117647	0	0.000000	
layer0.ffn.fc2	430824	468496	37672	22891	0	0	0	34145600	32832	906392015289	871522616	907263537906	2147483648	5.725918	
layer0.ffn.fc1	387890	430189	42299	30331	0	0	0	35721536	32832	844500721057	776188562	845276909619	2147483648	4.321387	
layer0.attn.proj	366135	378846	12711	6211	0	0	0	8536640	32832	671594681771	2582959641	674177641412	536870912	5.275801	
layer0.attn.res	378846	384605	5759	128	0	0	0	4210688	2105344	731149157839	365574578919	1096723736759	0	0.000000	
