OpName	StartCycle	EndCycle	TotalCycle	ComputeCycles	MemoryStalls	WeightLoadCycles	SystolicMemoryStalls	MemoryReads	MemoryWrites	ReadBandwidth	WriteBandwidth	TotalMemoryBandwidth	NumCalculation	NpuUtilization	
layer0.attn.rn	35915	39626	3711	640	0	0	0	2121792	2105344	571757477768	567325249258	1139082727027	0	0.000000	
layer0.attn.QKVgen	39626	75562	35936	23949	0	0	0	27316544	32832	760144256455	913624220	761057880676	1610612736	4.104723	
