OpName	StartCycle	EndCycle	TotalCycle	ComputeCycles	MemoryStalls	WeightLoadCycles	SystolicMemoryStalls	MemoryReads	MemoryWrites	ReadBandwidth	WriteBandwidth	TotalMemoryBandwidth	NumCalculation	NpuUtilization	
layer0.attn.rn	35915	39599	3684	640	0	0	0	2121792	2105344	575947882736	571483170466	1147431053203	0	0.000000	
layer0.attn.QKVgen	39599	75421	35822	22425	0	0	0	27316544	32832	762563340963	916531740	763479872703	1610612736	4.383679	
