OpName	StartCycle	EndCycle	TotalCycle	ComputeCycles	MemoryStalls	WeightLoadCycles	SystolicMemoryStalls	MemoryReads	MemoryWrites	ReadBandwidth	WriteBandwidth	TotalMemoryBandwidth	NumCalculation	NpuUtilization	
layer0.ffn.rn	93556	98559	5003	640	0	0	0	2121792	2105344	424103937637	420816310213	844920247851	0	0.000000	
layer0.ffn.fc2	141210	179792	38582	22891	0	0	0	34145600	32832	885013736975	850966772	885864703747	2147483648	5.725918	
layer0.ffn.fc1	98559	140561	42002	27426	0	0	0	35721536	32832	850472263225	781677062	851253940288	2147483648	4.779115	
layer0.attn.QKVgen	189462	223505	34043	22536	0	0	0	27316544	32832	802412948330	964427341	803377375671	1610612736	4.362087	
layer0.ffn.swish	140561	141210	649	128	0	0	0	532480	532480	820462249614	820462249614	1640924499229	0	0.000000	
layer0.attn.proj	75562	89086	13524	6465	0	0	0	8536640	32832	631221532091	2427684117	633649216208	536870912	5.068523	
layer0.attn.res	89086	93556	4470	128	0	0	0	4210688	2105344	941988366890	470994183445	1412982550335	0	0.000000	
layer0.ffn.res	179792	184134	4342	128	0	0	0	4210688	2105344	969757715338	484878857669	1454636573007	0	0.000000	
layer0.attn.rn	184134	189462	5328	640	0	0	0	2121792	2105344	398234234234	395147147147	793381381381	0	0.000000	
