OpName	StartCycle	EndCycle	TotalCycle	ComputeCycles	MemoryStalls	WeightLoadCycles	SystolicMemoryStalls	MemoryReads	MemoryWrites	ReadBandwidth	WriteBandwidth	TotalMemoryBandwidth	NumCalculation	NpuUtilization	
layer0.ffn.fc2	543293	581690	38397	21875	0	0	0	34145600	32832	889277808162	855066802	890132874964	2147483648	5.991863	
layer0.attn.proj	477377	491720	14343	6465	0	0	0	8536640	32832	595178135675	2289060865	597467196541	536870912	5.068523	
layer0.ffn.swish	542581	543293	712	128	0	0	0	532480	532480	747865168539	747865168539	1495730337078	0	0.000000	
layer0.ffn.res	581690	587630	5940	128	0	0	0	4210688	2105344	708870033670	354435016835	1063305050505	0	0.000000	
layer0.ffn.rn	497075	500652	3577	640	0	0	0	2121792	2105344	593176404808	588578138104	1181754542913	0	0.000000	
layer0.ffn.fc1	500652	542581	41929	27648	0	0	0	35721536	32832	851952968112	783037992	852736006105	2147483648	4.740741	
layer0.attn.res	491720	497075	5355	128	0	0	0	4210688	2105344	786309617180	393154808590	1179464425770	0	0.000000	
