OpName	StartCycle	EndCycle	TotalCycle	ComputeCycles	MemoryStalls	WeightLoadCycles	SystolicMemoryStalls	MemoryReads	MemoryWrites	ReadBandwidth	WriteBandwidth	TotalMemoryBandwidth	NumCalculation	NpuUtilization	
layer0.ffn.fc2	287609	324115	36506	21875	0	0	0	34145600	32832	935342135539	899359009	936241494548	2147483648	5.991863	
layer0.attn.res	235663	240702	5039	128	0	0	0	4210688	2105344	835619765826	417809882913	1253429648739	0	0.000000	
layer0.ffn.swish	286910	287609	699	128	0	0	0	532480	532480	761773962804	761773962804	1523547925608	0	0.000000	
layer0.ffn.rn	240702	245467	4765	640	0	0	0	2121792	2105344	445286883525	441835047219	887121930745	0	0.000000	
layer0.attn.QKVgen	333816	367663	33847	23187	0	0	0	27316544	32832	807059532602	970012113	808029544715	1610612736	4.239617	
layer0.ffn.fc1	245467	286910	41443	27251	0	0	0	35721536	32832	861943778201	792220640	862735998841	2147483648	4.809805	
layer0.attn.proj	222194	235663	13469	6862	0	0	0	8536640	32832	633799094216	2437597445	636236691662	536870912	4.775284	
layer0.attn.rn	329465	333816	4351	640	0	0	0	2121792	2105344	487656170995	483875890599	971532061595	0	0.000000	
layer0.ffn.res	324115	329465	5350	128	0	0	0	4210688	2105344	787044485981	393522242990	1180566728971	0	0.000000	
