OpName	StartCycle	EndCycle	TotalCycle	ComputeCycles	MemoryStalls	WeightLoadCycles	SystolicMemoryStalls	MemoryReads	MemoryWrites	ReadBandwidth	WriteBandwidth	TotalMemoryBandwidth	NumCalculation	NpuUtilization	
layer0.ffn.rn	386510	390831	4321	640	0	0	0	2121792	2105344	491041888451	487235362184	978277250636	0	0.000000	
layer0.ffn.swish	433398	434007	609	128	0	0	0	532480	532480	874351395730	874351395730	1748702791461	0	0.000000	
layer0.ffn.res	473090	477377	4287	128	0	0	0	4210688	2105344	982199206904	491099603452	1473298810356	0	0.000000	
layer0.ffn.fc2	434007	473090	39083	22383	0	0	0	34145600	32832	873668858583	840058337	874508916920	2147483648	5.855873	
layer0.ffn.fc1	390831	433398	42567	27934	0	0	0	35721536	32832	839183780863	771301712	839955082575	2147483648	4.692203	
layer0.attn.proj	369087	381368	12281	7227	0	0	0	8536640	32832	695109518768	2673397931	697782916700	536870912	4.534108	
layer0.attn.res	381368	386510	5142	128	0	0	0	4210688	2105344	818881369117	409440684558	1228322053675	0	0.000000	
