OpName	StartCycle	EndCycle	TotalCycle	ComputeCycles	MemoryStalls	WeightLoadCycles	SystolicMemoryStalls	MemoryReads	MemoryWrites	ReadBandwidth	WriteBandwidth	TotalMemoryBandwidth	NumCalculation	NpuUtilization	
layer0.ffn.rn	94054	98118	4064	640	0	0	0	2121792	2105344	522094488188	518047244094	1040141732283	0	0.000000	
layer0.ffn.fc2	140036	178894	38858	23653	0	0	0	34145600	32832	878727675124	844922538	879572597663	2147483648	5.541454	
layer0.ffn.fc1	98118	139412	41294	28188	0	0	0	35721536	32832	865053906136	795079188	865848985324	2147483648	4.649922	
layer0.attn.QKVgen	188658	222585	33927	23441	0	0	0	27316544	32832	805156483037	967724820	806124207858	1610612736	4.193678	
layer0.ffn.swish	139412	140036	624	128	0	0	0	532480	532480	853333333333	853333333333	1706666666666	0	0.000000	
layer0.attn.proj	74991	88333	13342	5957	0	0	0	8536640	32832	639832109129	2460800479	642292909608	536870912	5.500755	
layer0.attn.res	88333	94054	5721	128	0	0	0	4210688	2105344	736005593427	368002796713	1104008390141	0	0.000000	
layer0.ffn.res	178894	184611	5717	128	0	0	0	4210688	2105344	736520552737	368260276368	1104780829106	0	0.000000	
layer0.attn.rn	184611	188658	4047	640	0	0	0	2121792	2105344	524287620459	520223375339	1044510995799	0	0.000000	
