OpName	StartCycle	EndCycle	TotalCycle	ComputeCycles	MemoryStalls	WeightLoadCycles	SystolicMemoryStalls	MemoryReads	MemoryWrites	ReadBandwidth	WriteBandwidth	TotalMemoryBandwidth	NumCalculation	NpuUtilization	
layer0.ffn.fc2	290489	326653	36164	24050	0	0	0	34145600	32832	944187589868	907864174	945095454042	2147483648	5.449979	
layer0.attn.res	238266	244347	6081	128	0	0	0	4210688	2105344	692433481335	346216740667	1038650222002	0	0.000000	
layer0.ffn.swish	289751	290489	738	128	0	0	0	532480	532480	721517615176	721517615176	1443035230352	0	0.000000	
layer0.ffn.rn	244347	247455	3108	640	0	0	0	2121792	2105344	682687258687	677395109395	1360082368082	0	0.000000	
layer0.attn.QKVgen	336123	370024	33901	22679	0	0	0	27316544	32832	805773988967	968467006	806742455974	1610612736	4.334583	
layer0.ffn.fc1	247455	289751	42296	27283	0	0	0	35721536	32832	844560620389	776243616	845336864006	2147483648	4.804164	
layer0.attn.proj	223505	238266	14761	7259	0	0	0	8536640	32832	578323961791	2224239550	580548201341	536870912	4.514120	
layer0.attn.rn	332904	336123	3219	640	0	0	0	2121792	2105344	659146318732	654036657347	1313182976079	0	0.000000	
layer0.ffn.res	326653	332904	6251	128	0	0	0	4210688	2105344	673602303631	336801151815	1010403455447	0	0.000000	
