OpName	StartCycle	EndCycle	TotalCycle	ComputeCycles	MemoryStalls	WeightLoadCycles	SystolicMemoryStalls	MemoryReads	MemoryWrites	ReadBandwidth	WriteBandwidth	TotalMemoryBandwidth	NumCalculation	NpuUtilization	
layer0.ffn.fc2	544781	583300	38519	21621	0	0	0	34145600	32832	886461226926	852358576	887313585503	2147483648	6.062254	
layer0.attn.proj	479282	492967	13685	6211	0	0	0	8536640	32832	623795396419	2399123127	626194519546	536870912	5.275801	
layer0.ffn.swish	544027	544781	754	128	0	0	0	532480	532480	706206896551	706206896551	1412413793103	0	0.000000	
layer0.ffn.res	583300	588537	5237	128	0	0	0	4210688	2105344	804026732862	402013366431	1206040099293	0	0.000000	
layer0.ffn.rn	498442	502787	4345	640	0	0	0	2121792	2105344	488329574223	484544073647	972873647871	0	0.000000	
layer0.ffn.fc1	502787	544027	41240	29061	0	0	0	35721536	32832	866186614936	796120271	866982735208	2147483648	4.510237	
layer0.attn.res	492967	498442	5475	128	0	0	0	4210688	2105344	769075433789	384537716894	1153613150684	0	0.000000	
