OpName	StartCycle	EndCycle	TotalCycle	ComputeCycles	MemoryStalls	WeightLoadCycles	SystolicMemoryStalls	MemoryReads	MemoryWrites	ReadBandwidth	WriteBandwidth	TotalMemoryBandwidth	NumCalculation	NpuUtilization	
layer0.ffn.fc2	284148	322373	38225	21875	0	0	0	34145600	32832	893279267495	858914323	894138181818	2147483648	5.991863	
layer0.attn.res	232022	238138	6116	128	0	0	0	4210688	2105344	688470896010	344235448005	1032706344015	0	0.000000	
layer0.ffn.swish	283389	284148	759	128	0	0	0	532480	532480	701554677206	701554677206	1403109354413	0	0.000000	
layer0.ffn.rn	238138	241531	3393	640	0	0	0	2121792	2105344	625343943412	620496315944	1245840259357	0	0.000000	
layer0.attn.QKVgen	331379	366135	34756	21774	0	0	0	27316544	32832	785951893198	944642651	786896535849	1610612736	4.514742	
layer0.ffn.fc1	241531	283389	41858	27394	0	0	0	35721536	32832	853398060107	784366190	854182426298	2147483648	4.784697	
layer0.attn.proj	218612	232022	13410	6719	0	0	0	8536640	32832	636587621178	2448322147	639035943325	536870912	4.876916	
layer0.attn.rn	328594	331379	2785	640	0	0	0	2121792	2105344	761864272890	755958348294	1517822621184	0	0.000000	
layer0.ffn.res	322373	328594	6221	128	0	0	0	4210688	2105344	676850667095	338425333547	1015276000642	0	0.000000	
