OpName	StartCycle	EndCycle	TotalCycle	ComputeCycles	MemoryStalls	WeightLoadCycles	SystolicMemoryStalls	MemoryReads	MemoryWrites	ReadBandwidth	WriteBandwidth	TotalMemoryBandwidth	NumCalculation	NpuUtilization	
layer0.ffn.rn	387404	392297	4893	640	0	0	0	2121792	2105344	433638258736	430276721847	863914980584	0	0.000000	
layer0.ffn.swish	434306	434941	635	128	0	0	0	532480	532480	838551181102	838551181102	1677102362204	0	0.000000	
layer0.ffn.res	473876	479282	5406	128	0	0	0	4210688	2105344	778891601923	389445800961	1168337402885	0	0.000000	
layer0.ffn.fc2	434941	473876	38935	22891	0	0	0	34145600	32832	876989854886	843251573	877833106459	2147483648	5.725918	
layer0.ffn.fc1	392297	434306	42009	29283	0	0	0	35721536	32832	850330548215	781546811	851112095027	2147483648	4.476044	
layer0.attn.proj	370024	383143	13119	7227	0	0	0	8536640	32832	650708133241	2502629773	653210763015	536870912	4.534108	
layer0.attn.res	383143	387404	4261	128	0	0	0	4210688	2105344	988192443088	494096221544	1482288664632	0	0.000000	
