OpName	StartCycle	EndCycle	TotalCycle	ComputeCycles	MemoryStalls	WeightLoadCycles	SystolicMemoryStalls	MemoryReads	MemoryWrites	ReadBandwidth	WriteBandwidth	TotalMemoryBandwidth	NumCalculation	NpuUtilization	
layer0.ffn.fc2	538813	575884	37071	21113	0	0	0	34145600	32832	921086563621	885651857	921972215478	2147483648	6.208118	
layer0.attn.proj	472848	487383	14535	6211	0	0	0	8536640	32832	587316133470	2258823529	589574957000	536870912	5.275801	
layer0.ffn.swish	538032	538813	781	128	0	0	0	532480	532480	681792573623	681792573623	1363585147247	0	0.000000	
layer0.ffn.res	575884	580162	4278	128	0	0	0	4210688	2105344	984265544647	492132772323	1476398316970	0	0.000000	
layer0.ffn.rn	491700	497184	5484	640	0	0	0	2121792	2105344	386905908096	383906637490	770812545587	0	0.000000	
layer0.ffn.fc1	497184	538032	40848	28299	0	0	0	35721536	32832	874499020759	803760282	875302781041	2147483648	4.631683	
layer0.attn.res	487383	491700	4317	128	0	0	0	4210688	2105344	975373639101	487686819550	1463060458651	0	0.000000	
