OpName	StartCycle	EndCycle	TotalCycle	ComputeCycles	MemoryStalls	WeightLoadCycles	SystolicMemoryStalls	MemoryReads	MemoryWrites	ReadBandwidth	WriteBandwidth	TotalMemoryBandwidth	NumCalculation	NpuUtilization	
layer0.attn.rn	35915	40516	4601	640	0	0	0	2121792	2105344	461158878504	457584003477	918742881982	0	0.000000	
layer0.attn.QKVgen	40516	75528	35012	21774	0	0	0	27316544	32832	780205186793	937735633	781142922426	1610612736	4.514742	
