Stage	total_cycles	pim_cycles	mem_bw_util	
A	20238	0	64.741761	
B	24256	9175	55.298689	
C	74308	6909	71.351083	
D	73676	8860	72.107182	
E	54118	7305	73.759770	
F	46439	0	85.515273	
