Stage	total_cycles	pim_cycles	mem_bw_util	
A	20238	0	64.741761	
B	26411	8991	50.816658	
C	72356	7436	73.276318	
D	72380	8805	73.407968	
E	50877	7066	78.459323	
F	48140	0	82.493638	
