Stage	total_cycles	pim_cycles	mem_bw_util	
A	20238	0	64.741761	
B	20683	8668	64.795363	
C	73758	6754	71.834920	
D	69083	8848	76.884689	
E	50597	6345	78.822114	
F	47243	0	84.059940	
