Stage	total_cycles	pim_cycles	mem_bw_util	
A	20238	0	64.741761	
B	34191	9419	39.288848	
C	74274	11834	71.702497	
D	72363	9120	73.443092	
E	54058	11236	74.279593	
F	46041	0	86.254507	
