OpName	StartCycle	EndCycle	TotalCycle	ComputeCycles	MemoryStalls	WeightLoadCycles	SystolicMemoryStalls	MemoryReads	MemoryWrites	ReadBandwidth	WriteBandwidth	TotalMemoryBandwidth	NumCalculation	NpuUtilization	
layer0.attn.QKVgen	99305	118798	19493	10887	0	0	0	12872000	8256	660339609090	423536654	660763145744	201326592	1.128686	
layer0.ffn.fc1	52519	76204	23685	13951	0	0	0	17074496	8256	720899134473	348575047	721247709520	268435456	1.174396	
layer0.ffn.swish	76204	76497	293	32	0	0	0	133120	133120	454334470989	454334470989	908668941979	0	0.000000	
layer0.attn.rn	98818	99305	487	160	0	0	0	272448	264192	559441478439	542488706365	1101930184804	0	0.000000	
layer0.ffn.res	98235	98818	583	32	0	0	0	528384	264192	906319039451	453159519725	1359478559176	0	0.000000	
layer0.ffn.rn	51901	52519	618	160	0	0	0	272448	264192	440854368932	427495145631	868349514563	0	0.000000	
layer0.attn.res	51039	51901	862	32	0	0	0	528384	264192	612974477958	306487238979	919461716937	0	0.000000	
layer0.ffn.fc2	76497	98235	21738	12159	0	0	0	16942400	8256	779390928328	379795749	779770724077	268435456	1.347479	
layer0.attn.proj	44491	51039	6548	4163	0	0	0	4235840	8256	646890653634	1260843005	648151496640	67108864	0.983906	
