OpName	StartCycle	EndCycle	TotalCycle	ComputeCycles	MemoryStalls	WeightLoadCycles	SystolicMemoryStalls	MemoryReads	MemoryWrites	ReadBandwidth	WriteBandwidth	TotalMemoryBandwidth	NumCalculation	NpuUtilization	
layer0.ffn.fc2	262684	280796	18112	12302	0	0	0	16942400	8256	935424028268	455830388	935879858657	268435456	1.331816	
layer0.attn.res	240736	241404	668	32	0	0	0	528384	264192	790994011976	395497005988	1186491017964	0	0.000000	
layer0.ffn.fc1	242128	262502	20374	12681	0	0	0	17074496	8256	838053205065	405222342	838458427407	268435456	1.292012	
layer0.ffn.rn	241404	242128	724	160	0	0	0	272448	264192	376309392265	364906077348	741215469613	0	0.000000	
layer0.attn.proj	234353	240736	6383	3147	0	0	0	4235840	8256	663612721290	1293435688	664906156979	67108864	1.301557	
layer0.ffn.swish	262502	262684	182	32	0	0	0	133120	133120	731428571428	731428571428	1462857142857	0	0.000000	
layer0.ffn.res	280796	281595	799	32	0	0	0	528384	264192	661306633291	330653316645	991959949937	0	0.000000	
