OpName	StartCycle	EndCycle	TotalCycle	ComputeCycles	MemoryStalls	WeightLoadCycles	SystolicMemoryStalls	MemoryReads	MemoryWrites	ReadBandwidth	WriteBandwidth	TotalMemoryBandwidth	NumCalculation	NpuUtilization	
layer0.attn.proj	128699	134901	6202	4163	0	0	0	4235840	8256	682979683972	1331183489	684310867462	67108864	0.983906	
layer0.ffn.swish	161138	161653	515	32	0	0	0	133120	133120	258485436893	258485436893	516970873786	0	0.000000	
layer0.ffn.res	180021	180600	579	32	0	0	0	528384	264192	912580310880	456290155440	1368870466321	0	0.000000	
layer0.attn.rn	180600	181214	614	160	0	0	0	272448	264192	443726384364	430280130293	874006514657	0	0.000000	
layer0.ffn.rn	135751	136374	623	160	0	0	0	272448	264192	437316211878	424064205457	861380417335	0	0.000000	
layer0.ffn.fc2	161653	180021	18368	12667	0	0	0	16942400	8256	922386759581	449477351	922836236933	268435456	1.293440	
layer0.attn.QKVgen	181214	201061	19847	11284	0	0	0	12872000	8256	648561495440	415982264	648977477704	201326592	1.088976	
layer0.ffn.fc1	136374	161138	24764	14459	0	0	0	17074496	8256	689488612502	333387174	689821999676	268435456	1.133135	
layer0.attn.res	134901	135751	850	32	0	0	0	528384	264192	621628235294	310814117647	932442352941	0	0.000000	
