OpName	StartCycle	EndCycle	TotalCycle	ComputeCycles	MemoryStalls	WeightLoadCycles	SystolicMemoryStalls	MemoryReads	MemoryWrites	ReadBandwidth	WriteBandwidth	TotalMemoryBandwidth	NumCalculation	NpuUtilization	
layer0.attn.proj	114675	121251	6576	4163	0	0	0	4235840	8256	644136253041	1255474452	645391727493	67108864	0.983906	
layer0.ffn.swish	146061	146240	179	32	0	0	0	133120	133120	743687150837	743687150837	1487374301675	0	0.000000	
layer0.ffn.res	165823	166624	801	32	0	0	0	528384	264192	659655430711	329827715355	989483146067	0	0.000000	
layer0.attn.rn	166624	167065	441	160	0	0	0	272448	264192	617795918367	599074829931	1216870748299	0	0.000000	
layer0.ffn.rn	122021	122469	448	156	0	0	0	272448	264192	608142857142	589714285714	1197857142857	0	0.000000	
layer0.ffn.fc2	146240	165823	19583	12413	0	0	0	16942400	8256	865158555890	421590154	865580146045	268435456	1.319907	
layer0.attn.QKVgen	167065	183757	16692	10887	0	0	0	12872000	8256	771147855260	494608195	771642463455	201326592	1.128686	
layer0.ffn.fc1	122469	146061	23592	13951	0	0	0	17074496	8256	723740929128	349949135	724090878263	268435456	1.174396	
layer0.attn.res	121251	122021	770	32	0	0	0	528384	264192	686212987012	343106493506	1029319480519	0	0.000000	
