OpName	StartCycle	EndCycle	TotalCycle	ComputeCycles	MemoryStalls	WeightLoadCycles	SystolicMemoryStalls	MemoryReads	MemoryWrites	ReadBandwidth	WriteBandwidth	TotalMemoryBandwidth	NumCalculation	NpuUtilization	
layer0.attn.QKVgen	96167	114675	18508	10633	0	0	0	12872000	8256	695483034363	446077371	695929111735	201326592	1.155648	
layer0.ffn.fc1	47786	73852	26066	13951	0	0	0	17074496	8256	655048569017	316734443	655365303460	268435456	1.174396	
layer0.ffn.swish	73852	74033	181	32	0	0	0	133120	133120	735469613259	735469613259	1470939226519	0	0.000000	
layer0.attn.rn	95221	96167	946	160	0	0	0	272448	264192	288000000000	279272727272	567272727272	0	0.000000	
layer0.ffn.res	94655	95221	566	32	0	0	0	528384	264192	933540636042	466770318021	1400310954063	0	0.000000	
layer0.ffn.rn	47314	47786	472	160	0	0	0	272448	264192	577220338983	559728813559	1136949152542	0	0.000000	
layer0.attn.res	46479	47314	835	32	0	0	0	528384	264192	632795209580	316397604790	949192814371	0	0.000000	
layer0.ffn.fc2	74033	94655	20622	11397	0	0	0	16942400	8256	821569197943	400349141	821969547085	268435456	1.437571	
layer0.attn.proj	40918	46479	5561	3655	0	0	0	4235840	8256	761704729365	1484625067	763189354432	67108864	1.120657	
