OpName	StartCycle	EndCycle	TotalCycle	ComputeCycles	MemoryStalls	WeightLoadCycles	SystolicMemoryStalls	MemoryReads	MemoryWrites	ReadBandwidth	WriteBandwidth	TotalMemoryBandwidth	NumCalculation	NpuUtilization	
layer0.ffn.swish	225996	226177	181	32	0	0	0	133120	133120	735469613259	735469613259	1470939226519	0	0.000000	
layer0.ffn.rn	199752	200322	570	160	0	0	0	272448	264192	477978947368	463494736842	941473684210	0	0.000000	
layer0.ffn.fc2	226177	245815	19638	12159	0	0	0	16942400	8256	862735512781	420409410	863155922191	268435456	1.347479	
layer0.ffn.fc1	200322	225996	25674	14713	0	0	0	17074496	8256	665050089584	321570460	665371660045	268435456	1.113573	
layer0.attn.res	198810	199752	942	32	0	0	0	528384	264192	560917197452	280458598726	841375796178	0	0.000000	
layer0.ffn.res	245815	246590	775	32	0	0	0	528384	264192	681785806451	340892903225	1022678709677	0	0.000000	
layer0.attn.proj	192473	198810	6337	4163	0	0	0	4235840	8256	668429856398	1302824680	669732681079	67108864	0.983906	
