OpName	StartCycle	EndCycle	TotalCycle	ComputeCycles	MemoryStalls	WeightLoadCycles	SystolicMemoryStalls	MemoryReads	MemoryWrites	ReadBandwidth	WriteBandwidth	TotalMemoryBandwidth	NumCalculation	NpuUtilization	
layer0.ffn.fc2	273620	292141	18521	12048	0	0	0	16942400	8256	914767021219	445764267	915212785486	268435456	1.359894	
layer0.attn.res	252576	253173	597	32	0	0	0	528384	264192	885065326633	442532663316	1327597989949	0	0.000000	
layer0.ffn.fc1	253713	273439	19726	13443	0	0	0	17074496	8256	865583291087	418533914	866001825002	268435456	1.218776	
layer0.ffn.rn	253173	253713	540	160	0	0	0	272448	264192	504533333333	489244444444	993777777777	0	0.000000	
layer0.attn.proj	246590	252576	5986	3401	0	0	0	4235840	8256	707624457066	1379218175	709003675242	67108864	1.204352	
layer0.ffn.swish	273439	273620	181	32	0	0	0	133120	133120	735469613259	735469613259	1470939226519	0	0.000000	
layer0.ffn.res	292141	293028	887	32	0	0	0	528384	264192	595697857948	297848928974	893546786922	0	0.000000	
