OpName	StartCycle	EndCycle	TotalCycle	ComputeCycles	MemoryStalls	WeightLoadCycles	SystolicMemoryStalls	MemoryReads	MemoryWrites	ReadBandwidth	WriteBandwidth	TotalMemoryBandwidth	NumCalculation	NpuUtilization	
layer0.ffn.fc2	280121	300567	20446	11397	0	0	0	16942400	8256	828641299031	403795363	829045094394	268435456	1.437571	
layer0.attn.res	260254	260838	584	32	0	0	0	528384	264192	904767123287	452383561643	1357150684931	0	0.000000	
layer0.ffn.fc1	261211	279941	18730	13697	0	0	0	17074496	8256	911612172984	440790176	912052963160	268435456	1.196174	
layer0.ffn.rn	260838	261211	373	160	0	0	0	272448	264192	730423592493	708289544235	1438713136729	0	0.000000	
layer0.attn.proj	255118	260254	5136	3401	0	0	0	4235840	8256	824735202492	1607476635	826342679127	67108864	1.204352	
layer0.ffn.swish	279941	280121	180	32	0	0	0	133120	133120	739555555555	739555555555	1479111111111	0	0.000000	
layer0.ffn.res	300567	301158	591	32	0	0	0	528384	264192	894050761421	447025380710	1341076142131	0	0.000000	
