OpName	StartCycle	EndCycle	TotalCycle	ComputeCycles	MemoryStalls	WeightLoadCycles	SystolicMemoryStalls	MemoryReads	MemoryWrites	ReadBandwidth	WriteBandwidth	TotalMemoryBandwidth	NumCalculation	NpuUtilization	
layer0.attn.proj	119001	125079	6078	3655	0	0	0	4235840	8256	696913458374	1358341559	698271799934	67108864	1.120657	
layer0.ffn.swish	152371	152552	181	32	0	0	0	133120	133120	735469613259	735469613259	1470939226519	0	0.000000	
layer0.ffn.res	170401	170997	596	32	0	0	0	528384	264192	886550335570	443275167785	1329825503355	0	0.000000	
layer0.attn.rn	170997	171455	458	160	0	0	0	272448	264192	594864628820	576838427947	1171703056768	0	0.000000	
layer0.ffn.rn	125878	126413	535	144	0	0	0	272448	264128	509248598130	493697196261	1002945794392	0	0.000000	
layer0.ffn.fc2	152552	170401	17849	13429	0	0	0	16942400	8256	949207238500	462546921	949669785422	268435456	1.220046	
layer0.attn.QKVgen	171455	191380	19925	11030	0	0	0	12872000	8256	646022584692	414353826	646436938519	201326592	1.114053	
layer0.ffn.fc1	126413	152371	25958	15729	0	0	0	17074496	8256	657773942522	318052238	658091994760	268435456	1.041643	
layer0.attn.res	125079	125878	799	32	0	0	0	528384	264192	661306633291	330653316645	991959949937	0	0.000000	
