OpName	StartCycle	EndCycle	TotalCycle	ComputeCycles	MemoryStalls	WeightLoadCycles	SystolicMemoryStalls	MemoryReads	MemoryWrites	ReadBandwidth	WriteBandwidth	TotalMemoryBandwidth	NumCalculation	NpuUtilization	
layer0.ffn.swish	214954	215137	183	32	0	0	0	133120	133120	727431693989	727431693989	1454863387978	0	0.000000	
layer0.ffn.rn	190271	190842	571	160	0	0	0	272448	264192	477141856392	462683012259	939824868651	0	0.000000	
layer0.ffn.fc2	215137	233613	18476	12302	0	0	0	16942400	8256	916995020567	446849967	917441870534	268435456	1.331816	
layer0.ffn.fc1	190842	214954	24112	14205	0	0	0	17074496	8256	708132714001	342402123	708475116124	268435456	1.153397	
layer0.attn.res	189318	190271	953	32	0	0	0	528384	264192	554442812172	277221406086	831664218258	0	0.000000	
layer0.ffn.res	233613	234353	740	32	0	0	0	528384	264192	714032432432	357016216216	1071048648648	0	0.000000	
layer0.attn.proj	183757	189318	5561	3401	0	0	0	4235840	8256	761704729365	1484625067	763189354432	67108864	1.204352	
