OpName	StartCycle	EndCycle	TotalCycle	ComputeCycles	MemoryStalls	WeightLoadCycles	SystolicMemoryStalls	MemoryReads	MemoryWrites	ReadBandwidth	WriteBandwidth	TotalMemoryBandwidth	NumCalculation	NpuUtilization	
layer0.attn.QKVgen	100539	119001	18462	11141	0	0	0	12872000	8256	697215902935	447188820	697663091756	201326592	1.102953	
layer0.ffn.fc1	55399	78941	23542	13951	0	0	0	17074496	8256	725278056239	350692379	725628748619	268435456	1.174396	
layer0.ffn.swish	78941	79124	183	32	0	0	0	133120	133120	727431693989	727431693989	1454863387978	0	0.000000	
layer0.attn.rn	100061	100539	478	160	0	0	0	272448	264192	569974895397	552702928870	1122677824267	0	0.000000	
layer0.ffn.res	99478	100061	583	32	0	0	0	528384	264192	906319039451	453159519725	1359478559176	0	0.000000	
layer0.ffn.rn	54325	55399	1074	160	0	0	0	272448	264192	253675977653	245988826815	499664804469	0	0.000000	
layer0.attn.res	53240	54325	1085	32	0	0	0	528384	264192	486989861751	243494930875	730484792626	0	0.000000	
layer0.ffn.fc2	79124	99478	20354	11651	0	0	0	16942400	8256	832386754446	405620516	832792374963	268435456	1.406231	
layer0.attn.proj	46646	53240	6594	3544	0	0	0	4235840	8256	642377919320	1252047315	643629966636	67108864	1.155756	
