OpName	StartCycle	EndCycle	TotalCycle	ComputeCycles	MemoryStalls	WeightLoadCycles	SystolicMemoryStalls	MemoryReads	MemoryWrites	ReadBandwidth	WriteBandwidth	TotalMemoryBandwidth	NumCalculation	NpuUtilization	
layer0.attn.proj	118798	125331	6533	3798	0	0	0	4235840	8256	648375937547	1263737945	649639675493	67108864	1.078462	
layer0.ffn.swish	154112	154290	178	32	0	0	0	133120	133120	747865168539	747865168539	1495730337078	0	0.000000	
layer0.ffn.res	172895	173486	591	32	0	0	0	528384	264192	894050761421	447025380710	1341076142131	0	0.000000	
layer0.attn.rn	173486	174183	697	160	0	0	0	272448	264192	390886657101	379041606886	769928263988	0	0.000000	
layer0.ffn.rn	126241	126802	561	160	0	0	0	272448	264192	485647058823	470930481283	956577540106	0	0.000000	
layer0.ffn.fc2	154290	172895	18605	12159	0	0	0	16942400	8256	910636925557	443751679	911080677237	268435456	1.347479	
layer0.attn.QKVgen	174183	192473	18290	11284	0	0	0	12872000	8256	703772553307	451394204	704223947512	201326592	1.088976	
layer0.ffn.fc1	126802	154112	27310	14459	0	0	0	17074496	8256	625210399121	302306847	625512705968	268435456	1.133135	
layer0.attn.res	125331	126241	910	32	0	0	0	528384	264192	580641758241	290320879120	870962637362	0	0.000000	
