OpName	StartCycle	EndCycle	TotalCycle	ComputeCycles	MemoryStalls	WeightLoadCycles	SystolicMemoryStalls	MemoryReads	MemoryWrites	ReadBandwidth	WriteBandwidth	TotalMemoryBandwidth	NumCalculation	NpuUtilization	
layer0.ffn.swish	231323	231842	519	32	0	0	0	133120	133120	256493256262	256493256262	512986512524	0	0.000000	
layer0.ffn.rn	207732	208389	657	160	0	0	0	272448	264192	414684931506	402118721461	816803652968	0	0.000000	
layer0.ffn.fc2	231842	254540	22698	12667	0	0	0	16942400	8256	746426997973	363732487	746790730460	268435456	1.293440	
layer0.ffn.fc1	208389	231323	22934	13443	0	0	0	17074496	8256	744505799250	359989535	744865788785	268435456	1.218776	
layer0.attn.res	206875	207732	857	32	0	0	0	528384	264192	616550758459	308275379229	924826137689	0	0.000000	
layer0.ffn.res	254540	255118	578	32	0	0	0	528384	264192	914159169550	457079584775	1371238754325	0	0.000000	
layer0.attn.proj	201061	206875	5814	3909	0	0	0	4235840	8256	728558651530	1420020639	729978672170	67108864	1.047838	
