OpName	StartCycle	EndCycle	TotalCycle	ComputeCycles	MemoryStalls	WeightLoadCycles	SystolicMemoryStalls	MemoryReads	MemoryWrites	ReadBandwidth	WriteBandwidth	TotalMemoryBandwidth	NumCalculation	NpuUtilization	
layer0.attn.QKVgen	97364	113380	16016	11030	0	0	0	12872000	8256	803696303696	515484515	804211788211	201326592	1.114053	
layer0.ffn.fc1	53446	77744	24298	14205	0	0	0	17074496	8256	702711992756	339781051	703051773808	268435456	1.153397	
layer0.ffn.swish	77744	77923	179	32	0	0	0	133120	133120	743687150837	743687150837	1487374301675	0	0.000000	
layer0.attn.rn	96857	97364	507	160	0	0	0	272448	264192	537372781065	521088757396	1058461538461	0	0.000000	
layer0.ffn.res	96290	96857	567	32	0	0	0	528384	264192	931894179894	465947089947	1397841269841	0	0.000000	
layer0.ffn.rn	52512	53446	934	160	0	0	0	272448	264192	291700214132	282860813704	574561027837	0	0.000000	
layer0.attn.res	51787	52512	725	32	0	0	0	528384	264192	728805517241	364402758620	1093208275862	0	0.000000	
layer0.ffn.fc2	77923	96290	18367	12667	0	0	0	16942400	8256	922436979365	449501823	922886481189	268435456	1.293440	
layer0.attn.proj	45554	51787	6233	4163	0	0	0	4235840	8256	679582865393	1324562810	680907428204	67108864	0.983906	
