OpName	StartCycle	EndCycle	TotalCycle	ComputeCycles	MemoryStalls	WeightLoadCycles	SystolicMemoryStalls	MemoryReads	MemoryWrites	ReadBandwidth	WriteBandwidth	TotalMemoryBandwidth	NumCalculation	NpuUtilization	
layer0.ffn.swish	223059	223242	183	32	0	0	0	133120	133120	727431693989	727431693989	1454863387978	0	0.000000	
layer0.ffn.rn	198841	200023	1182	160	0	0	0	272448	264192	230497461928	223512690355	454010152284	0	0.000000	
layer0.ffn.fc2	223242	241552	18310	11905	0	0	0	16942400	8256	925308574549	450901146	925759475696	268435456	1.376228	
layer0.ffn.fc1	200023	223059	23036	14205	0	0	0	17074496	8256	741209237714	358395554	741567633269	268435456	1.153397	
layer0.attn.res	197886	198841	955	32	0	0	0	528384	264192	553281675392	276640837696	829922513089	0	0.000000	
layer0.ffn.res	241552	242256	704	32	0	0	0	528384	264192	750545454545	375272727272	1125818181818	0	0.000000	
layer0.attn.proj	191380	197886	6506	4417	0	0	0	4235840	8256	651066707654	1268982477	652335690132	67108864	0.927326	
