OpName	StartCycle	EndCycle	TotalCycle	ComputeCycles	MemoryStalls	WeightLoadCycles	SystolicMemoryStalls	MemoryReads	MemoryWrites	ReadBandwidth	WriteBandwidth	TotalMemoryBandwidth	NumCalculation	NpuUtilization	
layer0.ffn.fc2	271494	289737	18243	13572	0	0	0	16942400	8256	928706901277	452557145	929159458422	268435456	1.207191	
layer0.attn.res	248715	249321	606	32	0	0	0	528384	264192	871920792079	435960396039	1307881188118	0	0.000000	
layer0.ffn.fc1	249862	271138	21276	13189	0	0	0	17074496	8256	802523782665	388042865	802911825531	268435456	1.242247	
layer0.ffn.rn	249321	249862	541	160	0	0	0	272448	264192	503600739371	488340110905	991940850277	0	0.000000	
layer0.attn.proj	242256	248715	6459	3655	0	0	0	4235840	8256	655804304071	1278216442	657082520514	67108864	1.120657	
layer0.ffn.swish	271138	271494	356	32	0	0	0	133120	133120	373932584269	373932584269	747865168539	0	0.000000	
layer0.ffn.res	289737	290395	658	32	0	0	0	528384	264192	803015197568	401507598784	1204522796352	0	0.000000	
