Stage	total_cycles	pim_cycles	mem_bw_util	
A	34260	0	54.375182	
B	111851	89235	19.876834	
C	143753	51645	55.114850	
D	149007	96979	54.684092	
E	113726	51822	53.285693	
F	94569	0	62.660267	
