Stage	total_cycles	pim_cycles	mem_bw_util	
A	34260	0	54.375182	
B	111546	84224	19.709638	
C	140755	51430	56.241253	
D	149137	90732	54.478768	
E	107503	50985	56.315463	
F	89676	0	66.079205	
