Stage	total_cycles	pim_cycles	mem_bw_util	
A	34260	0	54.375182	
B	104011	82812	21.015806	
C	140811	50881	56.220883	
D	147795	87391	54.883707	
E	108561	51480	55.764789	
F	95772	0	61.873186	
