Stage	total_cycles	pim_cycles	mem_bw_util	
A	34260	0	54.375182	
B	104604	86137	21.082248	
C	140385	52595	56.418465	
D	146532	90217	55.494150	
E	107316	52319	56.464728	
F	92634	0	63.969155	
