OpName	StartCycle	EndCycle	TotalCycle	ComputeCycles	MemoryStalls	WeightLoadCycles	SystolicMemoryStalls	MemoryReads	MemoryWrites	ReadBandwidth	WriteBandwidth	TotalMemoryBandwidth	NumCalculation	NpuUtilization	
layer0.attn.res	546085	551733	5648	256	0	0	0	4227072	2113536	748419263456	374209631728	1122628895184	0	0.000000	
layer0.ffn.rn	551733	555056	3323	1280	0	0	0	2121792	2113536	638517002708	636032500752	1274549503460	0	0.000000	
layer0.ffn.fc1	555056	591574	36518	25473	0	0	0	18911872	131328	517878087518	3596253902	521474341420	2147483648	5.145527	
layer0.attn.proj	535432	546085	10653	6151	0	0	0	4465792	131328	419205106542	12327794987	431532901530	536870912	5.327264	
layer0.ffn.swish	591574	593181	1607	256	0	0	0	1064960	1064960	662700684505	662700684505	1325401369010	0	0.000000	
layer0.ffn.fc2	593181	625457	32276	21635	0	0	0	17861248	131328	553391002602	4068905688	557459908290	2147483648	6.058331	
layer0.ffn.res	625457	631203	5746	256	0	0	0	4227072	2113536	735654716324	367827358162	1103482074486	0	0.000000	
