OpName	StartCycle	EndCycle	TotalCycle	ComputeCycles	MemoryStalls	WeightLoadCycles	SystolicMemoryStalls	MemoryReads	MemoryWrites	ReadBandwidth	WriteBandwidth	TotalMemoryBandwidth	NumCalculation	NpuUtilization	
layer0.ffn.fc1	302301	343083	40782	27394	0	0	0	18911872	131328	463730861654	3220244225	466951105880	2147483648	4.784697	
layer0.ffn.swish	343083	345013	1930	256	0	0	0	1064960	1064960	551792746113	551792746113	1103585492227	0	0.000000	
layer0.attn.res	288252	296747	8495	256	0	0	0	4227072	2113536	497595291347	248797645673	746392937021	0	0.000000	
layer0.attn.rn	390894	395523	4629	1280	0	0	0	2121792	2113536	458369410239	456585871678	914955281918	0	0.000000	
layer0.attn.QKVgen	395523	425776	30253	22028	0	0	0	14709376	131328	486212144250	4340990976	490553135226	1610612736	4.462684	
layer0.ffn.rn	296747	302301	5554	1280	0	0	0	2121792	2113536	382029528267	380543032048	762572560316	0	0.000000	
layer0.ffn.res	386107	390894	4787	256	0	0	0	4227072	2113536	883031543764	441515771882	1324547315646	0	0.000000	
layer0.attn.proj	279245	288252	9007	7167	0	0	0	4465792	131328	495813478405	14580659487	510394137892	536870912	4.572066	
layer0.ffn.fc2	345013	386107	41094	23921	0	0	0	17861248	131328	434643694943	3195795006	437839489949	2147483648	5.479370	
