OpName	StartCycle	EndCycle	TotalCycle	ComputeCycles	MemoryStalls	WeightLoadCycles	SystolicMemoryStalls	MemoryReads	MemoryWrites	ReadBandwidth	WriteBandwidth	TotalMemoryBandwidth	NumCalculation	NpuUtilization	
layer0.attn.rn	243402	248711	5309	1280	0	0	0	2121792	2113536	399659446223	398104351101	797763797325	0	0.000000	
layer0.ffn.rn	155020	159446	4426	1272	0	0	0	2105344	2113536	475676457297	477527338454	953203795752	0	0.000000	
layer0.ffn.res	238729	243402	4673	256	0	0	0	4227072	2113536	904573507382	452286753691	1356860261074	0	0.000000	
layer0.attn.proj	138861	147717	8856	6659	0	0	0	4465792	131328	504267389340	14829268292	519096657633	536870912	4.920859	
layer0.attn.res	147717	155020	7303	256	0	0	0	4227072	2109120	578813090510	288801862248	867614952759	0	0.000000	
layer0.ffn.swish	200627	202642	2015	256	0	0	0	1064960	1064960	528516129032	528516129032	1057032258064	0	0.000000	
layer0.ffn.fc2	202642	238729	36087	23921	0	0	0	17861248	131328	494949649458	3639205253	498588854712	2147483648	5.479370	
layer0.ffn.fc1	159446	200627	41181	26235	0	0	0	18911872	131264	459237803841	3187489376	462425293217	2147483648	4.996074	
layer0.attn.QKVgen	248711	279245	30534	21885	0	0	0	14709376	131328	481737603982	4301041461	486038645444	1610612736	4.491844	
