OpName	StartCycle	EndCycle	TotalCycle	ComputeCycles	MemoryStalls	WeightLoadCycles	SystolicMemoryStalls	MemoryReads	MemoryWrites	ReadBandwidth	WriteBandwidth	TotalMemoryBandwidth	NumCalculation	NpuUtilization	
layer0.ffn.swish	501121	503383	2262	256	0	0	0	1064960	1064960	470804597701	470804597701	941609195402	0	0.000000	
layer0.ffn.fc1	458225	501121	42896	27791	0	0	0	18911872	131328	440877284595	3061544199	443938828795	2147483648	4.716347	
layer0.ffn.fc2	503383	536858	33475	22651	0	0	0	17861248	131328	533569768483	3923166542	537492935026	2147483648	5.786588	
layer0.ffn.res	536858	543195	6337	256	0	0	0	4227072	2113536	667046236389	333523118194	1000569354584	0	0.000000	
layer0.ffn.rn	454720	458225	3505	1280	0	0	0	2121792	2113536	605361483594	603005991440	1208367475035	0	0.000000	
layer0.attn.res	444908	454720	9812	256	0	0	0	4227072	2113472	430806359559	215396657154	646203016714	0	0.000000	
layer0.attn.proj	435693	444908	9215	7056	0	0	0	4465792	131328	484622029300	14251546391	498873575691	536870912	4.643991	
