OpName	StartCycle	EndCycle	TotalCycle	ComputeCycles	MemoryStalls	WeightLoadCycles	SystolicMemoryStalls	MemoryReads	MemoryWrites	ReadBandwidth	WriteBandwidth	TotalMemoryBandwidth	NumCalculation	NpuUtilization	
layer0.attn.QKVgen	43109	75411	32302	21123	0	0	0	14709376	131328	455370441458	4065630611	459436072069	1610612736	4.653884	
layer0.attn.rn	34258	43109	8851	1280	0	0	0	2121792	2113536	239723421082	238790645124	478514066207	0	0.000000	
