OpName	StartCycle	EndCycle	TotalCycle	ComputeCycles	MemoryStalls	WeightLoadCycles	SystolicMemoryStalls	MemoryReads	MemoryWrites	ReadBandwidth	WriteBandwidth	TotalMemoryBandwidth	NumCalculation	NpuUtilization	
layer0.attn.QKVgen	38279	72546	34267	21774	0	0	0	14709376	131328	429257769866	3832491901	433090261767	1610612736	4.514742	
layer0.attn.rn	34258	38279	4021	1280	0	0	0	2121792	2113536	527677692116	525624471524	1053302163640	0	0.000000	
