OpName	StartCycle	EndCycle	TotalCycle	ComputeCycles	MemoryStalls	WeightLoadCycles	SystolicMemoryStalls	MemoryReads	MemoryWrites	ReadBandwidth	WriteBandwidth	TotalMemoryBandwidth	NumCalculation	NpuUtilization	
layer0.attn.res	562358	566713	4355	256	0	0	0	4227072	2113536	970625028702	485312514351	1455937543053	0	0.000000	
layer0.ffn.rn	566713	571693	4980	1280	0	0	0	2121792	2113536	426062650602	424404819277	850467469879	0	0.000000	
layer0.ffn.fc1	571693	607508	35815	26235	0	0	0	18911872	131328	528043333798	3666843501	531710177300	2147483648	4.996074	
layer0.attn.proj	552591	562358	9767	5897	0	0	0	4465792	131328	457232722432	13446093989	470678816422	536870912	5.556724	
layer0.ffn.swish	607508	609436	1928	256	0	0	0	1064960	1064960	552365145228	552365145228	1104730290456	0	0.000000	
layer0.ffn.fc2	609436	641563	32127	22651	0	0	0	17861248	131328	555957543499	4087776636	560045320135	2147483648	5.786588	
layer0.ffn.res	641563	647159	5596	256	0	0	0	4227072	2113536	755373838456	377686919228	1133060757684	0	0.000000	
