OpName	StartCycle	EndCycle	TotalCycle	ComputeCycles	MemoryStalls	WeightLoadCycles	SystolicMemoryStalls	MemoryReads	MemoryWrites	ReadBandwidth	WriteBandwidth	TotalMemoryBandwidth	NumCalculation	NpuUtilization	
layer0.attn.res	541062	545683	4621	256	0	0	0	4227072	2113536	914752650941	457376325470	1372128976412	0	0.000000	
layer0.ffn.rn	545683	551086	5403	1280	0	0	0	2121792	2113536	392706274292	391178234314	783884508606	0	0.000000	
layer0.ffn.fc1	551086	585687	34601	27791	0	0	0	18911872	131328	546570099130	3795497239	550365596370	2147483648	4.716347	
layer0.attn.proj	533091	541062	7971	5897	0	0	0	4465792	131328	560254924099	16475724501	576730648601	536870912	5.556724	
layer0.ffn.swish	585687	587185	1498	256	0	0	0	1064960	1064960	710921228304	710921228304	1421842456608	0	0.000000	
layer0.ffn.fc2	587185	619751	32566	23159	0	0	0	17861248	131328	548463059632	4032672112	552495731744	2147483648	5.659657	
layer0.ffn.res	619751	625724	5973	256	0	0	0	4227072	2113536	707696634856	353848317428	1061544952285	0	0.000000	
