OpName	StartCycle	EndCycle	TotalCycle	ComputeCycles	MemoryStalls	WeightLoadCycles	SystolicMemoryStalls	MemoryReads	MemoryWrites	ReadBandwidth	WriteBandwidth	TotalMemoryBandwidth	NumCalculation	NpuUtilization	
layer0.attn.res	550805	555883	5078	256	0	0	0	4227072	2113536	832428515163	416214257581	1248642772745	0	0.000000	
layer0.ffn.rn	555883	560050	4167	1280	0	0	0	2121792	2113536	509189344852	507208063354	1016397408207	0	0.000000	
layer0.ffn.fc1	560050	596574	36524	25616	0	0	0	18911872	131328	517793012813	3595663125	521388675939	2147483648	5.116802	
layer0.attn.proj	543195	550805	7610	6151	0	0	0	4465792	131328	586832063074	17257293035	604089356110	536870912	5.327264	
layer0.ffn.swish	596574	598218	1644	256	0	0	0	1064960	1064960	647785888077	647785888077	1295571776155	0	0.000000	
layer0.ffn.fc2	598218	628313	30095	22143	0	0	0	17861248	131328	593495530819	4363781359	597859312178	2147483648	5.919342	
layer0.ffn.res	628313	632870	4557	256	0	0	0	4227072	2113536	927599736668	463799868334	1391399605003	0	0.000000	
