OpName	StartCycle	EndCycle	TotalCycle	ComputeCycles	MemoryStalls	WeightLoadCycles	SystolicMemoryStalls	MemoryReads	MemoryWrites	ReadBandwidth	WriteBandwidth	TotalMemoryBandwidth	NumCalculation	NpuUtilization	
layer0.ffn.fc1	306220	347276	41056	27251	0	0	0	18911872	131328	460636009353	3198752922	463834762275	2147483648	4.809805	
layer0.ffn.swish	347276	350606	3330	256	0	0	0	1064960	1064960	319807807807	319807807807	639615615615	0	0.000000	
layer0.attn.res	292321	300752	8431	256	0	0	0	4227072	2113536	501372553670	250686276835	752058830506	0	0.000000	
layer0.attn.rn	396176	401214	5038	1280	0	0	0	2121792	2113536	421157602223	419518856689	840676458912	0	0.000000	
layer0.attn.QKVgen	401214	432266	31052	21266	0	0	0	14709376	131328	473701404096	4229292799	477930696895	1610612736	4.622590	
layer0.ffn.rn	300752	306220	5468	1280	0	0	0	2121792	2113536	388038039502	386528163862	774566203365	0	0.000000	
layer0.ffn.res	389860	396176	6316	256	0	0	0	4227072	2113536	669264091196	334632045598	1003896136795	0	0.000000	
layer0.attn.proj	283407	292321	8914	6913	0	0	0	4465792	131328	500986313663	14732779896	515719093560	536870912	4.740055	
layer0.ffn.fc2	350606	389860	39254	22397	0	0	0	17861248	131328	455017272125	3345595353	458362867478	2147483648	5.852212	
