OpName	StartCycle	EndCycle	TotalCycle	ComputeCycles	MemoryStalls	WeightLoadCycles	SystolicMemoryStalls	MemoryReads	MemoryWrites	ReadBandwidth	WriteBandwidth	TotalMemoryBandwidth	NumCalculation	NpuUtilization	
layer0.attn.rn	255978	260157	4179	1280	0	0	0	2121792	2113536	507727207465	505751615218	1013478822684	0	0.000000	
layer0.ffn.rn	162737	167187	4450	1276	0	0	0	2121792	2113536	476807191011	474951910112	951759101123	0	0.000000	
layer0.ffn.res	250085	255978	5893	256	0	0	0	4227072	2113536	717303919904	358651959952	1075955879857	0	0.000000	
layer0.attn.proj	146108	155225	9117	6659	0	0	0	4465792	131328	489831304157	14404738400	504236042557	536870912	4.920859	
layer0.attn.res	155225	162737	7512	256	0	0	0	4227072	2113536	562709265175	281354632587	844063897763	0	0.000000	
layer0.ffn.swish	208077	210734	2657	256	0	0	0	1064960	1064960	400812946932	400812946932	801625893865	0	0.000000	
layer0.ffn.fc2	210734	250085	39351	25191	0	0	0	17861248	131328	453895657035	3337348479	457233005514	2147483648	5.203128	
layer0.ffn.fc1	167187	208077	40890	26378	0	0	0	18911872	131328	462506040596	3211738811	465717779408	2147483648	4.968989	
layer0.attn.QKVgen	260157	289860	29703	22425	0	0	0	14709376	131328	495215163451	4421371578	499636535030	1610612736	4.383679	
