OpName	StartCycle	EndCycle	TotalCycle	ComputeCycles	MemoryStalls	WeightLoadCycles	SystolicMemoryStalls	MemoryReads	MemoryWrites	ReadBandwidth	WriteBandwidth	TotalMemoryBandwidth	NumCalculation	NpuUtilization	
layer0.attn.QKVgen	38291	72917	34626	22028	0	0	0	14709376	131328	424807254664	3792756887	428600011552	1610612736	4.462684	
layer0.attn.rn	34258	38291	4033	1280	0	0	0	2121792	2113536	526107612199	524060500867	1050168113067	0	0.000000	
