OpName	StartCycle	EndCycle	TotalCycle	ComputeCycles	MemoryStalls	WeightLoadCycles	SystolicMemoryStalls	MemoryReads	MemoryWrites	ReadBandwidth	WriteBandwidth	TotalMemoryBandwidth	NumCalculation	NpuUtilization	
layer0.ffn.fc1	301941	342392	40451	26997	0	0	0	18911872	131328	467525450545	3246594645	470772045190	2147483648	4.855058	
layer0.ffn.swish	342392	344769	2377	256	0	0	0	1064960	1064960	448026924694	448026924694	896053849389	0	0.000000	
layer0.attn.res	287789	296467	8678	256	0	0	0	4227072	2113536	487102097257	243551048628	730653145886	0	0.000000	
layer0.attn.rn	390669	395887	5218	1280	0	0	0	2121792	2113536	406629359908	405047144499	811676504407	0	0.000000	
layer0.attn.QKVgen	395887	426872	30985	22679	0	0	0	14709376	131328	474725705986	4238437953	478964143940	1610612736	4.334583	
layer0.ffn.rn	296467	301941	5474	1280	0	0	0	2121792	2113536	387612714651	386104493971	773717208622	0	0.000000	
layer0.ffn.res	385158	390669	5511	256	0	0	0	4227072	2113472	767024496461	383500635093	1150525131555	0	0.000000	
layer0.attn.proj	279078	287789	8711	6913	0	0	0	4465792	131328	512661232923	15076110664	527737343588	536870912	4.740055	
layer0.ffn.fc2	344769	385158	40389	23667	0	0	0	17861248	131328	442230508306	3251578400	445482086706	2147483648	5.538176	
