OpName	StartCycle	EndCycle	TotalCycle	ComputeCycles	MemoryStalls	WeightLoadCycles	SystolicMemoryStalls	MemoryReads	MemoryWrites	ReadBandwidth	WriteBandwidth	TotalMemoryBandwidth	NumCalculation	NpuUtilization	
layer0.attn.rn	244217	248360	4143	1280	0	0	0	2121792	2113536	512139029688	510146270818	1022285300506	0	0.000000	
layer0.ffn.rn	153454	159066	5612	1280	0	0	0	2121792	2113536	378081254454	376610121168	754691375623	0	0.000000	
layer0.ffn.res	238912	244217	5305	256	0	0	0	4227072	2113536	796809048067	398404524033	1195213572101	0	0.000000	
layer0.attn.proj	138268	147388	9120	6802	0	0	0	4465792	131328	489670175438	14400000000	504070175438	536870912	4.817407	
layer0.attn.res	147388	153454	6066	256	0	0	0	4227072	2111040	696846686449	348011869436	1044858555885	0	0.000000	
layer0.ffn.swish	198247	201670	3423	256	0	0	0	1064960	1064960	311118901548	311118901548	622237803096	0	0.000000	
layer0.ffn.fc2	201670	238912	37242	21635	0	0	0	17861248	131328	479599591858	3526341227	483125933086	2147483648	6.058331	
layer0.ffn.fc1	159066	198247	39181	26378	0	0	0	18911872	131328	482679666164	3351828692	486031494857	2147483648	4.968989	
layer0.attn.QKVgen	248360	279078	30718	22790	0	0	0	14709376	131328	478852008594	4275278338	483127286932	1610612736	4.313471	
