OpName	StartCycle	EndCycle	TotalCycle	ComputeCycles	MemoryStalls	WeightLoadCycles	SystolicMemoryStalls	MemoryReads	MemoryWrites	ReadBandwidth	WriteBandwidth	TotalMemoryBandwidth	NumCalculation	NpuUtilization	
layer0.attn.rn	250968	255334	4366	1280	0	0	0	2121792	2113536	485980760421	484089784699	970070545121	0	0.000000	
layer0.ffn.rn	161328	166916	5588	1280	0	0	0	2121792	2113536	379705082319	378227630637	757932712956	0	0.000000	
layer0.ffn.res	245476	250968	5492	256	0	0	0	4227072	2113536	769678077203	384839038601	1154517115804	0	0.000000	
layer0.attn.proj	145803	154873	9070	5897	0	0	0	4456960	131200	491395810363	14465270121	505861080485	536870912	5.556724	
layer0.attn.res	154873	161328	6455	256	0	0	0	4227072	2113536	654852362509	327426181254	982278543764	0	0.000000	
layer0.ffn.swish	208800	210758	1958	256	0	0	0	1064960	1064960	543901940755	543901940755	1087803881511	0	0.000000	
layer0.ffn.fc2	210758	245476	34718	23159	0	0	0	17861248	131328	514466501526	3782706377	518249207903	2147483648	5.659657	
layer0.ffn.fc1	166916	208800	41884	28013	0	0	0	18911872	131328	451529748830	3135517142	454665265972	2147483648	4.678970	
layer0.attn.QKVgen	255334	286557	31223	22282	0	0	0	14709376	131328	471107068507	4206130096	475313198603	1610612736	4.411812	
