OpName	StartCycle	EndCycle	TotalCycle	ComputeCycles	MemoryStalls	WeightLoadCycles	SystolicMemoryStalls	MemoryReads	MemoryWrites	ReadBandwidth	WriteBandwidth	TotalMemoryBandwidth	NumCalculation	NpuUtilization	
layer0.ffn.swish	490787	493410	2623	256	0	0	0	1064960	1064960	406008387342	406008387342	812016774685	0	0.000000	
layer0.ffn.fc1	449244	490787	41543	26632	0	0	0	18911872	131328	455236068651	3161254603	458397323255	2147483648	4.921598	
layer0.ffn.fc2	493410	526956	33546	22905	0	0	0	17861248	131328	532440469802	3914863172	536355332975	2147483648	5.722419	
layer0.ffn.res	526956	533091	6135	256	0	0	0	4227072	2113536	689009290953	344504645476	1033513936430	0	0.000000	
layer0.ffn.rn	444904	449244	4340	1280	0	0	0	2121792	2113536	488892165898	486989861751	975882027649	0	0.000000	
layer0.attn.res	434810	444904	10094	256	0	0	0	4227072	2113536	418770754903	209385377451	628156132355	0	0.000000	
layer0.attn.proj	425776	434810	9034	6913	0	0	0	4465792	131328	494331636041	14537082134	508868718175	536870912	4.740055	
