OpName	StartCycle	EndCycle	TotalCycle	ComputeCycles	MemoryStalls	WeightLoadCycles	SystolicMemoryStalls	MemoryReads	MemoryWrites	ReadBandwidth	WriteBandwidth	TotalMemoryBandwidth	NumCalculation	NpuUtilization	
layer0.attn.QKVgen	42063	71865	29802	22425	0	0	0	14709376	131328	493570095966	4406684115	497976780081	1610612736	4.383679	
layer0.attn.rn	34258	42063	7805	1280	0	0	0	2121792	2113536	271850352338	270792568866	542642921204	0	0.000000	
