OpName	StartCycle	EndCycle	TotalCycle	ComputeCycles	MemoryStalls	WeightLoadCycles	SystolicMemoryStalls	MemoryReads	MemoryWrites	ReadBandwidth	WriteBandwidth	TotalMemoryBandwidth	NumCalculation	NpuUtilization	
layer0.ffn.swish	504704	508434	3730	256	0	0	0	1064960	1064960	285512064343	285512064343	571024128686	0	0.000000	
layer0.ffn.fc1	465319	504704	39385	29204	0	0	0	18911872	131328	480179560746	3334467436	483514028183	2147483648	4.488152	
layer0.ffn.fc2	508434	546655	38221	21889	0	0	0	17861248	131328	467315036236	3436016849	470751053085	2147483648	5.988031	
layer0.ffn.res	546655	552591	5936	256	0	0	0	4227072	2113536	712107816711	356053908355	1068161725067	0	0.000000	
layer0.ffn.rn	460162	465319	5157	1280	0	0	0	2121792	2113536	411439208842	409838278068	821277486910	0	0.000000	
layer0.attn.res	449160	460162	11002	256	0	0	0	4227072	2113536	384209416469	192104708234	576314124704	0	0.000000	
layer0.attn.proj	438866	449160	10294	6405	0	0	0	4465792	131328	433824752282	12757722945	446582475228	536870912	5.116003	
