OpName	StartCycle	EndCycle	TotalCycle	ComputeCycles	MemoryStalls	WeightLoadCycles	SystolicMemoryStalls	MemoryReads	MemoryWrites	ReadBandwidth	WriteBandwidth	TotalMemoryBandwidth	NumCalculation	NpuUtilization	
layer0.ffn.swish	494390	496907	2517	256	0	0	0	1064960	1064960	423106873261	423106873261	846213746523	0	0.000000	
layer0.ffn.fc1	452073	494390	42317	27791	0	0	0	18911872	131328	446909563532	3103433608	450012997140	2147483648	4.716347	
layer0.ffn.fc2	496907	530741	33834	22397	0	0	0	17861248	131328	527908257965	3881539280	531789797245	2147483648	5.852212	
layer0.ffn.res	530741	535432	4691	256	0	0	0	4227072	2113536	901102536772	450551268386	1351653805158	0	0.000000	
layer0.ffn.rn	447592	452073	4481	1244	0	0	0	2121792	2113472	473508591832	471651863423	945160455255	0	0.000000	
layer0.attn.res	435762	447592	11830	256	0	0	0	4227072	2113536	357318005071	178659002535	535977007607	0	0.000000	
layer0.attn.proj	426872	435762	8890	6659	0	0	0	4465792	131328	502338807649	14772553430	517111361079	536870912	4.920859	
