OpName	StartCycle	EndCycle	TotalCycle	ComputeCycles	MemoryStalls	WeightLoadCycles	SystolicMemoryStalls	MemoryReads	MemoryWrites	ReadBandwidth	WriteBandwidth	TotalMemoryBandwidth	NumCalculation	NpuUtilization	
layer0.ffn.fc1	308524	349885	41361	26997	0	0	0	18911872	131328	457239235028	3175165010	460414400038	2147483648	4.855058	
layer0.ffn.swish	349885	352598	2713	256	0	0	0	1064960	1064960	392539624032	392539624032	785079248064	0	0.000000	
layer0.attn.res	295627	303611	7984	256	0	0	0	4227072	2113536	529442885771	264721442885	794164328657	0	0.000000	
layer0.attn.rn	399809	405092	5283	1280	0	0	0	2121792	2113536	401626348665	400063600227	801689948892	0	0.000000	
layer0.attn.QKVgen	405092	435693	30601	22282	0	0	0	14709376	131328	480682853501	4291624456	484974477958	1610612736	4.411812	
layer0.ffn.rn	303611	308524	4913	1280	0	0	0	2121792	2113536	431872990026	430192550376	862065540403	0	0.000000	
layer0.ffn.res	393122	399809	6687	256	0	0	0	4227072	2113536	632132794975	316066397487	948199192462	0	0.000000	
layer0.attn.proj	286557	295627	9070	6659	0	0	0	4465792	131328	492369570011	14479382579	506848952590	536870912	4.920859	
layer0.ffn.fc2	352598	393122	40524	23921	0	0	0	17861248	131328	440757279636	3240746224	443998025861	2147483648	5.479370	
