Stage	total_cycles	pim_cycles	mem_bw_util	
A	21802	0	70.830371	
B	120346	93690	16.405250	
C	113516	45745	57.288180	
D	128570	98987	52.699551	
E	106615	44880	46.530566	
F	58447	0	82.133279	
