Stage	total_cycles	pim_cycles	mem_bw_util	
A	21802	0	70.830371	
B	116803	90026	16.765194	
C	106198	50387	61.506690	
D	126401	97736	53.464717	
E	85188	50635	58.553728	
F	58201	0	82.480434	
