Stage	total_cycles	pim_cycles	mem_bw_util	
A	21802	0	70.830371	
B	111929	86203	17.335431	
C	113074	41421	57.324904	
D	121067	94035	55.671963	
E	103917	40743	47.517610	
F	58151	0	82.551353	
