Stage	total_cycles	pim_cycles	mem_bw_util	
A	21802	0	70.830371	
B	116938	91392	16.823872	
C	104537	51635	62.523018	
D	124592	98725	54.326873	
E	85577	51681	58.334015	
F	58342	0	82.281097	
