OpName	StartCycle	EndCycle	TotalCycle	ComputeCycles	MemoryStalls	WeightLoadCycles	SystolicMemoryStalls	MemoryReads	MemoryWrites	ReadBandwidth	WriteBandwidth	TotalMemoryBandwidth	NumCalculation	NpuUtilization	
layer0.attn.QKVgen	23318	46427	23109	14221	0	0	0	13658432	32832	591043835734	1420745164	592464580899	805306368	3.456297	
layer0.attn.rn	21800	23318	1518	640	0	0	0	1065024	1056768	701596837944	696158102766	1397754940711	0	0.000000	
