OpName	StartCycle	EndCycle	TotalCycle	ComputeCycles	MemoryStalls	WeightLoadCycles	SystolicMemoryStalls	MemoryReads	MemoryWrites	ReadBandwidth	WriteBandwidth	TotalMemoryBandwidth	NumCalculation	NpuUtilization	
layer0.attn.rn	342433	345401	2968	640	0	0	0	1065024	1056768	358835579514	356053908355	714889487870	0	0.000000	
layer0.ffn.res	326421	342433	16012	128	0	0	0	2113536	1056768	131997002248	65998501124	197995503372	0	0.000000	
layer0.ffn.fc1	272191	300322	28131	14856	0	0	0	17860928	32832	634919768227	1167111016	636086879243	1073741824	4.411416	
layer0.attn.res	261852	269363	7511	128	0	0	0	2113536	1056768	281392091598	140696045799	422088137398	0	0.000000	
layer0.attn.QKVgen	345401	369814	24413	11681	0	0	0	13658432	32832	559473723016	1344857248	560818580264	805306368	4.207859	
layer0.ffn.swish	300322	301547	1225	128	0	0	0	532480	532480	434677551020	434677551020	869355102040	0	0.000000	
layer0.ffn.rn	269363	272191	2828	640	0	0	0	1065024	1056768	376599717114	373680339462	750280056577	0	0.000000	
layer0.attn.proj	255660	261852	6192	4163	0	0	0	4334144	32832	699958656330	5302325581	705260981912	268435456	3.935623	
layer0.ffn.fc2	301547	326421	24874	13429	0	0	0	17335616	32832	696937203505	1319932459	698257135965	1073741824	4.880185	
