OpName	StartCycle	EndCycle	TotalCycle	ComputeCycles	MemoryStalls	WeightLoadCycles	SystolicMemoryStalls	MemoryReads	MemoryWrites	ReadBandwidth	WriteBandwidth	TotalMemoryBandwidth	NumCalculation	NpuUtilization	
layer0.attn.res	148813	152011	3198	128	0	0	0	2113536	1056768	660893058161	330446529080	991339587242	0	0.000000	
layer0.attn.QKVgen	231626	255660	24034	11538	0	0	0	13658432	32832	568296246983	1366064741	569662311725	805306368	4.260010	
layer0.ffn.rn	152011	160533	8522	640	0	0	0	1065024	1056768	124973480403	124004693733	248978174137	0	0.000000	
layer0.ffn.fc2	185212	210570	25358	14953	0	0	0	17335616	32832	683634986986	1294739332	684929726319	1073741824	4.382799	
layer0.ffn.fc1	160533	184407	23874	16888	0	0	0	17860928	32832	748133031750	1375219904	749508251654	1073741824	3.880625	
layer0.attn.rn	214900	231626	16726	640	0	0	0	1065024	1056768	63674757862	63181155087	126855912949	0	0.000000	
layer0.ffn.res	210570	214900	4330	128	0	0	0	2097152	1056000	484330715935	243879907621	728210623556	0	0.000000	
layer0.attn.proj	142145	148813	6668	4163	0	0	0	4334144	32832	649991601679	4923815236	654915416916	268435456	3.935623	
layer0.ffn.swish	184407	185212	805	128	0	0	0	532480	532480	661465838509	661465838509	1322931677018	0	0.000000	
