OpName	StartCycle	EndCycle	TotalCycle	ComputeCycles	MemoryStalls	WeightLoadCycles	SystolicMemoryStalls	MemoryReads	MemoryWrites	ReadBandwidth	WriteBandwidth	TotalMemoryBandwidth	NumCalculation	NpuUtilization	
layer0.ffn.res	447318	451132	3814	128	0	0	0	2113536	1056768	554152071316	277076035658	831228106974	0	0.000000	
layer0.attn.res	390583	393736	3153	128	0	0	0	2113536	1056768	670325404376	335162702188	1005488106565	0	0.000000	
layer0.attn.proj	384229	390583	6354	3655	0	0	0	4334144	32832	682112684922	5167138810	687279823733	268435456	4.482627	
layer0.ffn.fc1	397280	421445	24165	15507	0	0	0	17860928	32832	739123856817	1358659217	740482516035	1073741824	4.226220	
layer0.ffn.fc2	422206	447318	25112	12413	0	0	0	17335616	32832	690331952851	1307422746	691639375597	1073741824	5.279626	
layer0.ffn.swish	421445	422206	761	128	0	0	0	532480	532480	699710906701	699710906701	1399421813403	0	0.000000	
layer0.ffn.rn	393736	397280	3544	640	0	0	0	1065024	1056768	300514672686	298185101580	598699774266	0	0.000000	
