OpName	StartCycle	EndCycle	TotalCycle	ComputeCycles	MemoryStalls	WeightLoadCycles	SystolicMemoryStalls	MemoryReads	MemoryWrites	ReadBandwidth	WriteBandwidth	TotalMemoryBandwidth	NumCalculation	NpuUtilization	
layer0.ffn.rn	479097	481371	2274	640	0	0	0	1065024	1056768	468348284960	464717678100	933065963060	0	0.000000	
layer0.ffn.swish	505331	506077	746	128	0	0	0	532480	532480	713780160857	713780160857	1427560321715	0	0.000000	
layer0.attn.proj	471783	476731	4948	3147	0	0	0	4334144	32832	875938561034	6635408245	882573969280	268435456	5.206228	
layer0.ffn.fc1	481371	505331	23960	14713	0	0	0	17860928	32832	745447746243	1370283806	746818030050	1073741824	4.454292	
layer0.ffn.res	527764	529933	2169	128	0	0	0	2113536	1056768	974428769017	487214384508	1461643153526	0	0.000000	
layer0.ffn.fc2	506077	527764	21687	11397	0	0	0	17335616	32832	799355189745	1513902337	800869092082	1073741824	5.750285	
layer0.attn.res	476731	479097	2366	128	0	0	0	2113536	1056768	893295012679	446647506339	1339942519019	0	0.000000	
