OpName	StartCycle	EndCycle	TotalCycle	ComputeCycles	MemoryStalls	WeightLoadCycles	SystolicMemoryStalls	MemoryReads	MemoryWrites	ReadBandwidth	WriteBandwidth	TotalMemoryBandwidth	NumCalculation	NpuUtilization	
layer0.attn.res	144840	147930	3090	128	0	0	0	2113536	1056768	683992233009	341996116504	1025988349514	0	0.000000	
layer0.attn.QKVgen	225331	243273	17942	11792	0	0	0	13658432	32832	761254709619	1829896332	763084605952	805306368	4.168250	
layer0.ffn.rn	147930	155574	7644	640	0	0	0	1065024	1056768	139328100470	138248037676	277576138147	0	0.000000	
layer0.ffn.fc2	184448	212919	28471	11143	0	0	0	17335616	32832	608886797091	1153173404	610039970496	1073741824	5.881360	
layer0.ffn.fc1	155574	182941	27367	14237	0	0	0	17860928	32832	652644718091	1199693060	653844411152	1073741824	4.603217	
layer0.attn.rn	217114	225331	8217	640	0	0	0	1065024	1056640	129612267250	128591943531	258204210782	0	0.000000	
layer0.ffn.res	212919	217114	4195	128	0	0	0	2113536	1056768	503822646007	251911323003	755733969010	0	0.000000	
layer0.attn.proj	138737	144840	6103	3909	0	0	0	4334144	32832	710166147796	5379649352	715545797148	268435456	4.191353	
layer0.ffn.swish	182941	184448	1507	128	0	0	0	532480	532480	353337757133	353337757133	706675514266	0	0.000000	
