OpName	StartCycle	EndCycle	TotalCycle	ComputeCycles	MemoryStalls	WeightLoadCycles	SystolicMemoryStalls	MemoryReads	MemoryWrites	ReadBandwidth	WriteBandwidth	TotalMemoryBandwidth	NumCalculation	NpuUtilization	
layer0.attn.res	140227	143587	3360	128	0	0	0	2113536	1056768	629028571428	314514285714	943542857142	0	0.000000	
layer0.attn.QKVgen	224095	246801	22706	12411	0	0	0	13658432	32832	601534043865	1445961419	602980005284	805306368	3.960358	
layer0.ffn.rn	143587	151319	7732	640	0	0	0	1065024	1056768	137742369374	136674599068	274416968442	0	0.000000	
layer0.ffn.fc2	176416	202386	25970	12921	0	0	0	17335616	32832	667524682325	1264227955	668788910281	1073741824	5.072053	
layer0.ffn.fc1	151319	175525	24206	13951	0	0	0	17860928	32832	737871932578	1356357927	739228290506	1073741824	4.697584	
layer0.attn.rn	206800	224095	17295	640	0	0	0	1065024	1056768	61579878577	61102515177	122682393755	0	0.000000	
layer0.ffn.res	202386	206800	4414	128	0	0	0	2113536	1056768	478825555052	239412777526	718238332578	0	0.000000	
layer0.attn.proj	133728	140227	6499	4163	0	0	0	4334144	32832	666893983689	5051854131	671945837821	268435456	3.935623	
layer0.ffn.swish	175525	176416	891	128	0	0	0	532480	532480	597620650953	597620650953	1195241301907	0	0.000000	
