OpName	StartCycle	EndCycle	TotalCycle	ComputeCycles	MemoryStalls	WeightLoadCycles	SystolicMemoryStalls	MemoryReads	MemoryWrites	ReadBandwidth	WriteBandwidth	TotalMemoryBandwidth	NumCalculation	NpuUtilization	
layer0.attn.QKVgen	23469	47513	24044	12443	0	0	0	13658432	32832	568059890201	1365496589	569425386790	805306368	3.950173	
layer0.attn.rn	21800	23469	1669	640	0	0	0	1065024	1056768	638121030557	633174355901	1271295386458	0	0.000000	
