OpName	StartCycle	EndCycle	TotalCycle	ComputeCycles	MemoryStalls	WeightLoadCycles	SystolicMemoryStalls	MemoryReads	MemoryWrites	ReadBandwidth	WriteBandwidth	TotalMemoryBandwidth	NumCalculation	NpuUtilization	
layer0.attn.QKVgen	23301	45638	22337	12697	0	0	0	13658432	32832	611471191296	1469848233	612941039530	805306368	3.871151	
layer0.attn.rn	21800	23301	1501	640	0	0	0	1065024	1056768	709542971352	704042638241	1413585609593	0	0.000000	
