OpName	StartCycle	EndCycle	TotalCycle	ComputeCycles	MemoryStalls	WeightLoadCycles	SystolicMemoryStalls	MemoryReads	MemoryWrites	ReadBandwidth	WriteBandwidth	TotalMemoryBandwidth	NumCalculation	NpuUtilization	
layer0.ffn.res	442170	446016	3846	128	0	0	0	2113536	1056768	549541341653	274770670826	824312012480	0	0.000000	
layer0.attn.res	377637	380834	3197	128	0	0	0	2113536	1056768	661099781044	330549890522	991649671567	0	0.000000	
layer0.attn.proj	371199	377637	6438	4163	0	0	0	4334144	32832	673212799005	5099720410	678312519415	268435456	3.935623	
layer0.ffn.fc1	384041	412725	28684	14205	0	0	0	17860928	32832	622679124250	1144610235	623823734486	1073741824	4.613587	
layer0.ffn.fc2	413678	442170	28492	12921	0	0	0	17335616	32832	608438017689	1152323459	609590341148	1073741824	5.072053	
layer0.ffn.swish	412725	413678	953	128	0	0	0	532480	532480	558740818467	558740818467	1117481636935	0	0.000000	
layer0.ffn.rn	380834	384041	3207	640	0	0	0	1065024	1056768	332093545369	329519176800	661612722170	0	0.000000	
