OpName	StartCycle	EndCycle	TotalCycle	ComputeCycles	MemoryStalls	WeightLoadCycles	SystolicMemoryStalls	MemoryReads	MemoryWrites	ReadBandwidth	WriteBandwidth	TotalMemoryBandwidth	NumCalculation	NpuUtilization	
layer0.ffn.res	440792	444705	3913	128	0	0	0	2113536	1056768	540131868131	270065934065	810197802197	0	0.000000	
layer0.attn.res	374608	377980	3372	128	0	0	0	2113536	1056768	626790035587	313395017793	940185053380	0	0.000000	
layer0.attn.proj	367864	374608	6744	4671	0	0	0	4334144	32832	642666666666	4868327402	647534994068	268435456	3.507600	
layer0.ffn.fc1	381088	409106	28018	15983	0	0	0	17860928	32832	637480476836	1171818116	638652294953	1073741824	4.100357	
layer0.ffn.fc2	410474	440792	30318	14445	0	0	0	17335616	32832	571792862326	1082921037	572875783363	1073741824	4.536933	
layer0.ffn.swish	409106	410474	1368	128	0	0	0	532480	532096	389239766081	388959064327	778198830409	0	0.000000	
layer0.ffn.rn	377980	381088	3108	640	0	0	0	1065024	1056768	342671814671	340015444015	682687258687	0	0.000000	
