OpName	StartCycle	EndCycle	TotalCycle	ComputeCycles	MemoryStalls	WeightLoadCycles	SystolicMemoryStalls	MemoryReads	MemoryWrites	ReadBandwidth	WriteBandwidth	TotalMemoryBandwidth	NumCalculation	NpuUtilization	
layer0.attn.rn	333319	336344	3025	640	0	0	0	1065024	1056768	352074049586	349344793388	701418842975	0	0.000000	
layer0.ffn.res	317094	333319	16225	128	0	0	0	2113536	1056768	130264160246	65132080123	195396240369	0	0.000000	
layer0.ffn.fc1	261192	289622	28430	14348	0	0	0	17860928	32832	628242279282	1154836440	629397115722	1073741824	4.567605	
layer0.attn.res	251700	259020	7320	128	0	0	0	2113536	1056768	288734426229	144367213114	433101639344	0	0.000000	
layer0.attn.QKVgen	336344	361484	25140	12189	0	0	0	13658432	32832	543294828957	1305966587	544600795544	805306368	4.032488	
layer0.ffn.swish	289622	290516	894	128	0	0	0	532480	532480	595615212527	595615212527	1191230425055	0	0.000000	
layer0.ffn.rn	259020	261192	2172	640	0	0	0	1065024	1056768	490342541436	486541436464	976883977900	0	0.000000	
layer0.attn.proj	244799	251700	6901	4163	0	0	0	4334144	32832	628045790465	4757571366	632803361831	268435456	3.935623	
layer0.ffn.fc2	290516	317094	26578	13175	0	0	0	17335616	32832	652254345699	1235307397	653489653096	1073741824	4.974269	
