OpName	StartCycle	EndCycle	TotalCycle	ComputeCycles	MemoryStalls	WeightLoadCycles	SystolicMemoryStalls	MemoryReads	MemoryWrites	ReadBandwidth	WriteBandwidth	TotalMemoryBandwidth	NumCalculation	NpuUtilization	
layer0.attn.rn	335344	338755	3411	640	0	0	0	1065024	1056768	312232189973	309811785400	622043975373	0	0.000000	
layer0.ffn.res	319010	335344	16334	128	0	0	0	2113536	1056384	129394881841	64673931676	194068813517	0	0.000000	
layer0.ffn.fc1	262897	291433	28536	14856	0	0	0	17860928	32832	625908606672	1150546677	627059153350	1073741824	4.411416	
layer0.attn.res	253389	260891	7502	128	0	0	0	2113536	1056768	281729672087	140864836043	422594508131	0	0.000000	
layer0.attn.QKVgen	338755	365051	26296	11824	0	0	0	13658432	32832	519411013081	1248554913	520659567995	805306368	4.156969	
layer0.ffn.swish	291433	292382	949	128	0	0	0	532480	532480	561095890410	561095890410	1122191780821	0	0.000000	
layer0.ffn.rn	260891	262897	2006	640	0	0	0	1065024	1056768	530919242273	526803589232	1057722831505	0	0.000000	
layer0.attn.proj	246801	253389	6588	4703	0	0	0	4334144	32832	657884638737	4983606557	662868245294	268435456	3.483734	
layer0.ffn.fc2	292382	319010	26628	12667	0	0	0	17335616	32832	651029592909	1232987832	652262580742	1073741824	5.173759	
