OpName	StartCycle	EndCycle	TotalCycle	ComputeCycles	MemoryStalls	WeightLoadCycles	SystolicMemoryStalls	MemoryReads	MemoryWrites	ReadBandwidth	WriteBandwidth	TotalMemoryBandwidth	NumCalculation	NpuUtilization	
layer0.attn.QKVgen	23361	44856	21495	13491	0	0	0	13658432	32832	635423679925	1527424982	636951104908	805306368	3.643318	
layer0.attn.rn	21800	23361	1561	640	0	0	0	1065024	1056768	682270339525	676981422165	1359251761691	0	0.000000	
