OpName	StartCycle	EndCycle	TotalCycle	ComputeCycles	MemoryStalls	WeightLoadCycles	SystolicMemoryStalls	MemoryReads	MemoryWrites	ReadBandwidth	WriteBandwidth	TotalMemoryBandwidth	NumCalculation	NpuUtilization	
layer0.ffn.rn	461400	464079	2679	640	0	0	0	1065024	1056768	397545352743	394463605823	792008958566	0	0.000000	
layer0.ffn.swish	486029	486691	662	128	0	0	0	532480	532480	804350453172	804350453172	1608700906344	0	0.000000	
layer0.attn.proj	453440	458669	5229	3401	0	0	0	4334144	32832	828866704914	6278829604	835145534519	268435456	4.817407	
layer0.ffn.fc1	464079	486029	21950	13189	0	0	0	17860928	32832	813709703872	1495763097	815205466970	1073741824	4.968989	
layer0.ffn.res	509287	511781	2494	128	0	0	0	2113536	1056768	847448275862	423724137931	1271172413793	0	0.000000	
layer0.ffn.fc2	486691	509287	22596	12159	0	0	0	17335616	32832	767198442202	1453000531	768651442733	1073741824	5.389917	
layer0.attn.res	458669	461400	2731	128	0	0	0	2113536	1056768	773905529110	386952764555	1160858293665	0	0.000000	
