OpName	StartCycle	EndCycle	TotalCycle	ComputeCycles	MemoryStalls	WeightLoadCycles	SystolicMemoryStalls	MemoryReads	MemoryWrites	ReadBandwidth	WriteBandwidth	TotalMemoryBandwidth	NumCalculation	NpuUtilization	
layer0.ffn.res	433627	437317	3690	128	0	0	0	2113536	1056768	572773983739	286386991869	859160975609	0	0.000000	
layer0.attn.res	374724	378023	3299	128	0	0	0	2113536	1056768	640659593816	320329796908	960989390724	0	0.000000	
layer0.attn.proj	367867	374724	6857	4163	0	0	0	4334144	32832	632075834913	4788099752	636863934665	268435456	3.935623	
layer0.ffn.fc1	381328	408082	26754	15364	0	0	0	17860928	32832	667598415190	1227180982	668825596172	1073741824	4.265556	
layer0.ffn.fc2	408972	433627	24655	13683	0	0	0	17335616	32768	703127803690	1329061042	704456864733	1073741824	4.789593	
layer0.ffn.swish	408082	408972	890	128	0	0	0	532480	532480	598292134831	598292134831	1196584269662	0	0.000000	
layer0.ffn.rn	378023	381328	3305	640	0	0	0	1065024	1056768	322246293494	319748260211	641994553706	0	0.000000	
