OpName	StartCycle	EndCycle	TotalCycle	ComputeCycles	MemoryStalls	WeightLoadCycles	SystolicMemoryStalls	MemoryReads	MemoryWrites	ReadBandwidth	WriteBandwidth	TotalMemoryBandwidth	NumCalculation	NpuUtilization	
layer0.ffn.rn	463722	466274	2552	640	0	0	0	1065024	1056768	417329153605	414094043887	831423197492	0	0.000000	
layer0.ffn.swish	490370	491069	699	128	0	0	0	532480	532480	761773962804	761773962804	1523547925608	0	0.000000	
layer0.attn.proj	456386	461577	5191	3401	0	0	0	4334144	32832	834934309381	6324792910	841259102292	268435456	4.817407	
layer0.ffn.fc1	466274	490370	24096	14967	0	0	0	17860928	32832	741240371845	1362549800	742602921646	1073741824	4.378700	
layer0.ffn.res	512053	514586	2533	128	0	0	0	2113536	1056768	834400315831	417200157915	1251600473746	0	0.000000	
layer0.ffn.fc2	491069	512053	20984	12413	0	0	0	17335616	32832	826134959969	1564620663	827699580632	1073741824	5.279626	
layer0.attn.res	461577	463722	2145	128	0	0	0	2113536	1056768	985331468531	492665734265	1477997202797	0	0.000000	
