OpName	StartCycle	EndCycle	TotalCycle	ComputeCycles	MemoryStalls	WeightLoadCycles	SystolicMemoryStalls	MemoryReads	MemoryWrites	ReadBandwidth	WriteBandwidth	TotalMemoryBandwidth	NumCalculation	NpuUtilization	
layer0.attn.res	144917	147910	2993	128	0	0	0	2113536	1056768	706159705980	353079852990	1059239558970	0	0.000000	
layer0.attn.QKVgen	224251	244799	20548	11284	0	0	0	13658432	32832	664708584777	1597819739	666306404516	805306368	4.355902	
layer0.ffn.rn	147910	156598	8688	640	0	0	0	1065024	1056768	122585635359	121635359116	244220994475	0	0.000000	
layer0.ffn.fc2	181095	210910	29815	13318	0	0	0	17335616	32832	581439409693	1101190675	582540600368	1073741824	4.920859	
layer0.ffn.fc1	156598	180367	23769	13586	0	0	0	17860928	32832	751437923345	1381294964	752819218309	1073741824	4.823789	
layer0.attn.rn	215792	224251	8459	640	0	0	0	1065024	1056768	125904244000	124928242108	250832486109	0	0.000000	
layer0.ffn.res	210910	215792	4882	128	0	0	0	2113536	1056768	432924211388	216462105694	649386317083	0	0.000000	
layer0.attn.proj	138602	144917	6315	3909	0	0	0	4334144	32832	686325257323	5199049881	691524307205	268435456	4.191353	
layer0.ffn.swish	180367	181095	728	128	0	0	0	532480	531968	731428571428	730725274725	1462153846153	0	0.000000	
