OpName	StartCycle	EndCycle	TotalCycle	ComputeCycles	MemoryStalls	WeightLoadCycles	SystolicMemoryStalls	MemoryReads	MemoryWrites	ReadBandwidth	WriteBandwidth	TotalMemoryBandwidth	NumCalculation	NpuUtilization	
layer0.ffn.rn	498551	501018	2467	640	0	0	0	1065024	1056768	431708147547	428361572760	860069720308	0	0.000000	
layer0.ffn.swish	524591	525351	760	128	0	0	0	532480	532480	700631578947	700631578947	1401263157894	0	0.000000	
layer0.attn.proj	490843	496033	5190	3147	0	0	0	4334144	32832	835095183044	6326011560	841421194605	268435456	5.206228	
layer0.ffn.fc1	501018	524591	23573	13951	0	0	0	17860928	32832	757685827005	1392779875	759078606880	1073741824	4.697584	
layer0.ffn.res	546381	549289	2908	128	0	0	0	2113536	1056768	726800550206	363400275103	1090200825309	0	0.000000	
layer0.ffn.fc2	525351	546381	21030	11651	0	0	0	17335616	32832	824327912505	1561198288	825889110794	1073741824	5.624925	
layer0.attn.res	496033	498551	2518	128	0	0	0	2113536	1056768	839370929308	419685464654	1259056393963	0	0.000000	
