OpName	StartCycle	EndCycle	TotalCycle	ComputeCycles	MemoryStalls	WeightLoadCycles	SystolicMemoryStalls	MemoryReads	MemoryWrites	ReadBandwidth	WriteBandwidth	TotalMemoryBandwidth	NumCalculation	NpuUtilization	
layer0.attn.rn	327232	331238	4006	640	0	0	0	1065024	1056768	265857214178	263796305541	529653519720	0	0.000000	
layer0.ffn.res	310879	327232	16353	128	0	0	0	2113536	1056768	129244542285	64622271142	193866813428	0	0.000000	
layer0.ffn.fc1	257955	286140	28185	15221	0	0	0	17860928	32832	633703317367	1164874933	634868192300	1073741824	4.305630	
layer0.attn.res	249907	255340	5433	128	0	0	0	2113536	1056768	389018221976	194509110988	583527332965	0	0.000000	
layer0.attn.QKVgen	331238	355156	23918	12300	0	0	0	13658432	32832	571052429132	1372690024	572425119157	805306368	3.996098	
layer0.ffn.swish	286140	287749	1609	128	0	0	0	532480	532480	330938471100	330938471100	661876942200	0	0.000000	
layer0.ffn.rn	255340	257955	2615	640	0	0	0	1065024	1056768	407274952198	404117782026	811392734225	0	0.000000	
layer0.attn.proj	243273	249907	6634	4417	0	0	0	4334144	32832	653322882122	4949050346	658271932469	268435456	3.709305	
layer0.ffn.fc2	287749	310879	23130	12667	0	0	0	17335616	32832	749486208387	1419455252	750905663640	1073741824	5.173759	
