Stage	total_cycles	pim_cycles	mem_bw_util	
A	11277	0	61.660348	
B	13350	10150	54.217697	
C	46941	9628	61.405807	
D	48775	10993	59.328678	
E	35207	9237	62.120104	
F	33482	0	64.809263	
