Stage	total_cycles	pim_cycles	mem_bw_util	
A	11277	0	61.660348	
B	13643	10193	53.167833	
C	43280	9697	66.619686	
D	45075	10469	64.232945	
E	38328	9131	57.085877	
F	34474	0	62.944357	
