Stage	total_cycles	pim_cycles	mem_bw_util	
A	11277	0	61.660348	
B	15794	10311	46.010748	
C	48558	9602	59.358525	
D	46666	10667	62.072092	
E	36455	9848	59.992285	
F	29130	0	74.491718	
