Stage	total_cycles	pim_cycles	mem_bw_util	
A	11277	0	61.660348	
B	14630	10196	49.537338	
C	47574	8933	60.573528	
D	46321	10637	62.491634	
E	33191	9107	65.872714	
F	33505	0	64.764774	
