OpName	StartCycle	EndCycle	TotalCycle	ComputeCycles	MemoryStalls	WeightLoadCycles	SystolicMemoryStalls	MemoryReads	MemoryWrites	ReadBandwidth	WriteBandwidth	TotalMemoryBandwidth	NumCalculation	NpuUtilization	
layer0.ffn.rn	155797	156550	753	320	0	0	0	270400	266240	359096945551	353572377158	712669322709	0	0.000000	
layer0.attn.res	155192	155797	605	64	0	0	0	532480	266240	880132231404	440066115702	1320198347107	0	0.000000	
layer0.ffn.fc2	171284	185177	13893	7301	0	0	0	8668480	16448	623945872021	1183905563	625129777585	268435456	2.244076	
layer0.ffn.res	185177	186070	893	64	0	0	0	532480	266240	596282194848	298141097424	894423292273	0	0.000000	
layer0.ffn.swish	170909	171284	375	64	0	0	0	266240	266240	709973333333	709973333333	1419946666666	0	0.000000	
layer0.attn.proj	151597	155192	3595	1869	0	0	0	2167360	16448	602881780250	4575243393	607457023643	67108864	2.191546	
layer0.ffn.fc1	156550	170909	14359	7555	0	0	0	8668480	16448	603696636256	1145483668	604842119924	268435456	2.168630	
