OpName	StartCycle	EndCycle	TotalCycle	ComputeCycles	MemoryStalls	WeightLoadCycles	SystolicMemoryStalls	MemoryReads	MemoryWrites	ReadBandwidth	WriteBandwidth	TotalMemoryBandwidth	NumCalculation	NpuUtilization	
layer0.ffn.fc2	144041	157976	13935	6793	0	0	0	8668480	16448	622065303193	1180337280	623245640473	268435456	2.411895	
layer0.ffn.fc1	129516	143717	14201	7047	0	0	0	8668480	16448	610413351172	1158228293	611571579466	268435456	2.324961	
layer0.attn.res	125564	128776	3212	64	0	0	0	532480	266240	165778331257	82889165628	248667496886	0	0.000000	
layer0.ffn.res	157976	158744	768	64	0	0	0	532480	266240	693333333333	346666666666	1040000000000	0	0.000000	
layer0.attn.proj	122290	125564	3274	2377	0	0	0	2167360	16448	661991447770	5023824068	667015271838	67108864	1.723180	
layer0.ffn.rn	128776	129516	740	320	0	0	0	270400	266240	365405405405	359783783783	725189189189	0	0.000000	
layer0.ffn.swish	143717	144041	324	64	0	0	0	266240	266240	821728395061	821728395061	1643456790123	0	0.000000	
