OpName	StartCycle	EndCycle	TotalCycle	ComputeCycles	MemoryStalls	WeightLoadCycles	SystolicMemoryStalls	MemoryReads	MemoryWrites	ReadBandwidth	WriteBandwidth	TotalMemoryBandwidth	NumCalculation	NpuUtilization	
layer0.ffn.fc2	96597	110383	13786	7047	0	0	0	8668480	16448	628788626142	1193094443	629981720586	268435456	2.324961	
layer0.attn.QKVgen	111588	122290	10702	5769	0	0	0	6567232	16448	613645299943	1536908988	615182208932	201326592	2.130005	
layer0.attn.proj	75625	79341	3716	2377	0	0	0	2167360	16448	583250807319	4426264800	587677072120	67108864	1.723180	
layer0.attn.rn	111155	111588	433	320	0	0	0	270400	266240	624480369515	614872979214	1239353348729	0	0.000000	
layer0.ffn.swish	96223	96597	374	64	0	0	0	266240	266240	711871657754	711871657754	1423743315508	0	0.000000	
layer0.ffn.res	110383	111155	772	64	0	0	0	532480	266240	689740932642	344870466321	1034611398963	0	0.000000	
layer0.ffn.fc1	81198	96223	15025	7047	0	0	0	8668480	16448	576937104825	1094708818	578031813643	268435456	2.324961	
layer0.ffn.rn	80612	81198	586	320	0	0	0	270400	266240	461433447098	454334470989	915767918088	0	0.000000	
layer0.attn.res	79341	80612	1271	64	0	0	0	532480	266176	418945712037	209422501966	628368214004	0	0.000000	
