OpName	StartCycle	EndCycle	TotalCycle	ComputeCycles	MemoryStalls	WeightLoadCycles	SystolicMemoryStalls	MemoryReads	MemoryWrites	ReadBandwidth	WriteBandwidth	TotalMemoryBandwidth	NumCalculation	NpuUtilization	
layer0.attn.QKVgen	62986	73477	10491	5515	0	0	0	6567232	16448	625987227147	1567820036	627555047183	201326592	2.228105	
layer0.ffn.fc1	32144	47154	15010	7047	0	0	0	8668480	16448	577513657561	1095802798	578609460359	268435456	2.324961	
layer0.ffn.swish	47154	47532	378	64	0	0	0	266240	266240	704338624338	704338624338	1408677248677	0	0.000000	
layer0.attn.rn	62293	62986	693	320	0	0	0	270400	266240	390187590187	384184704184	774372294372	0	0.000000	
layer0.ffn.res	61521	62293	772	64	0	0	0	532480	266240	689740932642	344870466321	1034611398963	0	0.000000	
layer0.ffn.rn	30979	32144	1165	320	0	0	0	270400	266240	232103004291	228532188841	460635193133	0	0.000000	
layer0.attn.res	29845	30979	1134	64	0	0	0	532480	266240	469559082892	234779541446	704338624338	0	0.000000	
layer0.ffn.fc2	47532	61521	13989	7047	0	0	0	8668480	16448	619664021731	1175780970	620839802702	268435456	2.324961	
layer0.attn.proj	25904	29845	3941	2631	0	0	0	2167360	16448	549951788886	4173560010	554125348896	67108864	1.556823	
