OpName	StartCycle	EndCycle	TotalCycle	ComputeCycles	MemoryStalls	WeightLoadCycles	SystolicMemoryStalls	MemoryReads	MemoryWrites	ReadBandwidth	WriteBandwidth	TotalMemoryBandwidth	NumCalculation	NpuUtilization	
layer0.ffn.rn	156944	157400	456	320	0	0	0	270400	266240	592982456140	583859649122	1176842105263	0	0.000000	
layer0.attn.res	156350	156944	594	64	0	0	0	532480	266240	896430976430	448215488215	1344646464646	0	0.000000	
layer0.ffn.fc2	172302	185859	13557	6793	0	0	0	8668480	16448	639409898945	1213247768	640623146713	268435456	2.411895	
layer0.ffn.res	185859	186491	632	64	0	0	0	532480	266240	842531645569	421265822784	1263797468354	0	0.000000	
layer0.ffn.swish	171932	172302	370	64	0	0	0	266240	266240	719567567567	719567567567	1439135135135	0	0.000000	
layer0.attn.proj	152987	156350	3363	1869	0	0	0	2167360	16448	644472197442	4890871245	649363068688	67108864	2.191546	
layer0.ffn.fc1	157400	171932	14532	6539	0	0	0	8668480	16448	596509771538	1131846958	597641618497	268435456	2.505582	
