OpName	StartCycle	EndCycle	TotalCycle	ComputeCycles	MemoryStalls	WeightLoadCycles	SystolicMemoryStalls	MemoryReads	MemoryWrites	ReadBandwidth	WriteBandwidth	TotalMemoryBandwidth	NumCalculation	NpuUtilization	
layer0.ffn.fc2	140287	152369	12082	7555	0	0	0	8668480	16448	717470617447	1361364012	718831981460	268435456	2.168630	
layer0.ffn.fc1	124826	139963	15137	7047	0	0	0	8668480	16448	572668296227	1086608971	573754905199	268435456	2.324961	
layer0.attn.res	122868	124195	1327	64	0	0	0	532480	266240	401266013564	200633006782	601899020346	0	0.000000	
layer0.ffn.res	152369	152987	618	64	0	0	0	532480	266240	861618122977	430809061488	1292427184466	0	0.000000	
layer0.attn.proj	119797	122868	3071	2631	0	0	0	2167360	16448	705750569846	5355910126	711106479973	67108864	1.556823	
layer0.ffn.rn	124195	124826	631	320	0	0	0	270400	266240	428526148969	421933438985	850459587955	0	0.000000	
layer0.ffn.swish	139963	140287	324	64	0	0	0	266240	266240	821728395061	821728395061	1643456790123	0	0.000000	
