OpName	StartCycle	EndCycle	TotalCycle	ComputeCycles	MemoryStalls	WeightLoadCycles	SystolicMemoryStalls	MemoryReads	MemoryWrites	ReadBandwidth	WriteBandwidth	TotalMemoryBandwidth	NumCalculation	NpuUtilization	
layer0.ffn.fc2	94551	108147	13596	7301	0	0	0	8668480	16448	637575757575	1209767578	638785525154	268435456	2.244076	
layer0.attn.QKVgen	109647	120338	10691	5515	0	0	0	6567232	16448	614276681320	1538490318	615815171639	201326592	2.228105	
layer0.attn.proj	71564	75437	3873	2377	0	0	0	2167360	16448	559607539375	4246837077	563854376452	67108864	1.723180	
layer0.attn.rn	108724	109647	923	320	0	0	0	270400	266240	292957746478	288450704225	581408450704	0	0.000000	
layer0.ffn.swish	94227	94551	324	64	0	0	0	266240	266240	821728395061	821728395061	1643456790123	0	0.000000	
layer0.ffn.res	108147	108724	577	64	0	0	0	532480	266240	922842287694	461421143847	1384263431542	0	0.000000	
layer0.ffn.fc1	78966	94227	15261	7555	0	0	0	8668480	16448	568015202149	1077779961	569092982111	268435456	2.168630	
layer0.ffn.rn	77909	78966	1057	320	0	0	0	270400	266240	255818353831	251882686849	507701040681	0	0.000000	
layer0.attn.res	75437	77909	2472	64	0	0	0	532480	266240	215404530744	107702265372	323106796116	0	0.000000	
