OpName	StartCycle	EndCycle	TotalCycle	ComputeCycles	MemoryStalls	WeightLoadCycles	SystolicMemoryStalls	MemoryReads	MemoryWrites	ReadBandwidth	WriteBandwidth	TotalMemoryBandwidth	NumCalculation	NpuUtilization	
layer0.ffn.fc2	141566	154942	13376	6793	0	0	0	8668480	16448	648062200956	1229665071	649291866028	268435456	2.411895	
layer0.ffn.fc1	126214	141244	15030	7301	0	0	0	8668480	16448	576745176314	1094344644	577839520958	268435456	2.244076	
layer0.attn.res	123911	125430	1519	64	0	0	0	532480	266240	350546412113	175273206056	525819618169	0	0.000000	
layer0.ffn.res	154942	155544	602	64	0	0	0	532480	266240	884518272425	442259136212	1326777408637	0	0.000000	
layer0.attn.proj	120338	123911	3573	2631	0	0	0	2167360	16448	606593898684	4603414497	611197313182	67108864	1.556823	
layer0.ffn.rn	125430	126214	784	320	0	0	0	270400	266240	344897959183	339591836734	684489795918	0	0.000000	
layer0.ffn.swish	141244	141566	322	64	0	0	0	266240	266240	826832298136	826832298136	1653664596273	0	0.000000	
