OpName	StartCycle	EndCycle	TotalCycle	ComputeCycles	MemoryStalls	WeightLoadCycles	SystolicMemoryStalls	MemoryReads	MemoryWrites	ReadBandwidth	WriteBandwidth	TotalMemoryBandwidth	NumCalculation	NpuUtilization	
layer0.attn.QKVgen	57265	68196	10931	6420	0	0	0	6567232	16448	600789680724	1504711371	602294392095	201326592	1.914019	
layer0.ffn.fc1	30051	45819	15768	6539	0	0	0	8668480	16448	549751395230	1043125317	550794520547	268435456	2.505582	
layer0.ffn.swish	45819	46348	529	64	0	0	0	266240	266240	503289224952	503289224952	1006578449905	0	0.000000	
layer0.attn.rn	56886	57265	379	320	0	0	0	270400	266240	713456464379	702480211081	1415936675461	0	0.000000	
layer0.ffn.res	56048	56886	838	64	0	0	0	532480	266240	635417661097	317708830548	953126491646	0	0.000000	
layer0.ffn.rn	29190	30051	861	320	0	0	0	270400	266240	314053426248	309221835075	623275261324	0	0.000000	
layer0.attn.res	28344	29190	846	64	0	0	0	532480	266240	629408983451	314704491725	944113475177	0	0.000000	
layer0.ffn.fc2	46348	56048	9700	6793	0	0	0	8668480	16448	893657731958	1695670103	895353402061	268435456	2.411895	
layer0.attn.proj	24917	28344	3427	2123	0	0	0	2167360	16448	632436533411	4799533119	637236066530	67108864	1.929345	
