OpName	StartCycle	EndCycle	TotalCycle	ComputeCycles	MemoryStalls	WeightLoadCycles	SystolicMemoryStalls	MemoryReads	MemoryWrites	ReadBandwidth	WriteBandwidth	TotalMemoryBandwidth	NumCalculation	NpuUtilization	
layer0.attn.QKVgen	64612	75625	11013	5769	0	0	0	6567232	16448	596316353400	1493507672	597809861073	201326592	2.130005	
layer0.ffn.fc1	33946	48976	15030	7047	0	0	0	8668480	16448	576745176314	1094344644	577839520958	268435456	2.324961	
layer0.ffn.swish	48976	49380	404	64	0	0	0	266240	266240	659009900990	659009900990	1318019801980	0	0.000000	
layer0.attn.rn	64024	64612	588	320	0	0	0	270400	266240	459863945578	452789115646	912653061224	0	0.000000	
layer0.ffn.res	63388	64024	636	64	0	0	0	532480	266240	837232704402	418616352201	1255849056603	0	0.000000	
layer0.ffn.rn	33106	33946	840	320	0	0	0	270400	266240	321904761904	316952380952	638857142857	0	0.000000	
layer0.attn.res	31780	33106	1326	64	0	0	0	532480	266240	401568627450	200784313725	602352941176	0	0.000000	
layer0.ffn.fc2	49380	63388	14008	7301	0	0	0	8668480	16448	618823529411	1174186179	619997715591	268435456	2.244076	
layer0.attn.proj	27068	31780	4712	2885	0	0	0	2167360	16448	459966044142	3490662139	463456706281	67108864	1.419757	
