OpName	StartCycle	EndCycle	TotalCycle	ComputeCycles	MemoryStalls	WeightLoadCycles	SystolicMemoryStalls	MemoryReads	MemoryWrites	ReadBandwidth	WriteBandwidth	TotalMemoryBandwidth	NumCalculation	NpuUtilization	
layer0.ffn.rn	159767	160456	689	320	0	0	0	270400	266240	392452830188	386415094339	778867924528	0	0.000000	
layer0.attn.res	159158	159767	609	64	0	0	0	532480	266240	874351395730	437175697865	1311527093596	0	0.000000	
layer0.ffn.fc2	174916	188252	13336	6793	0	0	0	8668480	16448	650005998800	1233353329	651239352129	268435456	2.411895	
layer0.ffn.res	188252	189025	773	64	0	0	0	532480	266240	688848641655	344424320827	1033272962483	0	0.000000	
layer0.ffn.swish	174541	174916	375	64	0	0	0	266240	266240	709973333333	709973333333	1419946666666	0	0.000000	
layer0.attn.proj	155544	159158	3614	1869	0	0	0	2167360	16448	599712230215	4551189817	604263420033	67108864	2.191546	
layer0.ffn.fc1	160456	174541	14085	7047	0	0	0	8668480	16448	615440539581	1167767128	616608306709	268435456	2.324961	
