OpName	StartCycle	EndCycle	TotalCycle	ComputeCycles	MemoryStalls	WeightLoadCycles	SystolicMemoryStalls	MemoryReads	MemoryWrites	ReadBandwidth	WriteBandwidth	TotalMemoryBandwidth	NumCalculation	NpuUtilization	
layer0.attn.QKVgen	60670	71564	10894	5515	0	0	0	6567232	16448	602830181751	1509821920	604340003671	201326592	2.228105	
layer0.ffn.fc1	30119	45012	14893	6793	0	0	0	8668480	16448	582050627811	1104411468	583155039280	268435456	2.411895	
layer0.ffn.swish	45012	45480	468	64	0	0	0	266240	266240	568888888888	568888888888	1137777777777	0	0.000000	
layer0.attn.rn	60100	60670	570	320	0	0	0	270400	266240	474385964912	467087719298	941473684210	0	0.000000	
layer0.ffn.res	59468	60100	632	64	0	0	0	532480	266240	842531645569	421265822784	1263797468354	0	0.000000	
layer0.ffn.rn	29292	30119	827	320	0	0	0	270400	266240	326964933494	321934703748	648899637243	0	0.000000	
layer0.attn.res	28123	29292	1169	64	0	0	0	532480	266240	455500427715	227750213857	683250641573	0	0.000000	
layer0.ffn.fc2	45480	59468	13988	7047	0	0	0	8668480	16448	619708321418	1175865027	620884186445	268435456	2.324961	
layer0.attn.proj	24624	28123	3499	2631	0	0	0	2167360	16448	619422692197	4700771649	624123463846	67108864	1.556823	
