OpName	StartCycle	EndCycle	TotalCycle	ComputeCycles	MemoryStalls	WeightLoadCycles	SystolicMemoryStalls	MemoryReads	MemoryWrites	ReadBandwidth	WriteBandwidth	TotalMemoryBandwidth	NumCalculation	NpuUtilization	
layer0.ffn.rn	162456	162826	370	320	0	0	0	270400	266240	730810810810	719567567567	1450378378378	0	0.000000	
layer0.attn.res	161721	162456	735	64	0	0	0	532480	266240	724462585034	362231292517	1086693877551	0	0.000000	
layer0.ffn.fc2	177232	187269	10037	7301	0	0	0	8668480	16448	863652485802	1638736674	865291222476	268435456	2.244076	
layer0.ffn.res	187269	187873	604	64	0	0	0	532480	266240	881589403973	440794701986	1322384105960	0	0.000000	
layer0.ffn.swish	176858	177232	374	64	0	0	0	266240	266240	711871657754	711871657754	1423743315508	0	0.000000	
layer0.attn.proj	158744	161721	2977	2377	0	0	0	2167360	16448	728034934497	5525025193	733559959690	67108864	1.723180	
layer0.ffn.fc1	162826	176858	14032	7047	0	0	0	8668480	16448	617765108323	1172177879	618937286202	268435456	2.324961	
