OpName	StartCycle	EndCycle	TotalCycle	ComputeCycles	MemoryStalls	WeightLoadCycles	SystolicMemoryStalls	MemoryReads	MemoryWrites	ReadBandwidth	WriteBandwidth	TotalMemoryBandwidth	NumCalculation	NpuUtilization	
layer0.ffn.fc2	89926	100967	11041	6539	0	0	0	8668480	16448	785117290100	1489720134	786607010234	268435456	2.505582	
layer0.attn.QKVgen	102371	113270	10899	5769	0	0	0	6567232	16448	602553628773	1509129277	604062758051	201326592	2.130005	
layer0.attn.proj	68196	72278	4082	2774	0	0	0	2167360	16448	530955414012	4029397354	534984811366	67108864	1.476568	
layer0.attn.rn	102006	102371	365	320	0	0	0	270400	266240	740821917808	729424657534	1470246575342	0	0.000000	
layer0.ffn.swish	89569	89926	357	64	0	0	0	266240	266240	745770308123	745770308123	1491540616246	0	0.000000	
layer0.ffn.res	100967	102006	1039	64	0	0	0	532480	266240	512492781520	256246390760	768739172281	0	0.000000	
layer0.ffn.fc1	73499	89569	16070	6539	0	0	0	8668480	16448	539420037336	1023522090	540443559427	268435456	2.505582	
layer0.ffn.rn	72991	73499	508	316	0	0	0	270400	266240	532283464566	524094488188	1056377952755	0	0.000000	
layer0.attn.res	72278	72991	713	64	0	0	0	532480	266240	746816269284	373408134642	1120224403927	0	0.000000	
