OpName	StartCycle	EndCycle	TotalCycle	ComputeCycles	MemoryStalls	WeightLoadCycles	SystolicMemoryStalls	MemoryReads	MemoryWrites	ReadBandwidth	WriteBandwidth	TotalMemoryBandwidth	NumCalculation	NpuUtilization	
layer0.ffn.fc2	94643	107944	13301	6793	0	0	0	8668480	16448	651716412299	1236598751	652953011051	268435456	2.411895	
layer0.attn.QKVgen	109134	119797	10663	6277	0	0	0	6567232	16448	615889712088	1542530244	617432242333	201326592	1.957623	
layer0.attn.proj	73477	77178	3701	3282	0	0	0	2167360	16448	585614698730	4444204269	590058902999	67108864	1.248020	
layer0.attn.rn	108533	109134	601	320	0	0	0	270400	266240	449916805324	442995008319	892911813643	0	0.000000	
layer0.ffn.swish	94317	94643	326	64	0	0	0	266240	266240	816687116564	816687116564	1633374233128	0	0.000000	
layer0.ffn.res	107944	108533	589	64	0	0	0	532480	266240	904040747028	452020373514	1356061120543	0	0.000000	
layer0.ffn.fc1	78912	94317	15405	7698	0	0	0	8668480	16448	562705615060	1067705290	563773320350	268435456	2.128345	
layer0.ffn.rn	78023	78912	889	320	0	0	0	270400	266240	304161979752	299482564679	603644544431	0	0.000000	
layer0.attn.res	77178	78023	845	64	0	0	0	532480	266240	630153846153	315076923076	945230769230	0	0.000000	
