OpName	StartCycle	EndCycle	TotalCycle	ComputeCycles	MemoryStalls	WeightLoadCycles	SystolicMemoryStalls	MemoryReads	MemoryWrites	ReadBandwidth	WriteBandwidth	TotalMemoryBandwidth	NumCalculation	NpuUtilization	
layer0.ffn.fc2	136520	151017	14497	7301	0	0	0	8668480	16448	597949920673	1134579568	599084500241	268435456	2.244076	
layer0.ffn.fc1	121806	136194	14388	7301	0	0	0	8668480	16448	602479844314	1143174867	603623019182	268435456	2.244076	
layer0.attn.res	117607	120922	3315	64	0	0	0	532480	266240	160627450980	80313725490	240941176470	0	0.000000	
layer0.ffn.res	151017	151597	580	64	0	0	0	532480	266240	918068965517	459034482758	1377103448275	0	0.000000	
layer0.attn.proj	113270	117607	4337	2774	0	0	0	2167360	16448	499737145492	3792483283	503529628775	67108864	1.476568	
layer0.ffn.rn	120922	121806	884	320	0	0	0	270400	266240	305882352941	301176470588	607058823529	0	0.000000	
layer0.ffn.swish	136194	136520	326	64	0	0	0	266240	266240	816687116564	816687116564	1633374233128	0	0.000000	
