Stage	total_cycles	pim_cycles	mem_bw_util	
A	18454	0	50.910033	
B	123260	85918	11.433504	
C	97270	51277	44.002326	
D	126629	88923	36.058338	
E	83545	51778	39.986609	
F	55388	0	56.992828	
