Stage	total_cycles	pim_cycles	mem_bw_util	
A	18454	0	50.910033	
B	99484	76836	13.543510	
C	86912	45924	48.852000	
D	104694	79454	43.021627	
E	75711	46026	43.671247	
F	54472	0	57.951218	
