Stage	total_cycles	pim_cycles	mem_bw_util	
A	18454	0	50.910033	
B	111939	81310	12.307149	
C	94345	49137	45.168862	
D	115876	85132	39.131000	
E	78386	48368	42.378103	
F	56271	0	56.098501	
