Stage	total_cycles	pim_cycles	mem_bw_util	
A	18454	0	50.910033	
B	113542	85801	12.380055	
C	97547	52683	43.988667	
D	116570	89086	39.138447	
E	83824	52760	39.982061	
F	51801	0	60.939340	
