OpName	StartCycle	EndCycle	TotalCycle	ComputeCycles	MemoryStalls	WeightLoadCycles	SystolicMemoryStalls	MemoryReads	MemoryWrites	ReadBandwidth	WriteBandwidth	TotalMemoryBandwidth	NumCalculation	NpuUtilization	
layer0.attn.rn	18452	24809	6357	1280	0	0	0	1069120	1064960	168179959100	167525562372	335705521472	0	0.000000	
layer0.attn.QKVgen	24809	43760	18951	11030	0	0	0	7355008	131328	388106590681	6929871774	395036462455	805306368	4.456210	
