OpName	StartCycle	EndCycle	TotalCycle	ComputeCycles	MemoryStalls	WeightLoadCycles	SystolicMemoryStalls	MemoryReads	MemoryWrites	ReadBandwidth	WriteBandwidth	TotalMemoryBandwidth	NumCalculation	NpuUtilization	
layer0.ffn.fc1	241269	265750	24481	14967	0	0	0	9456256	131328	386269188350	5364486744	391633675094	1073741824	4.378700	
layer0.ffn.rn	238327	241269	2942	1280	0	0	0	1069120	1064960	363399048266	361985044187	725384092454	0	0.000000	
layer0.attn.res	234746	238327	3581	256	0	0	0	2129920	1064960	594783580005	297391790002	892175370008	0	0.000000	
layer0.ffn.res	290751	294406	3655	256	0	0	0	2129920	1064960	582741450068	291370725034	874112175102	0	0.000000	
layer0.ffn.fc2	267824	290751	22927	12681	0	0	0	9456256	131328	412450647707	5728093514	418178741222	1073741824	5.168047	
layer0.attn.QKVgen	297023	320216	23193	12300	0	0	0	7355008	131328	317121890225	5662398137	322784288362	805306368	3.996098	
layer0.ffn.swish	265750	267824	2074	256	0	0	0	1064960	1064896	513481195756	513450337512	1026931533269	0	0.000000	
layer0.attn.rn	294406	297023	2617	1280	0	0	0	1069120	1064960	408528849828	406939243408	815468093236	0	0.000000	
layer0.attn.proj	229539	234746	5207	4103	0	0	0	2364544	131328	454108699827	25221432686	479330132513	268435456	3.993176	
