OpName	StartCycle	EndCycle	TotalCycle	ComputeCycles	MemoryStalls	WeightLoadCycles	SystolicMemoryStalls	MemoryReads	MemoryWrites	ReadBandwidth	WriteBandwidth	TotalMemoryBandwidth	NumCalculation	NpuUtilization	
layer0.attn.res	434280	437148	2868	256	0	0	0	2129920	1064960	742649930264	371324965132	1113974895397	0	0.000000	
layer0.ffn.res	479152	481731	2579	256	0	0	0	2129920	1064960	825870492438	412935246219	1238805738658	0	0.000000	
layer0.ffn.fc1	439213	460160	20947	13586	0	0	0	9456256	131328	451437246383	6269537403	457706783787	1073741824	4.823789	
layer0.ffn.swish	460160	461907	1747	256	0	0	0	1064960	1064960	609593589009	609593589009	1219187178019	0	0.000000	
layer0.ffn.fc2	461907	479152	17245	13078	0	0	0	9456256	131328	548347694984	7615424760	555963119744	1073741824	5.011164	
layer0.attn.proj	429931	434280	4349	3738	0	0	0	2364544	131328	543698321453	30197286732	573895608185	268435456	4.383093	
layer0.ffn.rn	437148	439213	2065	1280	0	0	0	1069120	1064960	517733656174	515719128329	1033452784503	0	0.000000	
