OpName	StartCycle	EndCycle	TotalCycle	ComputeCycles	MemoryStalls	WeightLoadCycles	SystolicMemoryStalls	MemoryReads	MemoryWrites	ReadBandwidth	WriteBandwidth	TotalMemoryBandwidth	NumCalculation	NpuUtilization	
layer0.attn.res	453421	456053	2632	256	0	0	0	2129920	1064960	809240121580	404620060790	1213860182370	0	0.000000	
layer0.ffn.res	501593	504539	2946	256	0	0	0	2129920	1064960	722987101154	361493550577	1084480651731	0	0.000000	
layer0.ffn.fc1	458087	479333	21246	14094	0	0	0	9456256	131328	445084062882	6181304716	451265367598	1073741824	4.649922	
layer0.ffn.swish	479333	480944	1611	256	0	0	0	1064960	1064960	661055245189	661055245189	1322110490378	0	0.000000	
layer0.ffn.fc2	480944	501593	20649	13443	0	0	0	9456256	131328	457952249503	6360017434	464312266937	1073741824	4.875102	
layer0.attn.proj	449152	453421	4269	3595	0	0	0	2364544	131328	553887092996	30763176387	584650269383	268435456	4.557441	
layer0.ffn.rn	456053	458087	2034	1280	0	0	0	1069120	1064960	525624385447	523579154375	1049203539823	0	0.000000	
