OpName	StartCycle	EndCycle	TotalCycle	ComputeCycles	MemoryStalls	WeightLoadCycles	SystolicMemoryStalls	MemoryReads	MemoryWrites	ReadBandwidth	WriteBandwidth	TotalMemoryBandwidth	NumCalculation	NpuUtilization	
layer0.ffn.fc1	250924	274228	23304	13697	0	0	0	9456256	131328	405778235496	5635427394	411413662890	1073741824	4.784697	
layer0.ffn.rn	247732	250924	3192	1280	0	0	0	1069120	1064960	334937343358	333634085213	668571428571	0	0.000000	
layer0.attn.res	244264	247732	3468	256	0	0	0	2129920	1064960	614163783160	307081891580	921245674740	0	0.000000	
layer0.ffn.res	299920	303145	3225	256	0	0	0	2129920	1064960	660440310077	330220155038	990660465116	0	0.000000	
layer0.ffn.fc2	276207	299920	23713	14856	0	0	0	9456256	131328	398779403702	5538227976	404317631678	1073741824	4.411416	
layer0.attn.QKVgen	305615	323493	17878	11681	0	0	0	7355008	131328	411399932878	7345788119	418745720997	805306368	4.207859	
layer0.ffn.swish	274228	276207	1979	256	0	0	0	1064960	1064960	538130368873	538130368873	1076260737746	0	0.000000	
layer0.attn.rn	303145	305615	2470	1280	0	0	0	1069120	1064960	432842105263	431157894736	864000000000	0	0.000000	
layer0.attn.proj	238980	244264	5284	4103	0	0	0	2364544	131328	447491294473	24853898561	472345193035	268435456	3.993176	
