OpName	StartCycle	EndCycle	TotalCycle	ComputeCycles	MemoryStalls	WeightLoadCycles	SystolicMemoryStalls	MemoryReads	MemoryWrites	ReadBandwidth	WriteBandwidth	TotalMemoryBandwidth	NumCalculation	NpuUtilization	
layer0.attn.res	424508	426895	2387	256	0	0	0	2129920	1064960	892299958106	446149979053	1338449937159	0	0.000000	
layer0.ffn.res	472483	475264	2781	256	0	0	0	2129920	1064960	765882775979	382941387989	1148824163969	0	0.000000	
layer0.ffn.fc1	429172	449789	20617	13951	0	0	0	9456256	131328	458663045059	6369888926	465032933986	1073741824	4.697584	
layer0.ffn.swish	449789	451393	1604	256	0	0	0	1064960	1064960	663940149625	663940149625	1327880299251	0	0.000000	
layer0.ffn.fc2	451393	472483	21090	13697	0	0	0	9456256	131328	448376292081	6227027027	454603319108	1073741824	4.784697	
layer0.attn.proj	418994	424508	5514	3341	0	0	0	2364544	131328	428825535001	23817192600	452642727602	268435456	4.903921	
layer0.ffn.rn	426895	429172	2277	1280	0	0	0	1069120	1064960	469530083443	467703118137	937233201581	0	0.000000	
