OpName	StartCycle	EndCycle	TotalCycle	ComputeCycles	MemoryStalls	WeightLoadCycles	SystolicMemoryStalls	MemoryReads	MemoryWrites	ReadBandwidth	WriteBandwidth	TotalMemoryBandwidth	NumCalculation	NpuUtilization	
layer0.attn.proj	340609	345944	5335	4103	0	0	0	2364544	131328	443213495782	24616307403	467829803186	268435456	3.993176	
layer0.ffn.fc2	391136	416362	25226	12681	0	0	0	9456256	131328	374861492111	5206057242	380067549353	1073741824	5.168047	
layer0.ffn.swish	374458	391136	16678	256	0	0	0	1064960	1064960	63854179158	63854179158	127708358316	0	0.000000	
layer0.ffn.fc1	352353	374458	22105	13951	0	0	0	9456256	131328	427788102239	5941099298	433729201538	1073741824	4.697584	
layer0.ffn.res	416362	418994	2632	256	0	0	0	2129920	1064960	809240121580	404620060790	1213860182370	0	0.000000	
layer0.ffn.rn	349655	352353	2698	1280	0	0	0	1069120	1064896	396263899184	394698295033	790962194217	0	0.000000	
layer0.attn.res	345944	349655	3711	256	0	0	0	2129920	1064960	573947722985	286973861492	860921584478	0	0.000000	
