OpName	StartCycle	EndCycle	TotalCycle	ComputeCycles	MemoryStalls	WeightLoadCycles	SystolicMemoryStalls	MemoryReads	MemoryWrites	ReadBandwidth	WriteBandwidth	TotalMemoryBandwidth	NumCalculation	NpuUtilization	
layer0.attn.proj	365608	371115	5507	4103	0	0	0	2364544	131328	429370619211	23847466860	453218086072	268435456	3.993176	
layer0.ffn.fc2	403156	428407	25251	13697	0	0	0	9456256	131328	374490356817	5200902934	379691259752	1073741824	4.784697	
layer0.ffn.swish	401510	403156	1646	256	0	0	0	1064960	1064640	646998784933	646804374240	1293803159173	0	0.000000	
layer0.ffn.fc1	377778	401510	23732	12935	0	0	0	9456256	131328	398460138210	5533794033	403993932243	1073741824	5.066564	
layer0.ffn.res	428407	433365	4958	256	0	0	0	2129920	1064960	429592577652	214796288826	644388866478	0	0.000000	
layer0.ffn.rn	374604	377778	3174	1280	0	0	0	1069120	1064832	336836798991	335485822306	672322621298	0	0.000000	
layer0.attn.res	371115	374604	3489	256	0	0	0	2129920	1064960	610467182573	305233591286	915700773860	0	0.000000	
