OpName	StartCycle	EndCycle	TotalCycle	ComputeCycles	MemoryStalls	WeightLoadCycles	SystolicMemoryStalls	MemoryReads	MemoryWrites	ReadBandwidth	WriteBandwidth	TotalMemoryBandwidth	NumCalculation	NpuUtilization	
layer0.ffn.fc1	143531	166499	22968	13840	0	0	0	9456256	131328	411714385231	5717868338	417432253570	1073741824	4.735260	
layer0.ffn.res	193356	209850	16494	256	0	0	0	2129920	1064960	129133018067	64566509033	193699527100	0	0.000000	
layer0.attn.res	137182	140883	3701	256	0	0	0	2129920	1064960	575498513915	287749256957	863247770872	0	0.000000	
layer0.attn.proj	131993	137182	5189	4103	0	0	0	2364544	131328	455683946810	25308922721	480992869531	268435456	3.993176	
layer0.attn.rn	209850	212174	2324	1280	0	0	0	1069120	1064960	460034423407	458244406196	918278829604	0	0.000000	
layer0.ffn.fc2	168705	193356	24651	13586	0	0	0	9456256	131328	383605370978	5327491785	388932862764	1073741824	4.823789	
layer0.ffn.rn	140883	143531	2648	1280	0	0	0	1069120	1064960	403746223564	402175226586	805921450151	0	0.000000	
layer0.attn.QKVgen	212174	229539	17365	12046	0	0	0	7355008	131328	423553584797	7562798733	431116383530	805306368	4.080359	
layer0.ffn.swish	166499	168705	2206	256	0	0	0	1064960	1064832	482756119673	482698096101	965454215775	0	0.000000	
