OpName	StartCycle	EndCycle	TotalCycle	ComputeCycles	MemoryStalls	WeightLoadCycles	SystolicMemoryStalls	MemoryReads	MemoryWrites	ReadBandwidth	WriteBandwidth	TotalMemoryBandwidth	NumCalculation	NpuUtilization	
layer0.ffn.fc1	130257	151771	21514	12427	0	0	0	9456256	131328	439539648600	6104304174	445643952774	1073741824	5.273678	
layer0.ffn.res	182037	184912	2875	256	0	0	0	2129920	1064960	740841739130	370420869565	1111262608695	0	0.000000	
layer0.attn.res	123637	127321	3684	256	0	0	0	2129920	1064704	578154180238	289007600434	867161780673	0	0.000000	
layer0.attn.proj	117935	123637	5702	4357	0	0	0	2364544	131328	414686776569	23031918625	437718695194	268435456	3.760386	
layer0.attn.rn	184912	187453	2541	1280	0	0	0	1069120	1064960	420747737111	419110586383	839858323494	0	0.000000	
layer0.ffn.fc2	153613	182037	28424	13951	0	0	0	9456256	131328	332685617787	4620320855	337305938643	1073741824	4.697584	
layer0.ffn.rn	127321	130257	2936	1280	0	0	0	1069120	1064960	364141689373	362724795640	726866485013	0	0.000000	
layer0.attn.QKVgen	187453	204846	17393	11903	0	0	0	7355008	131328	422871730006	7550623814	430422353820	805306368	4.129379	
layer0.ffn.swish	151771	153613	1842	256	0	0	0	1064960	1064960	578154180238	578154180238	1156308360477	0	0.000000	
