OpName	StartCycle	EndCycle	TotalCycle	ComputeCycles	MemoryStalls	WeightLoadCycles	SystolicMemoryStalls	MemoryReads	MemoryWrites	ReadBandwidth	WriteBandwidth	TotalMemoryBandwidth	NumCalculation	NpuUtilization	
layer0.attn.rn	18452	20535	2083	1280	0	0	0	1069120	1064960	513259721555	511262602016	1024522323571	0	0.000000	
layer0.attn.QKVgen	20535	39509	18974	12300	0	0	0	7355008	131328	387636133656	6921471487	394557605143	805306368	3.996098	
