OpName	StartCycle	EndCycle	TotalCycle	ComputeCycles	MemoryStalls	WeightLoadCycles	SystolicMemoryStalls	MemoryReads	MemoryWrites	ReadBandwidth	WriteBandwidth	TotalMemoryBandwidth	NumCalculation	NpuUtilization	
layer0.attn.proj	346108	351630	5522	4611	0	0	0	2364544	131328	428204273813	23782687432	451986961245	268435456	3.553242	
layer0.ffn.fc2	383060	408095	25035	13951	0	0	0	9456256	131328	377721429998	5245775913	382967205911	1073741824	4.697584	
layer0.ffn.swish	381130	383060	1930	256	0	0	0	1064960	1064704	551792746113	551660103626	1103452849740	0	0.000000	
layer0.ffn.fc1	358296	381130	22834	12173	0	0	0	9456256	131328	414130507138	5751423316	419881930454	1073741824	5.383718	
layer0.ffn.res	408095	412833	4738	256	0	0	0	2129920	1064960	449539890249	224769945124	674309835373	0	0.000000	
layer0.ffn.rn	356049	358296	2247	1280	0	0	0	1069120	1064960	475798842901	473947485536	949746328437	0	0.000000	
layer0.attn.res	351630	356049	4419	256	0	0	0	2129920	1064960	481991400769	240995700384	722987101154	0	0.000000	
