OpName	StartCycle	EndCycle	TotalCycle	ComputeCycles	MemoryStalls	WeightLoadCycles	SystolicMemoryStalls	MemoryReads	MemoryWrites	ReadBandwidth	WriteBandwidth	TotalMemoryBandwidth	NumCalculation	NpuUtilization	
layer0.ffn.fc1	142505	165658	23153	14094	0	0	0	9456256	131328	408424653392	5672180710	414096834103	1073741824	4.649922	
layer0.ffn.res	196152	206119	9967	256	0	0	0	2129920	1064960	213697200762	106848600381	320545801143	0	0.000000	
layer0.attn.res	135898	139412	3514	256	0	0	0	2129920	1064960	606124075128	303062037564	909186112692	0	0.000000	
layer0.attn.proj	130390	135898	5508	4611	0	0	0	2364544	131328	429292665214	23843137254	453135802469	268435456	3.553242	
layer0.attn.rn	206119	207756	1637	1280	0	0	0	1069120	1064960	653097128894	650555894929	1303653023824	0	0.000000	
layer0.ffn.fc2	167671	196152	28481	14348	0	0	0	9456256	131328	332019802675	4611074049	336630876724	1073741824	4.567605	
layer0.ffn.rn	139412	142505	3093	1280	0	0	0	1069120	1064960	345657937277	344312964759	689970902036	0	0.000000	
layer0.attn.QKVgen	207756	224734	16978	11427	0	0	0	7355008	131328	433208151725	7735186712	440943338437	805306368	4.301391	
layer0.ffn.swish	165658	167671	2013	256	0	0	0	1064960	1064960	529041231992	529041231992	1058082463984	0	0.000000	
