OpName	StartCycle	EndCycle	TotalCycle	ComputeCycles	MemoryStalls	WeightLoadCycles	SystolicMemoryStalls	MemoryReads	MemoryWrites	ReadBandwidth	WriteBandwidth	TotalMemoryBandwidth	NumCalculation	NpuUtilization	
layer0.ffn.fc1	236390	259304	22914	13697	0	0	0	9456256	131328	412684646940	5731343283	418415990224	1073741824	4.784697	
layer0.ffn.rn	233478	236390	2912	1280	0	0	0	1069120	1064960	367142857142	365714285714	732857142857	0	0.000000	
layer0.attn.res	229946	233478	3532	256	0	0	0	2129920	1064960	603035107587	301517553793	904552661381	0	0.000000	
layer0.ffn.res	284296	289622	5326	256	0	0	0	2129920	1064832	399909876079	199930904994	599840781073	0	0.000000	
layer0.ffn.fc2	261260	284296	23036	12935	0	0	0	9456256	131328	410499044973	5700989755	416200034728	1073741824	5.066564	
layer0.attn.QKVgen	293011	316012	23001	11284	0	0	0	7355008	131328	319769053519	5709664797	325478718316	805306368	4.355902	
layer0.ffn.swish	259304	261260	1956	256	0	0	0	1064960	1064960	544458077709	544458077709	1088916155419	0	0.000000	
layer0.attn.rn	289622	293011	3389	1280	0	0	0	1069120	1064960	315467689583	314240188846	629707878430	0	0.000000	
layer0.attn.proj	224734	229946	5212	3849	0	0	0	2364544	131328	453673062164	25197237145	478870299309	268435456	4.256690	
