OpName	StartCycle	EndCycle	TotalCycle	ComputeCycles	MemoryStalls	WeightLoadCycles	SystolicMemoryStalls	MemoryReads	MemoryWrites	ReadBandwidth	WriteBandwidth	TotalMemoryBandwidth	NumCalculation	NpuUtilization	
layer0.attn.rn	18452	20516	2064	1280	0	0	0	1069120	1064960	517984496124	515968992248	1033953488372	0	0.000000	
layer0.attn.QKVgen	20516	39599	19083	12046	0	0	0	7355008	131328	385421998637	6881936802	392303935439	805306368	4.080359	
