OpName	StartCycle	EndCycle	TotalCycle	ComputeCycles	MemoryStalls	WeightLoadCycles	SystolicMemoryStalls	MemoryReads	MemoryWrites	ReadBandwidth	WriteBandwidth	TotalMemoryBandwidth	NumCalculation	NpuUtilization	
layer0.attn.res	390092	392851	2759	256	0	0	0	2129920	1064960	771989851395	385994925697	1157984777093	0	0.000000	
layer0.ffn.res	436997	439720	2723	256	0	0	0	2129920	1064960	782196107234	391098053617	1173294160852	0	0.000000	
layer0.ffn.fc1	394911	413992	19081	13443	0	0	0	9456256	131328	495584927414	6882658141	502467585556	1073741824	4.875102	
layer0.ffn.swish	413992	415579	1587	256	0	0	0	1064960	1064960	671052299936	671052299936	1342104599873	0	0.000000	
layer0.ffn.fc2	415579	436997	21418	13189	0	0	0	9456256	131328	441509758147	6131664954	447641423102	1073741824	4.968989	
layer0.attn.proj	385249	390092	4843	3341	0	0	0	2364544	131328	488239520958	27117076192	515356597150	268435456	4.903921	
layer0.ffn.rn	392851	394911	2060	1280	0	0	0	1069120	1064960	518990291262	516970873786	1035961165048	0	0.000000	
