OpName	StartCycle	EndCycle	TotalCycle	ComputeCycles	MemoryStalls	WeightLoadCycles	SystolicMemoryStalls	MemoryReads	MemoryWrites	ReadBandwidth	WriteBandwidth	TotalMemoryBandwidth	NumCalculation	NpuUtilization	
layer0.attn.rn	18452	20402	1950	1280	0	0	0	1069120	1064960	548266666666	546133333333	1094400000000	0	0.000000	
layer0.attn.QKVgen	20402	40012	19610	12189	0	0	0	7355008	131328	375064150943	6696991330	381761142274	805306368	4.032488	
