OpName	StartCycle	EndCycle	TotalCycle	ComputeCycles	MemoryStalls	WeightLoadCycles	SystolicMemoryStalls	MemoryReads	MemoryWrites	ReadBandwidth	WriteBandwidth	TotalMemoryBandwidth	NumCalculation	NpuUtilization	
layer0.ffn.fc1	216819	241031	24212	14348	0	0	0	9456256	131328	390560713695	5424087229	395984800925	1073741824	4.567605	
layer0.ffn.rn	213561	216819	3258	1280	0	0	0	1069120	1064960	328152240638	326875383670	655027624309	0	0.000000	
layer0.attn.res	210176	213561	3385	256	0	0	0	2129920	1064960	629223042836	314611521418	943834564254	0	0.000000	
layer0.ffn.res	267135	283806	16671	256	0	0	0	2129920	1064960	127761981884	63880990942	191642972827	0	0.000000	
layer0.ffn.fc2	243237	267135	23898	13332	0	0	0	9456256	131328	395692359193	5495355259	401187714453	1073741824	4.915692	
layer0.attn.QKVgen	286515	309539	23024	11284	0	0	0	7355008	131328	319449617790	5703961084	325153578874	805306368	4.355902	
layer0.ffn.swish	241031	243237	2206	256	0	0	0	1064960	1064768	482756119673	482669084315	965425203989	0	0.000000	
layer0.attn.rn	283806	286515	2709	1280	0	0	0	1069120	1064960	394654854189	393119232188	787774086378	0	0.000000	
layer0.attn.proj	204846	210176	5330	3341	0	0	0	2364544	131328	443629268292	24639399624	468268667917	268435456	4.903921	
