OpName	StartCycle	EndCycle	TotalCycle	ComputeCycles	MemoryStalls	WeightLoadCycles	SystolicMemoryStalls	MemoryReads	MemoryWrites	ReadBandwidth	WriteBandwidth	TotalMemoryBandwidth	NumCalculation	NpuUtilization	
layer0.ffn.fc1	153894	177049	23155	12935	0	0	0	9456256	131328	408389375944	5671690779	414061066724	1073741824	5.066564	
layer0.ffn.res	203806	220320	16514	256	0	0	0	2129920	1064960	128976625893	64488312946	193464938839	0	0.000000	
layer0.attn.res	146921	150598	3677	256	0	0	0	2129920	1064960	579254827304	289627413652	868882240957	0	0.000000	
layer0.attn.proj	141711	146921	5210	3849	0	0	0	2364544	131328	453847216890	25206909788	479054126679	268435456	4.256690	
layer0.attn.rn	220320	222311	1991	1280	0	0	0	1069120	1064960	536976393771	534886991461	1071863385233	0	0.000000	
layer0.ffn.fc2	178633	203806	25173	14094	0	0	0	9456256	131328	375650736900	5217018233	380867755134	1073741824	4.649922	
layer0.ffn.rn	150598	153894	3296	1280	0	0	0	1069120	1064960	324368932038	323106796116	647475728155	0	0.000000	
layer0.attn.QKVgen	222311	238980	16669	10887	0	0	0	7355008	131328	441238706581	7878576999	449117283580	805306368	4.514742	
layer0.ffn.swish	177049	178633	1584	256	0	0	0	1064960	1064576	672323232323	672080808080	1344404040404	0	0.000000	
