OpName	StartCycle	EndCycle	TotalCycle	ComputeCycles	MemoryStalls	WeightLoadCycles	SystolicMemoryStalls	MemoryReads	MemoryWrites	ReadBandwidth	WriteBandwidth	TotalMemoryBandwidth	NumCalculation	NpuUtilization	
layer0.attn.proj	309539	314802	5263	4103	0	0	0	2364544	131328	449276838305	24953068592	474229906897	268435456	3.993176	
layer0.ffn.fc2	359731	382171	22440	12935	0	0	0	9456256	131328	421401782531	5852406417	427254188948	1073741824	5.066564	
layer0.ffn.swish	342325	359731	17406	256	0	0	0	1064960	1064960	61183499942	61183499942	122366999885	0	0.000000	
layer0.ffn.fc1	321770	342325	20555	12427	0	0	0	9456256	131328	460046509365	6389102408	466435611773	1073741824	5.273678	
layer0.ffn.res	382171	385249	3078	256	0	0	0	2129920	1064960	691981806367	345990903183	1037972709551	0	0.000000	
layer0.ffn.rn	318953	321770	2817	1280	0	0	0	1069120	1064960	379524316648	378047568335	757571884984	0	0.000000	
layer0.attn.res	314802	318953	4151	256	0	0	0	2129920	1064960	513110093953	256555046976	769665140929	0	0.000000	
