Stage	total_cycles	pim_cycles	mem_bw_util	
A	21264	0	65.286106	
B	38990	22464	37.852815	
C	75642	13113	74.953895	
D	83719	22874	68.366500	
E	60587	13120	70.665737	
F	52803	0	80.443228	
