Stage	total_cycles	pim_cycles	mem_bw_util	
A	21264	0	65.286106	
B	42710	19309	34.221494	
C	78870	16785	72.122401	
D	81760	19815	69.828920	
E	60452	16551	71.131642	
F	54174	0	78.407423	
