Stage	total_cycles	pim_cycles	mem_bw_util	
A	21264	0	65.286106	
B	39246	21245	37.454135	
C	79702	14323	71.226726	
D	82791	21431	69.060269	
E	56615	14202	75.752009	
F	53371	0	79.587112	
