Stage	total_cycles	pim_cycles	mem_bw_util	
A	21264	0	65.286106	
B	38824	21601	37.972163	
C	78592	15694	72.323042	
D	83702	22298	68.360150	
E	61306	14835	70.070018	
F	54035	0	78.609119	
