OpName	StartCycle	EndCycle	TotalCycle	ComputeCycles	MemoryStalls	WeightLoadCycles	SystolicMemoryStalls	MemoryReads	MemoryWrites	ReadBandwidth	WriteBandwidth	TotalMemoryBandwidth	NumCalculation	NpuUtilization	
layer0.ffn.swish	315105	315480	375	64	0	0	0	266240	266240	709973333333	709973333333	1419946666666	0	0.000000	
layer0.ffn.fc1	292401	315105	22704	13951	0	0	0	17336640	16448	763594080338	724453840	764318534178	536870912	2.348792	
layer0.ffn.fc2	315480	335887	20407	12413	0	0	0	17073472	16448	836647816925	805997941	837453814867	536870912	2.639813	
layer0.ffn.rn	291389	292401	1012	320	0	0	0	536640	528384	530276679841	522118577075	1052395256916	0	0.000000	
layer0.attn.proj	283682	290021	6339	3401	0	0	0	4268608	16448	673388231582	2594731030	675982962612	134217728	2.408703	
layer0.ffn.res	335887	337716	1829	64	0	0	0	1056768	528384	577784581738	288892290869	866676872607	0	0.000000	
layer0.attn.res	290021	291389	1368	64	0	0	0	1056768	528384	772491228070	386245614035	1158736842105	0	0.000000	
