OpName	StartCycle	EndCycle	TotalCycle	ComputeCycles	MemoryStalls	WeightLoadCycles	SystolicMemoryStalls	MemoryReads	MemoryWrites	ReadBandwidth	WriteBandwidth	TotalMemoryBandwidth	NumCalculation	NpuUtilization	
layer0.ffn.swish	176222	177383	1161	64	0	0	0	266240	266240	229319552110	229319552110	458639104220	0	0.000000	
layer0.ffn.rn	147031	148897	1866	320	0	0	0	536640	528384	287588424437	283163987138	570752411575	0	0.000000	
layer0.ffn.fc1	148897	176222	27325	14713	0	0	0	17336640	16448	634460750228	601939615	635062689844	536870912	2.227146	
layer0.ffn.fc2	177383	199809	22426	11397	0	0	0	17073472	16448	761324890751	733434406	762058325158	536870912	2.875143	
layer0.attn.rn	201276	202098	822	320	0	0	0	536640	528384	652846715328	642802919708	1295649635036	0	0.000000	
layer0.attn.proj	138676	144899	6223	4052	0	0	0	4268608	16448	685940543146	2643098184	688583641330	134217728	2.021718	
layer0.attn.QKVgen	202098	222377	20279	11538	0	0	0	13134144	16448	647672173184	811085359	648483258543	402653184	2.130005	
layer0.attn.res	144899	147031	2132	64	0	0	0	1056768	528384	495669793621	247834896810	743504690431	0	0.000000	
layer0.ffn.res	199809	201276	1467	64	0	0	0	1056768	528384	720359918200	360179959100	1080539877300	0	0.000000	
