OpName	StartCycle	EndCycle	TotalCycle	ComputeCycles	MemoryStalls	WeightLoadCycles	SystolicMemoryStalls	MemoryReads	MemoryWrites	ReadBandwidth	WriteBandwidth	TotalMemoryBandwidth	NumCalculation	NpuUtilization	
layer0.ffn.swish	172722	173462	740	64	0	0	0	266240	266240	359783783783	359783783783	719567567567	0	0.000000	
layer0.ffn.rn	143556	144727	1171	320	0	0	0	536640	528384	458274978650	451224594363	909499573014	0	0.000000	
layer0.ffn.fc1	144727	172722	27995	15364	0	0	0	17336640	16448	619276299339	587533488	619863832827	536870912	2.132778	
layer0.ffn.fc2	173462	196380	22918	11905	0	0	0	17073472	16448	744980888384	717689152	745698577537	536870912	2.752457	
layer0.attn.rn	197682	198453	771	320	0	0	0	536640	528384	696031128404	685322957198	1381354085603	0	0.000000	
layer0.attn.proj	135892	142130	6238	4417	0	0	0	4268608	16448	684291118948	2636742545	686927861494	134217728	1.854652	
layer0.attn.QKVgen	198453	219610	21157	13062	0	0	0	13134144	16448	620794252493	777425911	621571678404	402653184	1.881488	
layer0.attn.res	142130	143556	1426	64	0	0	0	1056768	528384	741071528751	370535764375	1111607293127	0	0.000000	
layer0.ffn.res	196380	197682	1302	64	0	0	0	1056768	528384	811649769585	405824884792	1217474654377	0	0.000000	
