OpName	StartCycle	EndCycle	TotalCycle	ComputeCycles	MemoryStalls	WeightLoadCycles	SystolicMemoryStalls	MemoryReads	MemoryWrites	ReadBandwidth	WriteBandwidth	TotalMemoryBandwidth	NumCalculation	NpuUtilization	
layer0.ffn.swish	316232	316606	374	64	0	0	0	266240	266240	711871657754	711871657754	1423743315508	0	0.000000	
layer0.ffn.fc1	293159	316232	23073	13840	0	0	0	17336640	16448	751382134962	712867854	752095002817	536870912	2.367630	
layer0.ffn.fc2	316606	337532	20926	12159	0	0	0	17073472	16448	815897543725	786007837	816683551562	536870912	2.694958	
layer0.ffn.rn	292107	293159	1052	320	0	0	0	536640	528384	510114068441	502266159695	1012380228136	0	0.000000	
layer0.attn.proj	285050	290851	5801	4163	0	0	0	4268608	16448	735840027581	2835373211	738675400792	134217728	1.967812	
layer0.ffn.res	337532	339223	1691	64	0	0	0	1056768	528384	624936723832	312468361916	937405085748	0	0.000000	
layer0.attn.res	290851	292107	1256	64	0	0	0	1056768	528384	841375796178	420687898089	1262063694267	0	0.000000	
