OpName	StartCycle	EndCycle	TotalCycle	ComputeCycles	MemoryStalls	WeightLoadCycles	SystolicMemoryStalls	MemoryReads	MemoryWrites	ReadBandwidth	WriteBandwidth	TotalMemoryBandwidth	NumCalculation	NpuUtilization	
layer0.attn.rn	117007	117889	882	320	0	0	0	536640	528384	608435374149	599074829931	1207510204081	0	0.000000	
layer0.ffn.rn	68234	69521	1287	320	0	0	0	536640	528384	416969696969	410554778554	827524475524	0	0.000000	
layer0.ffn.swish	95312	95721	409	64	0	0	0	266240	266240	650953545232	650953545232	1301907090464	0	0.000000	
layer0.ffn.fc2	95721	115747	20026	11651	0	0	0	17073472	16448	852565265155	821332268	853386597423	536870912	2.812462	
layer0.attn.res	66636	68234	1598	64	0	0	0	1056768	528384	661306633291	330653316645	991959949937	0	0.000000	
layer0.ffn.res	115747	117007	1260	64	0	0	0	1056768	528384	838704761904	419352380952	1258057142857	0	0.000000	
layer0.ffn.fc1	69521	95312	25791	14713	0	0	0	17336640	16448	672197278120	637741847	672835019968	536870912	2.227146	
layer0.attn.QKVgen	117889	138676	20787	10887	0	0	0	13134144	16448	631844133352	791263770	632635397123	402653184	2.257371	
layer0.attn.proj	60085	66636	6551	4163	0	0	0	4268608	16448	651596397496	2510761715	654107159212	134217728	1.967812	
