OpName	StartCycle	EndCycle	TotalCycle	ComputeCycles	MemoryStalls	WeightLoadCycles	SystolicMemoryStalls	MemoryReads	MemoryWrites	ReadBandwidth	WriteBandwidth	TotalMemoryBandwidth	NumCalculation	NpuUtilization	
layer0.attn.proj	222998	228933	5935	4417	0	0	0	4268608	16448	719226284751	2771356360	721997641112	134217728	1.854652	
layer0.ffn.fc2	259146	278308	19162	11905	0	0	0	17073472	16448	891006784260	858365515	891865149775	536870912	2.752457	
layer0.ffn.fc1	232258	257732	25474	13443	0	0	0	17336640	16448	680562141791	645677946	681207819737	536870912	2.437551	
layer0.ffn.res	278308	279612	1304	64	0	0	0	1056768	528384	810404907975	405202453987	1215607361963	0	0.000000	
layer0.ffn.swish	257732	259146	1414	64	0	0	0	266240	266240	188288543140	188288543140	376577086280	0	0.000000	
layer0.ffn.rn	231337	232258	921	320	0	0	0	536640	528384	582671009771	573706840390	1156377850162	0	0.000000	
layer0.attn.res	228933	231337	2404	64	0	0	0	1056768	528384	439587354409	219793677204	659381031613	0	0.000000	
