OpName	StartCycle	EndCycle	TotalCycle	ComputeCycles	MemoryStalls	WeightLoadCycles	SystolicMemoryStalls	MemoryReads	MemoryWrites	ReadBandwidth	WriteBandwidth	TotalMemoryBandwidth	NumCalculation	NpuUtilization	
layer0.attn.proj	224599	230449	5850	3909	0	0	0	4268608	16448	729676581196	2811623931	732488205128	134217728	2.095677	
layer0.ffn.fc2	261226	283329	22103	12159	0	0	0	17073472	16448	772450436592	744152377	773194588969	536870912	2.694958	
layer0.ffn.fc1	233454	260152	26698	16015	0	0	0	17336640	16448	649361000824	616076110	649977076934	536870912	2.046082	
layer0.ffn.res	283329	285050	1721	64	0	0	0	1056768	528384	614042998256	307021499128	921064497385	0	0.000000	
layer0.ffn.swish	260152	261226	1074	64	0	0	0	266240	266240	247895716945	247895716945	495791433891	0	0.000000	
layer0.ffn.rn	232333	233454	1121	320	0	0	0	536640	528384	478715432649	471350579839	950066012488	0	0.000000	
layer0.attn.res	230449	232333	1884	64	0	0	0	1056768	528384	560917197452	280458598726	841375796178	0	0.000000	
