OpName	StartCycle	EndCycle	TotalCycle	ComputeCycles	MemoryStalls	WeightLoadCycles	SystolicMemoryStalls	MemoryReads	MemoryWrites	ReadBandwidth	WriteBandwidth	TotalMemoryBandwidth	NumCalculation	NpuUtilization	
layer0.ffn.swish	176117	179307	3190	64	0	0	0	266240	266240	83460815047	83460815047	166921630094	0	0.000000	
layer0.ffn.rn	148339	149341	1002	320	0	0	0	536640	528384	535568862275	527329341317	1062898203592	0	0.000000	
layer0.ffn.fc1	149341	176117	26776	14856	0	0	0	17336640	16448	647469375560	614281446	648083657006	536870912	2.205708	
layer0.ffn.fc2	179307	201084	21777	11905	0	0	0	17073472	16448	784013959682	755292280	784769251963	536870912	2.752457	
layer0.attn.rn	202647	203383	736	320	0	0	0	536640	528384	729130434782	717913043478	1447043478260	0	0.000000	
layer0.attn.proj	140208	146688	6480	4417	0	0	0	4268608	16448	658735802469	2538271604	661274074074	134217728	1.854652	
layer0.attn.QKVgen	203383	222998	19615	11903	0	0	0	13134144	16448	669596941116	838541932	670435483048	402653184	2.064690	
layer0.attn.res	146688	148339	1651	64	0	0	0	1056768	528384	640077528770	320038764385	960116293155	0	0.000000	
layer0.ffn.res	201084	202647	1563	64	0	0	0	1056768	528384	676115163147	338057581573	1014172744721	0	0.000000	
