OpName	StartCycle	EndCycle	TotalCycle	ComputeCycles	MemoryStalls	WeightLoadCycles	SystolicMemoryStalls	MemoryReads	MemoryWrites	ReadBandwidth	WriteBandwidth	TotalMemoryBandwidth	NumCalculation	NpuUtilization	
layer0.attn.proj	222377	228962	6585	3655	0	0	0	4268608	16448	648232042520	2497798025	650729840546	134217728	2.241313	
layer0.ffn.fc2	259320	282427	23107	11905	0	0	0	17073472	16448	738887436707	711818929	739599255636	536870912	2.752457	
layer0.ffn.fc1	231908	258368	26460	12935	0	0	0	17336640	16448	655201814058	621617535	655823431594	536870912	2.533282	
layer0.ffn.res	282427	283682	1255	64	0	0	0	1056768	528384	842046215139	421023107569	1263069322709	0	0.000000	
layer0.ffn.swish	258368	259320	952	64	0	0	0	266240	266240	279663865546	279663865546	559327731092	0	0.000000	
layer0.ffn.rn	230814	231908	1094	320	0	0	0	536640	528384	490530164533	482983546617	973513711151	0	0.000000	
layer0.attn.res	228962	230814	1852	64	0	0	0	1056768	528384	570609071274	285304535637	855913606911	0	0.000000	
