OpName	StartCycle	EndCycle	TotalCycle	ComputeCycles	MemoryStalls	WeightLoadCycles	SystolicMemoryStalls	MemoryReads	MemoryWrites	ReadBandwidth	WriteBandwidth	TotalMemoryBandwidth	NumCalculation	NpuUtilization	
layer0.ffn.swish	310754	311078	324	64	0	0	0	266240	266240	821728395061	821728395061	1643456790123	0	0.000000	
layer0.ffn.fc1	288299	310754	22455	14602	0	0	0	17336640	16448	772061456245	732487196	772793943442	536870912	2.244076	
layer0.ffn.fc2	311078	331705	20627	11397	0	0	0	17073472	16448	827724438842	797401464	828521840306	536870912	2.875143	
layer0.ffn.rn	287587	288299	712	320	0	0	0	536640	528384	753707865168	742112359550	1495820224719	0	0.000000	
layer0.attn.proj	279612	285986	6374	3655	0	0	0	4268608	16448	669690618136	2580483213	672271101349	134217728	2.241313	
layer0.ffn.res	331705	332982	1277	64	0	0	0	1056768	528384	827539545810	413769772905	1241309318715	0	0.000000	
layer0.attn.res	285986	287587	1601	64	0	0	0	1056768	528384	660067457838	330033728919	990101186758	0	0.000000	
