OpName	StartCycle	EndCycle	TotalCycle	ComputeCycles	MemoryStalls	WeightLoadCycles	SystolicMemoryStalls	MemoryReads	MemoryWrites	ReadBandwidth	WriteBandwidth	TotalMemoryBandwidth	NumCalculation	NpuUtilization	
layer0.ffn.swish	310305	310639	334	64	0	0	0	266240	266240	797125748502	797125748502	1594251497005	0	0.000000	
layer0.ffn.fc1	287330	310305	22975	14602	0	0	0	17336640	16448	754587159956	715908596	755303068552	536870912	2.244076	
layer0.ffn.fc2	310639	331679	21040	11397	0	0	0	17073472	16448	811476806083	781749049	812258555133	536870912	2.875143	
layer0.ffn.rn	286557	287330	773	320	0	0	0	536640	528384	694230271668	683549805950	1377780077619	0	0.000000	
layer0.attn.proj	280196	285261	5065	3147	0	0	0	4268608	16448	842765646594	3247384007	846013030602	134217728	2.603114	
layer0.ffn.res	331679	332998	1319	64	0	0	0	1056768	528384	801188779378	400594389689	1201783169067	0	0.000000	
layer0.attn.res	285261	286557	1296	64	0	0	0	1056768	528384	815407407407	407703703703	1223111111111	0	0.000000	
