OpName	StartCycle	EndCycle	TotalCycle	ComputeCycles	MemoryStalls	WeightLoadCycles	SystolicMemoryStalls	MemoryReads	MemoryWrites	ReadBandwidth	WriteBandwidth	TotalMemoryBandwidth	NumCalculation	NpuUtilization	
layer0.attn.proj	219610	225918	6308	4163	0	0	0	4268608	16448	676697526949	2607482561	679305009511	134217728	1.967812	
layer0.ffn.fc2	256470	278590	22120	11651	0	0	0	17073472	16448	771856781193	743580470	772600361663	536870912	2.812462	
layer0.ffn.fc1	228575	256109	27534	13951	0	0	0	17336640	16448	629644802789	597370523	630242173312	536870912	2.348792	
layer0.ffn.res	278590	280196	1606	64	0	0	0	1056768	528384	658012453300	329006226650	987018679950	0	0.000000	
layer0.ffn.swish	256109	256470	361	64	0	0	0	266240	266240	737506925207	737506925207	1475013850415	0	0.000000	
layer0.ffn.rn	227372	228575	1203	316	0	0	0	536640	528384	446084788029	439221945137	885306733167	0	0.000000	
layer0.attn.res	225918	227372	1454	64	0	0	0	1056768	528384	726800550206	363400275103	1090200825309	0	0.000000	
