OpName	StartCycle	EndCycle	TotalCycle	ComputeCycles	MemoryStalls	WeightLoadCycles	SystolicMemoryStalls	MemoryReads	MemoryWrites	ReadBandwidth	WriteBandwidth	TotalMemoryBandwidth	NumCalculation	NpuUtilization	
layer0.ffn.swish	179496	180663	1167	64	0	0	0	266240	266240	228140531276	228140531276	456281062553	0	0.000000	
layer0.ffn.rn	151030	152358	1328	320	0	0	0	536640	528384	404096385542	397879518072	801975903614	0	0.000000	
layer0.ffn.fc1	152358	179496	27138	15364	0	0	0	17336640	16448	638832633208	606087405	639438720613	536870912	2.132778	
layer0.ffn.fc2	180663	202540	21877	11905	0	0	0	17073472	16448	780430223522	751839831	781182063354	536870912	2.752457	
layer0.attn.rn	204101	204851	750	320	0	0	0	536640	528384	715520000000	704512000000	1420032000000	0	0.000000	
layer0.attn.proj	142840	149009	6169	3655	0	0	0	4268608	16448	691944885718	2666234397	694611120116	134217728	2.241313	
layer0.attn.QKVgen	204851	224599	19748	11538	0	0	0	13134144	16448	665087299979	832894470	665920194450	402653184	2.130005	
layer0.attn.res	149009	151030	2021	64	0	0	0	1056768	528384	522893617021	261446808510	784340425531	0	0.000000	
layer0.ffn.res	202540	204101	1561	64	0	0	0	1056768	528384	676981422165	338490711082	1015472133247	0	0.000000	
