OpName	StartCycle	EndCycle	TotalCycle	ComputeCycles	MemoryStalls	WeightLoadCycles	SystolicMemoryStalls	MemoryReads	MemoryWrites	ReadBandwidth	WriteBandwidth	TotalMemoryBandwidth	NumCalculation	NpuUtilization	
layer0.attn.rn	122035	122931	896	320	0	0	0	536640	528384	598928571428	589714285714	1188642857142	0	0.000000	
layer0.ffn.rn	72137	73575	1438	320	0	0	0	536640	528384	373184979137	367443671766	740628650904	0	0.000000	
layer0.ffn.swish	99542	100046	504	64	0	0	0	266240	266240	528253968253	528253968253	1056507936507	0	0.000000	
layer0.ffn.fc2	100046	120669	20623	11651	0	0	0	17073472	16448	827884982786	797556126	828682538912	536870912	2.812462	
layer0.attn.res	70418	72137	1719	64	0	0	0	1056768	528384	614757417102	307378708551	922136125654	0	0.000000	
layer0.ffn.res	120669	122035	1366	64	0	0	0	1056768	528384	773622254758	386811127379	1160433382137	0	0.000000	
layer0.ffn.fc1	73575	99542	25967	15221	0	0	0	17336640	16448	667641236954	633419339	668274656294	536870912	2.152815	
layer0.attn.QKVgen	122931	142840	19909	10887	0	0	0	13134144	16448	659708875382	826159023	660535034406	402653184	2.257371	
layer0.attn.proj	63971	70418	6447	3909	0	0	0	4268608	16448	662107646967	2551264153	664658911121	134217728	2.095677	
