OpName	StartCycle	EndCycle	TotalCycle	ComputeCycles	MemoryStalls	WeightLoadCycles	SystolicMemoryStalls	MemoryReads	MemoryWrites	ReadBandwidth	WriteBandwidth	TotalMemoryBandwidth	NumCalculation	NpuUtilization	
layer0.attn.rn	116736	117909	1173	320	0	0	0	536640	528384	457493606138	450455242966	907948849104	0	0.000000	
layer0.ffn.rn	68282	69471	1189	316	0	0	0	536640	528384	451337258200	444393608074	895730866274	0	0.000000	
layer0.ffn.swish	94848	95171	323	64	0	0	0	266240	266240	824272445820	824272445820	1648544891640	0	0.000000	
layer0.ffn.fc2	95171	115488	20317	11397	0	0	0	17073472	16448	840353989270	809568341	841163557611	536870912	2.875143	
layer0.attn.res	66408	68282	1874	64	0	0	0	1056768	528384	563910352187	281955176093	845865528281	0	0.000000	
layer0.ffn.res	115488	116736	1248	64	0	0	0	1056768	528384	846769230769	423384615384	1270153846153	0	0.000000	
layer0.ffn.fc1	69471	94848	25377	15364	0	0	0	17336640	16448	683163494502	648145958	683811640461	536870912	2.132778	
layer0.attn.QKVgen	117909	135892	17983	11030	0	0	0	13134144	16448	730364455318	914641605	731279096924	402653184	2.228105	
layer0.attn.proj	60251	66408	6157	4163	0	0	0	4268608	16448	693293487087	2671430891	695964917979	134217728	1.967812	
