OpName	StartCycle	EndCycle	TotalCycle	ComputeCycles	MemoryStalls	WeightLoadCycles	SystolicMemoryStalls	MemoryReads	MemoryWrites	ReadBandwidth	WriteBandwidth	TotalMemoryBandwidth	NumCalculation	NpuUtilization	
layer0.attn.rn	119625	120530	905	320	0	0	0	536640	528384	592972375690	583849723756	1176822099447	0	0.000000	
layer0.ffn.rn	69635	70878	1243	320	0	0	0	536640	528384	431729686242	425087691069	856817377312	0	0.000000	
layer0.ffn.swish	97287	98409	1122	64	0	0	0	266240	266240	237290552584	237290552584	474581105169	0	0.000000	
layer0.ffn.fc2	98409	118041	19632	10889	0	0	0	17073472	16448	869675631621	837815810	870513447432	536870912	3.009275	
layer0.attn.res	68125	69635	1510	64	0	0	0	1056768	528384	699846357615	349923178807	1049769536423	0	0.000000	
layer0.ffn.res	118041	119625	1584	64	0	0	0	1056768	528384	667151515151	333575757575	1000727272727	0	0.000000	
layer0.ffn.fc1	70878	97287	26409	13951	0	0	0	17336640	16448	656467113484	622817978	657089931462	536870912	2.348792	
layer0.attn.QKVgen	120530	140208	19678	11792	0	0	0	13134144	16448	667453196463	835857302	668289053765	402653184	2.084125	
layer0.attn.proj	60507	68125	7618	3401	0	0	0	4268608	16448	560331845628	2159096875	562490942504	134217728	2.408703	
