OpName	StartCycle	EndCycle	TotalCycle	ComputeCycles	MemoryStalls	WeightLoadCycles	SystolicMemoryStalls	MemoryReads	MemoryWrites	ReadBandwidth	WriteBandwidth	TotalMemoryBandwidth	NumCalculation	NpuUtilization	
layer0.attn.QKVgen	22093	44246	22153	12189	0	0	0	13134144	16448	592883311515	742472802	593625784318	402653184	2.016244	
layer0.attn.rn	21262	22093	831	320	0	0	0	536640	528384	645776173285	635841155234	1281617328519	0	0.000000	
