Stage	total_cycles	pim_cycles	mem_bw_util	
A	21802	0	70.830371	
B	26665	21908	59.662948	
C	85136	21117	74.869987	
D	96203	23135	66.434714	
E	72996	20723	66.167239	
F	59635	0	80.497086	
