Stage	total_cycles	pim_cycles	mem_bw_util	
A	21802	0	70.830371	
B	28055	22818	56.811620	
C	87541	21341	72.818022	
D	97489	23274	65.588746	
E	66722	19378	72.395256	
F	60829	0	78.917026	
