Stage	total_cycles	pim_cycles	mem_bw_util	
A	21802	0	70.830371	
B	33354	23205	47.853706	
C	81874	21126	77.860264	
D	88409	23354	72.352362	
E	70181	20354	68.828369	
F	60204	0	79.736292	
