Stage	total_cycles	pim_cycles	mem_bw_util	
A	21802	0	70.830371	
B	30119	22741	52.946230	
C	88665	21136	71.897592	
D	93399	23891	68.453423	
E	70558	20688	68.462471	
F	60962	0	78.744853	
