OpName	StartCycle	EndCycle	TotalCycle	ComputeCycles	MemoryStalls	WeightLoadCycles	SystolicMemoryStalls	MemoryReads	MemoryWrites	ReadBandwidth	WriteBandwidth	TotalMemoryBandwidth	NumCalculation	NpuUtilization	
layer0.ffn.rn	305624	307720	2096	640	0	0	0	1065024	1056768	508122137404	504183206106	1012305343511	0	0.000000	
layer0.ffn.swish	331623	332474	851	128	0	0	0	532480	532480	625710928319	625710928319	1251421856639	0	0.000000	
layer0.attn.proj	295614	302883	7269	3909	0	0	0	4334144	32832	596250378318	4516714816	600767093135	268435456	4.191353	
layer0.ffn.fc1	307720	331623	23903	13697	0	0	0	17860928	32832	747225369200	1373551437	748598920637	1073741824	4.784697	
layer0.ffn.res	353253	355817	2564	128	0	0	0	2113536	1056768	824312012480	412156006240	1236468018720	0	0.000000	
layer0.ffn.fc2	332474	353253	20779	12921	0	0	0	17335616	32832	834285384282	1580056788	835865441070	1073741824	5.072053	
layer0.attn.res	302883	305624	2741	128	0	0	0	2113536	1056768	771082086829	385541043414	1156623130244	0	0.000000	
