OpName	StartCycle	EndCycle	TotalCycle	ComputeCycles	MemoryStalls	WeightLoadCycles	SystolicMemoryStalls	MemoryReads	MemoryWrites	ReadBandwidth	WriteBandwidth	TotalMemoryBandwidth	NumCalculation	NpuUtilization	
layer0.ffn.rn	311803	314316	2513	640	0	0	0	1065024	1056768	423805809789	420520493434	844326303223	0	0.000000	
layer0.ffn.swish	337798	338429	631	128	0	0	0	532480	532480	843866877971	843866877971	1687733755942	0	0.000000	
layer0.attn.proj	302796	309597	6801	4163	0	0	0	4334144	32832	637280399941	4827525363	642107925305	268435456	3.935623	
layer0.ffn.fc1	314316	337798	23482	15110	0	0	0	17860928	32832	760622093518	1398177327	762020270845	1073741824	4.337260	
layer0.ffn.res	360066	362430	2364	128	0	0	0	2113536	1056768	894050761421	447025380710	1341076142131	0	0.000000	
layer0.ffn.fc2	338429	360066	21637	12921	0	0	0	17335616	32832	801202384803	1517400748	802719785552	1073741824	5.072053	
layer0.attn.res	309597	311803	2206	128	0	0	0	2113536	1056768	958085222121	479042611060	1437127833182	0	0.000000	
