OpName	StartCycle	EndCycle	TotalCycle	ComputeCycles	MemoryStalls	WeightLoadCycles	SystolicMemoryStalls	MemoryReads	MemoryWrites	ReadBandwidth	WriteBandwidth	TotalMemoryBandwidth	NumCalculation	NpuUtilization	
layer0.ffn.rn	314375	316892	2517	640	0	0	0	1065024	1056768	423132300357	419852205005	842984505363	0	0.000000	
layer0.ffn.swish	340638	341310	672	128	0	0	0	532480	532480	792380952380	792380952380	1584761904761	0	0.000000	
layer0.attn.proj	304537	311882	7345	3147	0	0	0	4334144	32832	590080871341	4469979577	594550850918	268435456	5.206228	
layer0.ffn.fc1	316892	340638	23746	14491	0	0	0	17860928	32832	752165754232	1382632864	753548387096	1073741824	4.522531	
layer0.ffn.res	362768	365498	2730	128	0	0	0	2113536	1056768	774189010989	387094505494	1161283516483	0	0.000000	
layer0.ffn.fc2	341310	362768	21458	12159	0	0	0	17335616	32832	807885916674	1530058719	809415975393	1073741824	5.389917	
layer0.attn.res	311882	314375	2493	128	0	0	0	2113536	1056768	847788206979	423894103489	1271682310469	0	0.000000	
