OpName	StartCycle	EndCycle	TotalCycle	ComputeCycles	MemoryStalls	WeightLoadCycles	SystolicMemoryStalls	MemoryReads	MemoryWrites	ReadBandwidth	WriteBandwidth	TotalMemoryBandwidth	NumCalculation	NpuUtilization	
layer0.attn.rn	211914	214431	2517	640	0	0	0	1065024	1056768	423132300357	419852205005	842984505363	0	0.000000	
layer0.ffn.res	209275	211914	2639	128	0	0	0	2113536	1056768	800885183781	400442591890	1201327775672	0	0.000000	
layer0.ffn.fc1	163454	185997	22543	13189	0	0	0	17860928	32832	792304839639	1456416626	793761256265	1073741824	4.968989	
layer0.attn.res	143741	147601	3860	128	0	0	0	2113536	1055488	547548186528	273442487046	820990673575	0	0.000000	
layer0.attn.QKVgen	214431	234882	20451	11649	0	0	0	13658432	32832	667861327074	1605398269	669466725343	805306368	4.219418	
layer0.ffn.swish	185997	186635	638	128	0	0	0	532480	532480	834608150470	834608150470	1669216300940	0	0.000000	
layer0.ffn.rn	147601	163454	15853	640	0	0	0	1065024	1056768	67181227527	66660442818	133841670346	0	0.000000	
layer0.attn.proj	137394	143741	6347	4163	0	0	0	4334144	32832	682864975579	5172837561	688037813140	268435456	3.935623	
layer0.ffn.fc2	186635	209275	22640	12921	0	0	0	17335616	32832	765707420494	1450176678	767157597173	1073741824	5.072053	
