OpName	StartCycle	EndCycle	TotalCycle	ComputeCycles	MemoryStalls	WeightLoadCycles	SystolicMemoryStalls	MemoryReads	MemoryWrites	ReadBandwidth	WriteBandwidth	TotalMemoryBandwidth	NumCalculation	NpuUtilization	
layer0.attn.rn	202210	204317	2107	640	0	0	0	1065024	1056768	505469387755	501551020408	1007020408163	0	0.000000	
layer0.ffn.res	199675	202210	2535	128	0	0	0	2113536	1056768	833742011834	416871005917	1250613017751	0	0.000000	
layer0.ffn.fc1	148756	177808	29052	14094	0	0	0	17860928	32832	614791683877	1130111524	615921795401	1073741824	4.649922	
layer0.attn.res	143292	146086	2794	128	0	0	0	2113536	1056768	756455261274	378227630637	1134682891911	0	0.000000	
layer0.attn.QKVgen	204317	225434	21117	12554	0	0	0	13658432	32832	646797935312	1554766302	648352701614	805306368	3.915246	
layer0.ffn.swish	177808	178564	756	128	0	0	0	532480	532480	704338624338	704338624338	1408677248677	0	0.000000	
layer0.ffn.rn	146086	148756	2670	640	0	0	0	1065024	1056768	398885393258	395793258426	794678651685	0	0.000000	
layer0.attn.proj	137026	143292	6266	3909	0	0	0	4334144	32832	691692307692	5239706351	696932014044	268435456	4.191353	
layer0.ffn.fc2	178564	199675	21111	11651	0	0	0	17335616	32832	821165079816	1555208185	822720288001	1073741824	5.624925	
