OpName	StartCycle	EndCycle	TotalCycle	ComputeCycles	MemoryStalls	WeightLoadCycles	SystolicMemoryStalls	MemoryReads	MemoryWrites	ReadBandwidth	WriteBandwidth	TotalMemoryBandwidth	NumCalculation	NpuUtilization	
layer0.attn.res	59583	63643	4060	128	0	0	0	2113536	1056768	520575369458	260287684729	780863054187	0	0.000000	
layer0.attn.QKVgen	120473	140582	20109	12554	0	0	0	13658432	32832	679219851807	1632701775	680852553582	805306368	3.915246	
layer0.ffn.rn	63643	66700	3057	640	0	0	0	1065024	1056768	348388616290	345687929342	694076545632	0	0.000000	
layer0.ffn.fc2	94218	115441	21223	12413	0	0	0	17335616	32832	816831550676	1547000895	818378551571	1073741824	5.279626	
layer0.ffn.fc1	66700	93180	26480	15110	0	0	0	17860928	32832	674506344410	1239879154	675746223564	1073741824	4.337260	
layer0.attn.rn	118344	120473	2129	640	0	0	0	1065024	1056768	500246124941	496368248003	996614372945	0	0.000000	
layer0.ffn.res	115441	118344	2903	128	0	0	0	2113536	1056768	728052359627	364026179813	1092078539441	0	0.000000	
layer0.attn.proj	51918	59583	7665	4417	0	0	0	4334144	32832	565446053489	4283365949	569729419439	268435456	3.709305	
layer0.ffn.swish	93180	94218	1038	128	0	0	0	532480	532480	512986512524	512986512524	1025973025048	0	0.000000	
