OpName	StartCycle	EndCycle	TotalCycle	ComputeCycles	MemoryStalls	WeightLoadCycles	SystolicMemoryStalls	MemoryReads	MemoryWrites	ReadBandwidth	WriteBandwidth	TotalMemoryBandwidth	NumCalculation	NpuUtilization	
layer0.attn.QKVgen	23387	48477	25090	12443	0	0	0	13658432	32832	544377520924	1308569151	545686090075	805306368	3.950173	
layer0.attn.rn	21800	23387	1587	640	0	0	0	1065024	1056768	671092627599	665890359168	1336982986767	0	0.000000	
