OpName	StartCycle	EndCycle	TotalCycle	ComputeCycles	MemoryStalls	WeightLoadCycles	SystolicMemoryStalls	MemoryReads	MemoryWrites	ReadBandwidth	WriteBandwidth	TotalMemoryBandwidth	NumCalculation	NpuUtilization	
layer0.attn.QKVgen	23811	49011	25200	11903	0	0	0	13658432	32832	542001269841	1302857142	543304126984	805306368	4.129379	
layer0.attn.rn	21800	23811	2011	640	0	0	0	1065024	1056768	529599204375	525493784186	1055092988562	0	0.000000	
