OpName	StartCycle	EndCycle	TotalCycle	ComputeCycles	MemoryStalls	WeightLoadCycles	SystolicMemoryStalls	MemoryReads	MemoryWrites	ReadBandwidth	WriteBandwidth	TotalMemoryBandwidth	NumCalculation	NpuUtilization	
layer0.ffn.rn	311378	313738	2360	640	0	0	0	1065024	1056768	451281355932	447783050847	899064406779	0	0.000000	
layer0.ffn.swish	337010	337986	976	128	0	0	0	532480	532480	545573770491	545573770491	1091147540983	0	0.000000	
layer0.attn.proj	301603	309011	7408	3909	0	0	0	4334144	32832	585062634989	4431965442	589494600431	268435456	4.191353	
layer0.ffn.fc1	313738	337010	23272	15364	0	0	0	17860928	32832	767485733929	1410794087	768896528016	1073741824	4.265556	
layer0.ffn.res	360137	362431	2294	128	0	0	0	2113536	1056768	921332170880	460666085440	1381998256320	0	0.000000	
layer0.ffn.fc2	337986	360137	22151	12413	0	0	0	17335616	32832	782610988217	1482190420	784093178637	1073741824	5.279626	
layer0.attn.res	309011	311378	2367	128	0	0	0	2113536	1056768	892917617237	446458808618	1339376425855	0	0.000000	
