OpName	StartCycle	EndCycle	TotalCycle	ComputeCycles	MemoryStalls	WeightLoadCycles	SystolicMemoryStalls	MemoryReads	MemoryWrites	ReadBandwidth	WriteBandwidth	TotalMemoryBandwidth	NumCalculation	NpuUtilization	
layer0.attn.QKVgen	23732	48464	24732	12189	0	0	0	13658432	32832	552257480187	1327510917	553584991104	805306368	4.032488	
layer0.attn.rn	21800	23732	1932	640	0	0	0	1065024	1056768	551254658385	546981366459	1098236024844	0	0.000000	
