OpName	StartCycle	EndCycle	TotalCycle	ComputeCycles	MemoryStalls	WeightLoadCycles	SystolicMemoryStalls	MemoryReads	MemoryWrites	ReadBandwidth	WriteBandwidth	TotalMemoryBandwidth	NumCalculation	NpuUtilization	
layer0.ffn.res	300153	302796	2643	128	0	0	0	2113536	1056768	799673098751	399836549375	1199509648127	0	0.000000	
layer0.attn.res	238815	251196	12381	128	0	0	0	2113536	1056768	170708020353	85354010176	256062030530	0	0.000000	
layer0.attn.proj	229801	238815	9014	4052	0	0	0	4334144	32832	480823607721	3642334146	484465941868	268435456	4.043435	
layer0.ffn.fc1	252986	277841	24855	14713	0	0	0	17860928	32832	718605029169	1320941460	719925970629	1073741824	4.454292	
layer0.ffn.fc2	278599	300153	21554	13175	0	0	0	17335616	32832	804287649624	1523243945	805810893569	1073741824	4.974269	
layer0.ffn.swish	277841	278599	758	128	0	0	0	532480	532480	702480211081	702480211081	1404960422163	0	0.000000	
layer0.ffn.rn	251196	252986	1790	640	0	0	0	1065024	1056768	594985474860	590373184357	1185358659217	0	0.000000	
