OpName	StartCycle	EndCycle	TotalCycle	ComputeCycles	MemoryStalls	WeightLoadCycles	SystolicMemoryStalls	MemoryReads	MemoryWrites	ReadBandwidth	WriteBandwidth	TotalMemoryBandwidth	NumCalculation	NpuUtilization	
layer0.attn.res	55967	59341	3374	128	0	0	0	2113536	1056768	626418494368	313209247184	939627741553	0	0.000000	
layer0.attn.QKVgen	116687	137394	20707	12046	0	0	0	13658432	32832	659604578161	1585550779	661190128941	805306368	4.080359	
layer0.ffn.rn	59341	62842	3501	640	0	0	0	1065024	1056768	304205655526	301847472150	606053127677	0	0.000000	
layer0.ffn.fc2	89759	111749	21990	11905	0	0	0	17335616	32832	788340882219	1493042291	789833924511	1073741824	5.504914	
layer0.ffn.fc1	62842	89037	26195	14237	0	0	0	17860928	32832	681844932238	1253368963	683098301202	1073741824	4.603217	
layer0.attn.rn	114394	116687	2293	640	0	0	0	1065024	1056768	464467509812	460866986480	925334496293	0	0.000000	
layer0.ffn.res	111749	114394	2645	128	0	0	0	2113536	1056768	799068431001	399534215500	1198602646502	0	0.000000	
layer0.attn.proj	49854	55967	6113	3909	0	0	0	4334144	32832	709004416816	5370849010	714375265826	268435456	4.191353	
layer0.ffn.swish	89037	89759	722	128	0	0	0	532480	532480	737506925207	737506925207	1475013850415	0	0.000000	
