OpName	StartCycle	EndCycle	TotalCycle	ComputeCycles	MemoryStalls	WeightLoadCycles	SystolicMemoryStalls	MemoryReads	MemoryWrites	ReadBandwidth	WriteBandwidth	TotalMemoryBandwidth	NumCalculation	NpuUtilization	
layer0.attn.rn	210568	212953	2385	640	0	0	0	1065024	1056768	446550943396	443089308176	889640251572	0	0.000000	
layer0.ffn.res	208303	210568	2265	128	0	0	0	2113536	1056768	933128476821	466564238410	1399692715231	0	0.000000	
layer0.ffn.fc1	166692	187552	20860	14094	0	0	0	17860928	32832	856228571428	1573921380	857802492809	1073741824	4.649922	
layer0.attn.res	146916	149951	3035	128	0	0	0	2097152	1056256	690989126853	348025041186	1039014168039	0	0.000000	
layer0.attn.QKVgen	212953	233980	21027	12808	0	0	0	13658432	32832	649566367051	1561421030	651127788081	805306368	3.837601	
layer0.ffn.swish	187552	188247	695	128	0	0	0	532480	532480	766158273381	766158273381	1532316546762	0	0.000000	
layer0.ffn.rn	149951	166692	16741	640	0	0	0	1065024	1056768	63617705035	63124544531	126742249566	0	0.000000	
layer0.attn.proj	140582	146916	6334	4163	0	0	0	4334144	32832	684266498263	5183454373	689449952636	268435456	3.935623	
layer0.ffn.fc2	188247	208303	20056	12413	0	0	0	17335616	32832	864360590347	1637016354	865997606701	1073741824	5.279626	
