OpName	StartCycle	EndCycle	TotalCycle	ComputeCycles	MemoryStalls	WeightLoadCycles	SystolicMemoryStalls	MemoryReads	MemoryWrites	ReadBandwidth	WriteBandwidth	TotalMemoryBandwidth	NumCalculation	NpuUtilization	
layer0.attn.res	55578	59080	3502	128	0	0	0	2113536	1056768	603522558537	301761279268	905283837806	0	0.000000	
layer0.attn.QKVgen	112383	133599	21216	10887	0	0	0	13658432	32832	643779788838	1547511312	645327300150	805306368	4.514742	
layer0.ffn.rn	59080	62561	3481	640	0	0	0	1065024	1056768	305953461648	303581729388	609535191037	0	0.000000	
layer0.ffn.fc2	87827	107528	19701	11905	0	0	0	17335616	32832	879935840820	1666514390	881602355210	1073741824	5.504914	
layer0.ffn.fc1	62561	87217	24656	14094	0	0	0	17860928	32832	724404931862	1331602855	725736534717	1073741824	4.649922	
layer0.attn.rn	110224	112383	2159	640	0	0	0	1065024	1056768	493295044001	489471051412	982766095414	0	0.000000	
layer0.ffn.res	107528	110224	2696	128	0	0	0	2113536	1056768	783952522255	391976261127	1175928783382	0	0.000000	
layer0.attn.proj	48464	55578	7114	3655	0	0	0	4334144	32832	609241495642	4615125105	613856620747	268435456	4.482627	
layer0.ffn.swish	87217	87827	610	128	0	0	0	532480	532480	872918032786	872918032786	1745836065573	0	0.000000	
