OpName	StartCycle	EndCycle	TotalCycle	ComputeCycles	MemoryStalls	WeightLoadCycles	SystolicMemoryStalls	MemoryReads	MemoryWrites	ReadBandwidth	WriteBandwidth	TotalMemoryBandwidth	NumCalculation	NpuUtilization	
layer0.ffn.res	301871	304537	2666	128	0	0	0	2113536	1056768	792774193548	396387096774	1189161290322	0	0.000000	
layer0.attn.res	241972	255337	13365	128	0	0	0	2113536	1056768	158139618406	79069809203	237209427609	0	0.000000	
layer0.attn.proj	233980	241972	7992	3909	0	0	0	4334144	32832	542310310310	4108108108	546418418418	268435456	4.191353	
layer0.ffn.fc1	257176	281062	23886	15110	0	0	0	17860928	32832	747757179938	1374529012	749131708950	1073741824	4.337260	
layer0.ffn.fc2	281719	301871	20152	11651	0	0	0	17335616	32832	860242953552	1629217943	861872171496	1073741824	5.624925	
layer0.ffn.swish	281062	281719	657	128	0	0	0	532480	532480	810471841704	810471841704	1620943683409	0	0.000000	
layer0.ffn.rn	255337	257176	1839	640	0	0	0	1065024	1056768	579132137030	574642740619	1153774877650	0	0.000000	
