OpName	StartCycle	EndCycle	TotalCycle	ComputeCycles	MemoryStalls	WeightLoadCycles	SystolicMemoryStalls	MemoryReads	MemoryWrites	ReadBandwidth	WriteBandwidth	TotalMemoryBandwidth	NumCalculation	NpuUtilization	
layer0.ffn.res	293308	295614	2306	128	0	0	0	2113536	1056768	916537727666	458268863833	1374806591500	0	0.000000	
layer0.attn.res	231843	248188	16345	128	0	0	0	2113536	1056768	129307800550	64653900275	193961700825	0	0.000000	
layer0.attn.proj	225434	231843	6409	4052	0	0	0	4334144	32832	676259010766	5122796068	681381806834	268435456	4.043435	
layer0.ffn.fc1	250524	273782	23258	14713	0	0	0	17860928	32832	767947716914	1411643305	769359360220	1073741824	4.454292	
layer0.ffn.fc2	274807	293308	18501	11683	0	0	0	17335616	32832	937009675152	1774606778	938784281930	1073741824	5.609518	
layer0.ffn.swish	273782	274807	1025	128	0	0	0	532480	532480	519492682926	519492682926	1038985365853	0	0.000000	
layer0.ffn.rn	248188	250524	2336	640	0	0	0	1065024	1056768	455917808219	452383561643	908301369863	0	0.000000	
