OpName	StartCycle	EndCycle	TotalCycle	ComputeCycles	MemoryStalls	WeightLoadCycles	SystolicMemoryStalls	MemoryReads	MemoryWrites	ReadBandwidth	WriteBandwidth	TotalMemoryBandwidth	NumCalculation	NpuUtilization	
layer0.attn.res	63351	67468	4117	128	0	0	0	2113536	1056768	513367986397	256683993198	770051979596	0	0.000000	
layer0.attn.QKVgen	122020	137026	15006	11538	0	0	0	13658432	32832	910198054111	2187924830	912385978941	805306368	4.260010	
layer0.ffn.rn	67468	69696	2228	640	0	0	0	1065024	1056768	478017953321	474312387791	952330341113	0	0.000000	
layer0.ffn.fc2	96581	116593	20012	12413	0	0	0	17335616	32832	866261043373	1640615630	867901659004	1073741824	5.279626	
layer0.ffn.fc1	69696	95767	26071	15110	0	0	0	17860928	32832	685087952130	1259330290	686347282421	1073741824	4.337260	
layer0.attn.rn	119404	122020	2616	640	0	0	0	1065024	1056768	407119266055	403963302752	811082568807	0	0.000000	
layer0.ffn.res	116593	119404	2811	128	0	0	0	2113536	1056768	751880469583	375940234791	1127820704375	0	0.000000	
layer0.attn.proj	55153	63351	8198	4417	0	0	0	4334144	32832	528683093437	4004879238	532687972676	268435456	3.709305	
layer0.ffn.swish	95767	96581	814	128	0	0	0	532480	532480	654152334152	654152334152	1308304668304	0	0.000000	
