OpName	StartCycle	EndCycle	TotalCycle	ComputeCycles	MemoryStalls	WeightLoadCycles	SystolicMemoryStalls	MemoryReads	MemoryWrites	ReadBandwidth	WriteBandwidth	TotalMemoryBandwidth	NumCalculation	NpuUtilization	
layer0.ffn.res	298843	301603	2760	128	0	0	0	2113536	1056768	765773913043	382886956521	1148660869565	0	0.000000	
layer0.attn.res	242750	254815	12065	128	0	0	0	2113536	1056768	175179113137	87589556568	262768669705	0	0.000000	
layer0.attn.proj	234882	242750	7868	4306	0	0	0	4334144	32832	550857142857	4172852058	555029994916	268435456	3.804923	
layer0.ffn.fc1	256952	279303	22351	14602	0	0	0	17860928	32832	799110912263	1468927564	800579839828	1073741824	4.488152	
layer0.ffn.fc2	280329	298843	18514	12810	0	0	0	17335616	32832	936351733823	1773360700	938125094523	1073741824	5.116003	
layer0.ffn.swish	279303	280329	1026	128	0	0	0	532480	532480	518986354775	518986354775	1037972709551	0	0.000000	
layer0.ffn.rn	254815	256952	2137	640	0	0	0	1065024	1056768	498373420683	494510060832	992883481516	0	0.000000	
