OpName	StartCycle	EndCycle	TotalCycle	ComputeCycles	MemoryStalls	WeightLoadCycles	SystolicMemoryStalls	MemoryReads	MemoryWrites	ReadBandwidth	WriteBandwidth	TotalMemoryBandwidth	NumCalculation	NpuUtilization	
layer0.attn.rn	207734	209919	2185	640	0	0	0	1065024	1056768	487425171624	483646681922	971071853546	0	0.000000	
layer0.ffn.res	205046	207734	2688	128	0	0	0	2113536	1056768	786285714285	393142857142	1179428571428	0	0.000000	
layer0.ffn.fc1	159684	182119	22435	14348	0	0	0	17860928	32832	796118921328	1463427679	797582349008	1073741824	4.567605	
layer0.attn.res	139813	142895	3082	128	0	0	0	2113536	1055424	685767683322	342447761194	1028215444516	0	0.000000	
layer0.attn.QKVgen	209919	229801	19882	12189	0	0	0	13658432	32832	686974751031	1651342923	688626093954	805306368	4.032488	
layer0.ffn.swish	182119	182759	640	128	0	0	0	532480	532480	832000000000	832000000000	1664000000000	0	0.000000	
layer0.ffn.rn	142895	159684	16789	640	0	0	0	1065024	1056768	63435821073	62944070522	126379891595	0	0.000000	
layer0.attn.proj	133599	139813	6214	4052	0	0	0	4334144	32832	697480527840	5283553266	702764081107	268435456	4.043435	
layer0.ffn.fc2	182759	205046	22287	12159	0	0	0	17335616	32832	777835330013	1473145780	779308475793	1073741824	5.389917	
