OpName	StartCycle	EndCycle	TotalCycle	ComputeCycles	MemoryStalls	WeightLoadCycles	SystolicMemoryStalls	MemoryReads	MemoryWrites	ReadBandwidth	WriteBandwidth	TotalMemoryBandwidth	NumCalculation	NpuUtilization	
layer0.attn.QKVgen	23953	49959	26006	11284	0	0	0	13658432	32832	525203106975	1262477889	526465584865	805306368	4.355902	
layer0.attn.rn	21800	23953	2153	640	0	0	0	1065024	1056768	494669763121	490835113794	985504876915	0	0.000000	
