Stage	total_cycles	pim_cycles	mem_bw_util	
A	11277	0	61.660348	
B	74924	40415	12.457123	
C	56578	24405	52.878990	
D	79068	39961	39.248574	
E	56314	23856	40.779380	
F	29664	0	73.150747	
