Stage	total_cycles	pim_cycles	mem_bw_util	
A	11277	0	61.660348	
B	68443	42629	13.876510	
C	60254	24675	49.631663	
D	70045	43872	44.538600	
E	59034	24412	38.878125	
F	30085	0	72.127098	
