Stage	total_cycles	pim_cycles	mem_bw_util	
A	11277	0	61.660348	
B	74940	40029	12.423772	
C	53778	22047	55.356861	
D	78443	40712	39.531969	
E	54515	21766	41.853389	
F	32953	0	65.849657	
