Stage	total_cycles	pim_cycles	mem_bw_util	
A	11277	0	61.660348	
B	66564	39563	13.978277	
C	55937	20616	53.006060	
D	67699	40503	45.796651	
E	42240	20205	53.733280	
F	32368	0	67.039785	
