OpName	StartCycle	EndCycle	TotalCycle	ComputeCycles	MemoryStalls	WeightLoadCycles	SystolicMemoryStalls	MemoryReads	MemoryWrites	ReadBandwidth	WriteBandwidth	TotalMemoryBandwidth	NumCalculation	NpuUtilization	
layer0.attn.QKVgen	124155	142775	18620	5769	0	0	0	6567232	16448	352697744360	883351235	353581095596	201326592	2.130005	
layer0.ffn.fc1	91605	108181	16576	6793	0	0	0	8668480	16448	522953667953	992277992	523945945945	268435456	2.411895	
layer0.ffn.swish	108181	108704	523	64	0	0	0	266240	266240	509063097514	509063097514	1018126195028	0	0.000000	
layer0.attn.rn	123425	124155	730	320	0	0	0	270400	266240	370410958904	364712328767	735123287671	0	0.000000	
layer0.ffn.res	122721	123425	704	64	0	0	0	532480	266240	756363636363	378181818181	1134545454545	0	0.000000	
layer0.ffn.rn	90962	91605	643	320	0	0	0	270400	266240	420528771384	414059097978	834587869362	0	0.000000	
layer0.attn.res	90130	90962	832	64	0	0	0	532480	266240	640000000000	320000000000	960000000000	0	0.000000	
layer0.ffn.fc2	108704	122721	14017	7047	0	0	0	8668480	16448	618426196761	1173432260	619599629021	268435456	2.324961	
layer0.attn.proj	86198	90130	3932	2885	0	0	0	2167360	16448	551210579857	4183112919	555393692777	67108864	1.419757	
