OpName	StartCycle	EndCycle	TotalCycle	ComputeCycles	MemoryStalls	WeightLoadCycles	SystolicMemoryStalls	MemoryReads	MemoryWrites	ReadBandwidth	WriteBandwidth	TotalMemoryBandwidth	NumCalculation	NpuUtilization	
layer0.ffn.fc2	162411	177272	14861	7555	0	0	0	8668480	16448	583303949936	1106789583	584410739519	268435456	2.168630	
layer0.attn.QKVgen	179205	197850	18645	6817	0	0	0	6567232	16448	352224832394	882166800	353106999195	201326592	1.802552	
layer0.attn.proj	139970	143552	3582	2123	0	0	0	2167360	16448	605069793411	4591848129	609661641541	67108864	1.929345	
layer0.attn.rn	178526	179205	679	320	0	0	0	270400	266240	398232695139	392106038291	790338733431	0	0.000000	
layer0.ffn.swish	161708	162411	703	64	0	0	0	266240	266240	378719772403	378719772403	757439544807	0	0.000000	
layer0.ffn.res	177272	178526	1254	64	0	0	0	532480	266240	424625199362	212312599681	636937799043	0	0.000000	
layer0.ffn.fc1	145290	161708	16418	7698	0	0	0	8668480	16448	527986356438	1001827262	528988183700	268435456	2.128345	
layer0.ffn.rn	144386	145290	904	320	0	0	0	270400	266240	299115044247	294513274336	593628318584	0	0.000000	
layer0.attn.res	143552	144386	834	64	0	0	0	532480	266240	638465227817	319232613908	957697841726	0	0.000000	
