OpName	StartCycle	EndCycle	TotalCycle	ComputeCycles	MemoryStalls	WeightLoadCycles	SystolicMemoryStalls	MemoryReads	MemoryWrites	ReadBandwidth	WriteBandwidth	TotalMemoryBandwidth	NumCalculation	NpuUtilization	
layer0.ffn.rn	272751	273679	928	320	0	0	0	270400	266240	291379310344	286896551724	578275862068	0	0.000000	
layer0.attn.res	272161	272751	590	64	0	0	0	532480	266240	902508474576	451254237288	1353762711864	0	0.000000	
layer0.ffn.fc2	283846	298332	14486	7301	0	0	0	8668480	16448	598403976252	1135441115	599539417368	268435456	2.244076	
layer0.ffn.res	298332	299131	799	64	0	0	0	532480	266240	666433041301	333216520650	999649561952	0	0.000000	
layer0.ffn.swish	283520	283846	326	64	0	0	0	266240	266240	816687116564	816687116564	1633374233128	0	0.000000	
layer0.attn.proj	269047	272161	3114	1869	0	0	0	2167360	16448	696005138086	5281952472	701287090558	67108864	2.191546	
layer0.ffn.fc1	273679	283520	9841	7047	0	0	0	8668480	16448	880853571791	1671374860	882524946651	268435456	2.324961	
