OpName	StartCycle	EndCycle	TotalCycle	ComputeCycles	MemoryStalls	WeightLoadCycles	SystolicMemoryStalls	MemoryReads	MemoryWrites	ReadBandwidth	WriteBandwidth	TotalMemoryBandwidth	NumCalculation	NpuUtilization	
layer0.ffn.fc2	240112	257444	17332	7555	0	0	0	8668480	16448	500143087929	948996076	501092084006	268435456	2.168630	
layer0.ffn.fc1	224123	239764	15641	6793	0	0	0	8668480	16448	554215203631	1051595166	555266798798	268435456	2.411895	
layer0.attn.res	222419	223236	817	64	0	0	0	532480	266240	651750305997	325875152998	977625458996	0	0.000000	
layer0.ffn.res	257444	258397	953	64	0	0	0	532480	266240	558740818467	279370409233	838111227701	0	0.000000	
layer0.attn.proj	218433	222419	3986	1869	0	0	0	2167360	16448	543743100852	4126442548	547869543401	67108864	2.191546	
layer0.ffn.rn	223236	224123	887	320	0	0	0	270400	266240	304847801578	300157835400	605005636978	0	0.000000	
layer0.ffn.swish	239764	240112	348	64	0	0	0	266240	266240	765057471264	765057471264	1530114942528	0	0.000000	
