OpName	StartCycle	EndCycle	TotalCycle	ComputeCycles	MemoryStalls	WeightLoadCycles	SystolicMemoryStalls	MemoryReads	MemoryWrites	ReadBandwidth	WriteBandwidth	TotalMemoryBandwidth	NumCalculation	NpuUtilization	
layer0.attn.QKVgen	120535	139692	19157	6420	0	0	0	6567232	16448	342811087331	858589549	343669676880	201326592	1.914019	
layer0.ffn.fc1	85523	102283	16760	7555	0	0	0	8668480	16448	517212410501	981384248	518193794749	268435456	2.168630	
layer0.ffn.swish	102283	102725	442	64	0	0	0	266240	266240	602352941176	602352941176	1204705882352	0	0.000000	
layer0.attn.rn	119887	120535	648	320	0	0	0	270400	266240	417283950617	410864197530	828148148148	0	0.000000	
layer0.ffn.res	118269	119887	1618	64	0	0	0	532480	266240	329097651421	164548825710	493646477132	0	0.000000	
layer0.ffn.rn	84852	85523	671	320	0	0	0	270400	266240	402980625931	396780923994	799761549925	0	0.000000	
layer0.attn.res	83418	84852	1434	64	0	0	0	532480	266240	371324965132	185662482566	556987447698	0	0.000000	
layer0.ffn.fc2	102725	118269	15544	7301	0	0	0	8668480	16448	557673700463	1058157488	558731857951	268435456	2.244076	
layer0.attn.proj	79717	83418	3701	2377	0	0	0	2167360	16448	585614698730	4444204269	590058902999	67108864	1.723180	
