OpName	StartCycle	EndCycle	TotalCycle	ComputeCycles	MemoryStalls	WeightLoadCycles	SystolicMemoryStalls	MemoryReads	MemoryWrites	ReadBandwidth	WriteBandwidth	TotalMemoryBandwidth	NumCalculation	NpuUtilization	
layer0.ffn.rn	281695	282128	433	320	0	0	0	270400	266240	624480369515	614872979214	1239353348729	0	0.000000	
layer0.attn.res	281009	281695	686	64	0	0	0	532480	266240	776209912536	388104956268	1164314868804	0	0.000000	
layer0.ffn.fc2	296964	307042	10078	7952	0	0	0	8668480	16448	860138916451	1632069855	861770986306	268435456	2.060362	
layer0.ffn.res	307042	307818	776	64	0	0	0	532480	266240	686185567010	343092783505	1029278350515	0	0.000000	
layer0.ffn.swish	296380	296964	584	64	0	0	0	266240	266240	455890410958	455890410958	911780821917	0	0.000000	
layer0.attn.proj	278155	281009	2854	2123	0	0	0	2167360	16448	759411352487	5763139453	765174491941	67108864	1.929345	
layer0.ffn.fc1	282128	296380	14252	6793	0	0	0	8668480	16448	608229020488	1154083637	609383104125	268435456	2.411895	
