OpName	StartCycle	EndCycle	TotalCycle	ComputeCycles	MemoryStalls	WeightLoadCycles	SystolicMemoryStalls	MemoryReads	MemoryWrites	ReadBandwidth	WriteBandwidth	TotalMemoryBandwidth	NumCalculation	NpuUtilization	
layer0.attn.rn	11275	11862	587	320	0	0	0	270400	266240	460647359454	453560477001	914207836456	0	0.000000	
layer0.attn.QKVgen	11862	24900	13038	5912	0	0	0	6567232	16448	503699340389	1261543181	504960883571	201326592	2.078484	
