OpName	StartCycle	EndCycle	TotalCycle	ComputeCycles	MemoryStalls	WeightLoadCycles	SystolicMemoryStalls	MemoryReads	MemoryWrites	ReadBandwidth	WriteBandwidth	TotalMemoryBandwidth	NumCalculation	NpuUtilization	
layer0.attn.rn	11275	11871	596	320	0	0	0	270400	266240	453691275167	446711409395	900402684563	0	0.000000	
layer0.attn.QKVgen	11871	24932	13061	6166	0	0	0	6567232	16448	502812342087	1259321644	504071663731	201326592	1.992864	
