OpName	StartCycle	EndCycle	TotalCycle	ComputeCycles	MemoryStalls	WeightLoadCycles	SystolicMemoryStalls	MemoryReads	MemoryWrites	ReadBandwidth	WriteBandwidth	TotalMemoryBandwidth	NumCalculation	NpuUtilization	
layer0.attn.rn	11275	11802	527	320	0	0	0	270400	266240	513092979127	505199240986	1018292220113	0	0.000000	
layer0.attn.QKVgen	11802	24900	13098	5769	0	0	0	6567232	16448	501391968239	1255764238	502647732478	201326592	2.130005	
