OpName	StartCycle	EndCycle	TotalCycle	ComputeCycles	MemoryStalls	WeightLoadCycles	SystolicMemoryStalls	MemoryReads	MemoryWrites	ReadBandwidth	WriteBandwidth	TotalMemoryBandwidth	NumCalculation	NpuUtilization	
layer0.ffn.rn	276894	277469	575	320	0	0	0	270400	266240	470260869565	463026086956	933286956521	0	0.000000	
layer0.attn.res	276263	276894	631	64	0	0	0	532480	266240	843866877971	421933438985	1265800316957	0	0.000000	
layer0.ffn.fc2	291608	305266	13658	6793	0	0	0	8668480	16448	634681505344	1204275882	635885781227	268435456	2.411895	
layer0.ffn.res	305266	305899	633	64	0	0	0	532480	266240	841200631911	420600315955	1261800947867	0	0.000000	
layer0.ffn.swish	291274	291608	334	64	0	0	0	266240	266240	797125748502	797125748502	1594251497005	0	0.000000	
layer0.attn.proj	272947	276263	3316	1869	0	0	0	2167360	16448	653606755126	4960193003	658566948130	67108864	2.191546	
layer0.ffn.fc1	277469	291274	13805	7301	0	0	0	8668480	16448	627923216226	1191452372	629114668598	268435456	2.244076	
