OpName	StartCycle	EndCycle	TotalCycle	ComputeCycles	MemoryStalls	WeightLoadCycles	SystolicMemoryStalls	MemoryReads	MemoryWrites	ReadBandwidth	WriteBandwidth	TotalMemoryBandwidth	NumCalculation	NpuUtilization	
layer0.ffn.fc2	224238	242636	18398	7809	0	0	0	8668480	16448	471164256984	894010218	472058267202	268435456	2.098092	
layer0.ffn.fc1	207621	223635	16014	8063	0	0	0	8668480	16448	541306356937	1027101286	542333458224	268435456	2.031998	
layer0.attn.res	205274	206285	1011	64	0	0	0	532480	266240	526686449060	263343224530	790029673590	0	0.000000	
layer0.ffn.res	242636	243639	1003	64	0	0	0	532480	266240	530887337986	265443668993	796331006979	0	0.000000	
layer0.attn.proj	201472	205274	3802	3028	0	0	0	2167360	16448	570057864281	4326144134	574384008416	67108864	1.352708	
layer0.ffn.rn	206285	207621	1336	320	0	0	0	270400	266240	202395209580	199281437125	401676646706	0	0.000000	
layer0.ffn.swish	223635	224238	603	64	0	0	0	266240	266240	441525704809	441525704809	883051409618	0	0.000000	
