OpName	StartCycle	EndCycle	TotalCycle	ComputeCycles	MemoryStalls	WeightLoadCycles	SystolicMemoryStalls	MemoryReads	MemoryWrites	ReadBandwidth	WriteBandwidth	TotalMemoryBandwidth	NumCalculation	NpuUtilization	
layer0.ffn.fc2	243149	258881	15732	7301	0	0	0	8668480	16448	551009407576	1045512331	552054919908	268435456	2.244076	
layer0.ffn.fc1	227178	242633	15455	7047	0	0	0	8668480	16448	560885150436	1064251051	561949401488	268435456	2.324961	
layer0.attn.res	225101	225993	892	64	0	0	0	532480	266240	596950672645	298475336322	895426008968	0	0.000000	
layer0.ffn.res	258881	261408	2527	64	0	0	0	532480	266240	210716264345	105358132172	316074396517	0	0.000000	
layer0.attn.proj	221842	225101	3259	2123	0	0	0	2167360	16448	665038355323	5046946916	670085302239	67108864	1.929345	
layer0.ffn.rn	225993	227178	1185	320	0	0	0	270400	266240	228185654008	224675105485	452860759493	0	0.000000	
layer0.ffn.swish	242633	243149	516	64	0	0	0	266240	266240	515968992248	515968992248	1031937984496	0	0.000000	
