OpName	StartCycle	EndCycle	TotalCycle	ComputeCycles	MemoryStalls	WeightLoadCycles	SystolicMemoryStalls	MemoryReads	MemoryWrites	ReadBandwidth	WriteBandwidth	TotalMemoryBandwidth	NumCalculation	NpuUtilization	
layer0.ffn.fc2	232651	247279	14628	7047	0	0	0	8668480	16448	592595023243	1124418922	593719442165	268435456	2.324961	
layer0.ffn.fc1	215961	231774	15813	7047	0	0	0	8668480	16448	548186934800	1040156832	549227091633	268435456	2.324961	
layer0.attn.res	213811	215307	1496	64	0	0	0	532480	266240	355935828877	177967914438	533903743315	0	0.000000	
layer0.ffn.res	247279	248615	1336	64	0	0	0	532480	266240	398562874251	199281437125	597844311377	0	0.000000	
layer0.attn.proj	210014	213811	3797	2631	0	0	0	2167360	16448	570808533052	4331840927	575140373979	67108864	1.556823	
layer0.ffn.rn	215307	215961	654	320	0	0	0	270400	266240	413455657492	407094801223	820550458715	0	0.000000	
layer0.ffn.swish	231774	232651	877	64	0	0	0	266240	266240	303580387685	303580387685	607160775370	0	0.000000	
