OpName	StartCycle	EndCycle	TotalCycle	ComputeCycles	MemoryStalls	WeightLoadCycles	SystolicMemoryStalls	MemoryReads	MemoryWrites	ReadBandwidth	WriteBandwidth	TotalMemoryBandwidth	NumCalculation	NpuUtilization	
layer0.ffn.rn	248238	248613	375	320	0	0	0	270400	266240	721066666666	709973333333	1431040000000	0	0.000000	
layer0.attn.res	247163	248238	1075	64	0	0	0	532480	266240	495330232558	247665116279	742995348837	0	0.000000	
layer0.ffn.fc2	262522	275499	12977	7047	0	0	0	8668480	16448	667987978731	1267473221	669255451953	268435456	2.324961	
layer0.ffn.res	275499	276078	579	64	0	0	0	532480	266240	919654576856	459827288428	1379481865284	0	0.000000	
layer0.ffn.swish	262153	262522	369	64	0	0	0	266240	266240	721517615176	721517615176	1443035230352	0	0.000000	
layer0.attn.proj	243711	247163	3452	1869	0	0	0	2167360	16448	627856315179	4764774044	632621089223	67108864	2.191546	
layer0.ffn.fc1	248613	262153	13540	6539	0	0	0	8668480	16448	640212703101	1214771048	641427474150	268435456	2.505582	
