OpName	StartCycle	EndCycle	TotalCycle	ComputeCycles	MemoryStalls	WeightLoadCycles	SystolicMemoryStalls	MemoryReads	MemoryWrites	ReadBandwidth	WriteBandwidth	TotalMemoryBandwidth	NumCalculation	NpuUtilization	
layer0.ffn.fc2	162124	177300	15176	7301	0	0	0	8668480	16448	571196626251	1083816552	572280442804	268435456	2.244076	
layer0.attn.QKVgen	178531	189574	11043	6531	0	0	0	6567232	16448	594696368740	1489450330	596185819070	201326592	1.881488	
layer0.attn.proj	139991	143641	3650	2266	0	0	0	2167360	16448	593797260273	4506301369	598303561643	67108864	1.807590	
layer0.attn.rn	177913	178531	618	320	0	0	0	270400	266240	437540453074	430809061488	868349514563	0	0.000000	
layer0.ffn.swish	161718	162124	406	64	0	0	0	266240	266240	655763546798	655763546798	1311527093596	0	0.000000	
layer0.ffn.res	177300	177913	613	64	0	0	0	532480	266240	868646003262	434323001631	1302969004893	0	0.000000	
layer0.ffn.fc1	145771	161718	15947	7809	0	0	0	8668480	16448	543580610773	1031416567	544612027340	268435456	2.098092	
layer0.ffn.rn	145096	145771	675	320	0	0	0	270400	266240	400592592592	394429629629	795022222222	0	0.000000	
layer0.attn.res	143641	145096	1455	64	0	0	0	532480	266240	365965635738	182982817869	548948453608	0	0.000000	
