OpName	StartCycle	EndCycle	TotalCycle	ComputeCycles	MemoryStalls	WeightLoadCycles	SystolicMemoryStalls	MemoryReads	MemoryWrites	ReadBandwidth	WriteBandwidth	TotalMemoryBandwidth	NumCalculation	NpuUtilization	
layer0.ffn.fc2	165720	179850	14130	7301	0	0	0	8668480	16448	613480537862	1164048124	614644585987	268435456	2.244076	
layer0.attn.QKVgen	181268	194377	13109	6277	0	0	0	6567232	16448	500971241132	1254710504	502225951636	201326592	1.957623	
layer0.attn.proj	142775	146646	3871	2885	0	0	0	2167360	16448	559896667527	4249031258	564145698785	67108864	1.419757	
layer0.attn.rn	180756	181268	512	320	0	0	0	270400	266240	528125000000	520000000000	1048125000000	0	0.000000	
layer0.ffn.swish	165223	165720	497	64	0	0	0	266240	266240	535694164989	535694164989	1071388329979	0	0.000000	
layer0.ffn.res	179850	180756	906	64	0	0	0	532480	266240	587726269315	293863134657	881589403973	0	0.000000	
layer0.ffn.fc1	148153	165223	17070	6539	0	0	0	8668480	16448	507819566490	963561804	508783128295	268435456	2.505582	
layer0.ffn.rn	147476	148153	677	320	0	0	0	270400	266240	399409158050	393264401772	792673559822	0	0.000000	
layer0.attn.res	146646	147476	830	64	0	0	0	532480	266240	641542168674	320771084337	962313253012	0	0.000000	
