OpName	StartCycle	EndCycle	TotalCycle	ComputeCycles	MemoryStalls	WeightLoadCycles	SystolicMemoryStalls	MemoryReads	MemoryWrites	ReadBandwidth	WriteBandwidth	TotalMemoryBandwidth	NumCalculation	NpuUtilization	
layer0.ffn.fc2	153742	169793	16051	8063	0	0	0	8668480	16448	540058563329	1024733661	541083296990	268435456	2.031998	
layer0.attn.QKVgen	171441	189795	18354	6277	0	0	0	6567232	16448	357809305873	896153427	358705459300	201326592	1.957623	
layer0.attn.proj	133774	137135	3361	2520	0	0	0	2167360	16448	644855697709	4893781612	649749479321	67108864	1.625397	
layer0.attn.rn	170703	171441	738	320	0	0	0	270400	266240	366395663956	360758807588	727154471544	0	0.000000	
layer0.ffn.swish	153256	153742	486	64	0	0	0	266240	266240	547818930041	547818930041	1095637860082	0	0.000000	
layer0.ffn.res	169793	170703	910	64	0	0	0	532480	266240	585142857142	292571428571	877714285714	0	0.000000	
layer0.ffn.fc1	138545	153256	14711	7047	0	0	0	8668480	16448	589251580450	1118074909	590369655359	268435456	2.324961	
layer0.ffn.rn	137962	138545	583	320	0	0	0	270400	266240	463807890222	456672384219	920480274442	0	0.000000	
layer0.attn.res	137135	137962	827	64	0	0	0	532480	266240	643869407496	321934703748	965804111245	0	0.000000	
