OpName	StartCycle	EndCycle	TotalCycle	ComputeCycles	MemoryStalls	WeightLoadCycles	SystolicMemoryStalls	MemoryReads	MemoryWrites	ReadBandwidth	WriteBandwidth	TotalMemoryBandwidth	NumCalculation	NpuUtilization	
layer0.attn.QKVgen	122886	133774	10888	5769	0	0	0	6567232	16448	603162380602	1510653930	604673034533	201326592	2.130005	
layer0.ffn.fc1	83302	100068	16766	7301	0	0	0	8668480	16448	517027317189	981033043	518008350232	268435456	2.244076	
layer0.ffn.swish	100068	100614	546	64	0	0	0	266240	266240	487619047619	487619047619	975238095238	0	0.000000	
layer0.attn.rn	122312	122886	574	320	0	0	0	270400	266240	471080139372	463832752613	934912891986	0	0.000000	
layer0.ffn.res	121680	122312	632	64	0	0	0	532480	266240	842531645569	421265822784	1263797468354	0	0.000000	
layer0.ffn.rn	82621	83302	681	320	0	0	0	270400	266240	397063142437	390954478707	788017621145	0	0.000000	
layer0.attn.res	81649	82621	972	64	0	0	0	532480	266240	547818930041	273909465020	821728395061	0	0.000000	
layer0.ffn.fc2	100614	121680	21066	7809	0	0	0	8668480	16448	411491502895	780784202	412272287097	268435456	2.098092	
layer0.attn.proj	77838	81649	3811	1869	0	0	0	2167360	16448	568711624245	4315927578	573027551823	67108864	2.191546	
