OpName	StartCycle	EndCycle	TotalCycle	ComputeCycles	MemoryStalls	WeightLoadCycles	SystolicMemoryStalls	MemoryReads	MemoryWrites	ReadBandwidth	WriteBandwidth	TotalMemoryBandwidth	NumCalculation	NpuUtilization	
layer0.attn.QKVgen	121190	139991	18801	6277	0	0	0	6567232	16448	349302271155	874847082	350177118238	201326592	1.957623	
layer0.ffn.fc1	91676	106374	14698	6793	0	0	0	8668480	16448	589772758198	1119063818	590891822016	268435456	2.411895	
layer0.ffn.swish	106374	107091	717	64	0	0	0	266240	266176	371324965132	371235704323	742560669456	0	0.000000	
layer0.attn.rn	120340	121190	850	320	0	0	0	270400	266240	318117647058	313223529411	631341176470	0	0.000000	
layer0.ffn.res	119374	120340	966	64	0	0	0	532480	266240	551221532091	275610766045	826832298136	0	0.000000	
layer0.ffn.rn	91066	91676	610	320	0	0	0	270400	266240	443278688524	436459016393	879737704918	0	0.000000	
layer0.attn.res	90041	91066	1025	64	0	0	0	532480	266240	519492682926	259746341463	779239024390	0	0.000000	
layer0.ffn.fc2	107091	119374	12283	8317	0	0	0	8668480	16448	705729870552	1339086542	707068957095	268435456	1.969941	
layer0.attn.proj	86214	90041	3827	2631	0	0	0	2167360	16448	566333943036	4297883459	570631826495	67108864	1.556823	
