Stage	total_cycles	pim_cycles	mem_bw_util	
A	20238	0	64.741761	
B	54445	17492	25.451143	
C	75091	16141	71.196615	
D	82605	17358	64.848829	
E	56675	16033	71.215373	
F	46998	0	84.498144	
