Stage	total_cycles	pim_cycles	mem_bw_util	
A	20238	0	64.741761	
B	38431	16894	36.017310	
C	77988	16292	68.594127	
D	77731	17202	68.895132	
E	53748	16866	75.154308	
F	47425	0	83.737348	
