Stage	total_cycles	pim_cycles	mem_bw_util	
A	20238	0	64.741761	
B	38451	20633	36.461015	
C	77763	16980	68.821210	
D	73005	21278	73.600524	
E	56944	17385	70.973237	
F	46569	0	85.276552	
