Stage	total_cycles	pim_cycles	mem_bw_util	
A	20238	0	64.741761	
B	38431	19011	36.252147	
C	80237	14916	66.567170	
D	73395	19418	73.083572	
E	73288	14994	55.002524	
F	45554	0	87.176620	
