OpName	StartCycle	EndCycle	TotalCycle	ComputeCycles	MemoryStalls	WeightLoadCycles	SystolicMemoryStalls	MemoryReads	MemoryWrites	ReadBandwidth	WriteBandwidth	TotalMemoryBandwidth	NumCalculation	NpuUtilization	
layer0.attn.proj	149770	156328	6558	4163	0	0	0	4235840	8256	645904239097	1258920402	647163159499	67108864	0.983906	
layer0.ffn.swish	185585	186302	717	32	0	0	0	133120	133120	185662482566	185662482566	371324965132	0	0.000000	
layer0.ffn.res	213295	213873	578	32	0	0	0	528384	264192	914159169550	457079584775	1371238754325	0	0.000000	
layer0.attn.rn	213873	214506	633	160	0	0	0	272448	264192	430407582938	417364928909	847772511848	0	0.000000	
layer0.ffn.rn	157213	157822	609	160	0	0	0	272448	264192	447369458128	433812807881	881182266009	0	0.000000	
layer0.ffn.fc2	186302	213295	26993	10889	0	0	0	16942400	8256	627659022709	305857074	627964879783	268435456	1.504638	
layer0.attn.QKVgen	214506	232374	17868	10919	0	0	0	12872000	8256	720394000447	462055070	720856055518	201326592	1.125378	
layer0.ffn.fc1	157822	185585	27763	13443	0	0	0	17074496	8256	615009040809	297374203	615306415012	268435456	1.218776	
layer0.attn.res	156328	157213	885	32	0	0	0	528384	264192	597044067796	298522033898	895566101694	0	0.000000	
