OpName	StartCycle	EndCycle	TotalCycle	ComputeCycles	MemoryStalls	WeightLoadCycles	SystolicMemoryStalls	MemoryReads	MemoryWrites	ReadBandwidth	WriteBandwidth	TotalMemoryBandwidth	NumCalculation	NpuUtilization	
layer0.attn.QKVgen	117775	136653	18878	10887	0	0	0	12872000	8256	681851891090	437334463	682289225553	201326592	1.128686	
layer0.ffn.fc1	67803	93008	25205	13697	0	0	0	17074496	8256	677424955365	327554056	677752509422	268435456	1.196174	
layer0.ffn.swish	93008	93603	595	32	0	0	0	133120	133120	223731092436	223731092436	447462184873	0	0.000000	
layer0.attn.rn	116924	117775	851	160	0	0	0	272448	264192	320150411280	310448883666	630599294947	0	0.000000	
layer0.ffn.res	116341	116924	583	32	0	0	0	528384	264192	906319039451	453159519725	1359478559176	0	0.000000	
layer0.ffn.rn	67105	67803	698	160	0	0	0	272448	264192	390326647564	378498567335	768825214899	0	0.000000	
layer0.attn.res	66252	67105	853	32	0	0	0	528384	264192	619441969519	309720984759	929162954279	0	0.000000	
layer0.ffn.fc2	93603	116341	22738	11651	0	0	0	16942400	8256	745113906236	363092620	745476998856	268435456	1.406231	
layer0.attn.proj	58666	66252	7586	3655	0	0	0	4235840	8256	558375955707	1088320590	559464276298	67108864	1.120657	
