OpName	StartCycle	EndCycle	TotalCycle	ComputeCycles	MemoryStalls	WeightLoadCycles	SystolicMemoryStalls	MemoryReads	MemoryWrites	ReadBandwidth	WriteBandwidth	TotalMemoryBandwidth	NumCalculation	NpuUtilization	
layer0.ffn.swish	243799	244412	613	32	0	0	0	133120	133120	217161500815	217161500815	434323001631	0	0.000000	
layer0.ffn.rn	219498	220212	714	160	0	0	0	272448	264192	381579831932	370016806722	751596638655	0	0.000000	
layer0.ffn.fc2	244412	268615	24203	13175	0	0	0	16942400	8256	700012395157	341114737	700353509895	268435456	1.243567	
layer0.ffn.fc1	220212	243799	23587	12935	0	0	0	17074496	8256	723894348581	350023317	724244371899	268435456	1.266641	
layer0.attn.res	218711	219498	787	32	0	0	0	528384	264192	671390088945	335695044472	1007085133418	0	0.000000	
layer0.ffn.res	268615	270181	1566	32	0	0	0	528384	264192	337409961685	168704980842	506114942528	0	0.000000	
layer0.attn.proj	212296	218711	6415	4163	0	0	0	4235840	8256	660302416212	1286983632	661589399844	67108864	0.983906	
