OpName	StartCycle	EndCycle	TotalCycle	ComputeCycles	MemoryStalls	WeightLoadCycles	SystolicMemoryStalls	MemoryReads	MemoryWrites	ReadBandwidth	WriteBandwidth	TotalMemoryBandwidth	NumCalculation	NpuUtilization	
layer0.attn.QKVgen	20835	38695	17860	11649	0	0	0	12872000	8256	720716685330	462262038	721178947368	201326592	1.054854	
layer0.attn.rn	20236	20835	599	160	0	0	0	272448	264192	454838063439	441055091819	895893155258	0	0.000000	
