OpName	StartCycle	EndCycle	TotalCycle	ComputeCycles	MemoryStalls	WeightLoadCycles	SystolicMemoryStalls	MemoryReads	MemoryWrites	ReadBandwidth	WriteBandwidth	TotalMemoryBandwidth	NumCalculation	NpuUtilization	
layer0.ffn.swish	265359	265539	180	32	0	0	0	133120	133120	739555555555	739555555555	1479111111111	0	0.000000	
layer0.ffn.rn	239521	240620	1099	160	0	0	0	272448	264192	247905368516	240393084622	488298453139	0	0.000000	
layer0.ffn.fc2	265539	288214	22675	12667	0	0	0	16942400	8256	747184123484	364101433	747548224917	268435456	1.293440	
layer0.ffn.fc1	240620	265359	24739	13951	0	0	0	17074496	8256	690185375318	333724079	690519099397	268435456	1.174396	
layer0.attn.res	238701	239521	820	32	0	0	0	528384	264192	644370731707	322185365853	966556097560	0	0.000000	
layer0.ffn.res	288214	289048	834	32	0	0	0	528384	264192	633553956834	316776978417	950330935251	0	0.000000	
layer0.attn.proj	232374	238701	6327	4163	0	0	0	4235840	8256	669486328433	1304883831	670791212264	67108864	0.983906	
