OpName	StartCycle	EndCycle	TotalCycle	ComputeCycles	MemoryStalls	WeightLoadCycles	SystolicMemoryStalls	MemoryReads	MemoryWrites	ReadBandwidth	WriteBandwidth	TotalMemoryBandwidth	NumCalculation	NpuUtilization	
layer0.attn.QKVgen	132119	149770	17651	11141	0	0	0	12872000	8256	729250467395	467735539	729718202934	201326592	1.102953	
layer0.ffn.fc1	82739	107822	25083	13189	0	0	0	17074496	8256	680719850097	329147231	681048997328	268435456	1.242247	
layer0.ffn.swish	107822	108566	744	32	0	0	0	133120	133120	178924731182	178924731182	357849462365	0	0.000000	
layer0.attn.rn	131596	132119	523	160	0	0	0	272448	264192	520933078393	505147227533	1026080305927	0	0.000000	
layer0.ffn.res	130974	131596	622	32	0	0	0	528384	264192	849491961414	424745980707	1274237942122	0	0.000000	
layer0.ffn.rn	81621	82739	1118	160	0	0	0	272448	264192	243692307692	236307692307	480000000000	0	0.000000	
layer0.attn.res	80731	81621	890	32	0	0	0	528384	264192	593689887640	296844943820	890534831460	0	0.000000	
layer0.ffn.fc2	108566	130974	22408	11651	0	0	0	16942400	8256	756087111745	368439842	756455551588	268435456	1.406231	
layer0.attn.proj	74680	80731	6051	4417	0	0	0	4235840	8256	700023136671	1364402578	701387539249	67108864	0.927326	
