OpName	StartCycle	EndCycle	TotalCycle	ComputeCycles	MemoryStalls	WeightLoadCycles	SystolicMemoryStalls	MemoryReads	MemoryWrites	ReadBandwidth	WriteBandwidth	TotalMemoryBandwidth	NumCalculation	NpuUtilization	
layer0.attn.QKVgen	20830	38728	17898	12554	0	0	0	12872000	8256	719186501285	461280590	719647781875	201326592	0.978812	
layer0.attn.rn	20236	20830	594	160	0	0	0	272448	264192	458666666666	444767676767	903434343434	0	0.000000	
