OpName	StartCycle	EndCycle	TotalCycle	ComputeCycles	MemoryStalls	WeightLoadCycles	SystolicMemoryStalls	MemoryReads	MemoryWrites	ReadBandwidth	WriteBandwidth	TotalMemoryBandwidth	NumCalculation	NpuUtilization	
layer0.attn.QKVgen	20835	39157	18322	13459	0	0	0	12872000	8256	702543390459	450605829	702993996288	201326592	0.912995	
layer0.attn.rn	20236	20835	599	160	0	0	0	272448	264192	454838063439	441055091819	895893155258	0	0.000000	
