OpName	StartCycle	EndCycle	TotalCycle	ComputeCycles	MemoryStalls	WeightLoadCycles	SystolicMemoryStalls	MemoryReads	MemoryWrites	ReadBandwidth	WriteBandwidth	TotalMemoryBandwidth	NumCalculation	NpuUtilization	
layer0.ffn.fc2	297039	314959	17920	12413	0	0	0	16942400	8256	945446428571	460714285	945907142857	268435456	1.319907	
layer0.attn.res	274229	274864	635	32	0	0	0	528384	264192	832100787401	416050393700	1248151181102	0	0.000000	
layer0.ffn.fc1	275697	296857	21160	13443	0	0	0	17074496	8256	806923251417	390170132	807313421550	268435456	1.218776	
layer0.ffn.rn	274864	275697	833	160	0	0	0	272448	264192	327068427370	317157262905	644225690276	0	0.000000	
layer0.attn.proj	268130	274229	6099	3147	0	0	0	4235840	8256	694513854730	1353664535	695867519265	67108864	1.301557	
layer0.ffn.swish	296857	297039	182	32	0	0	0	133120	133120	731428571428	731428571428	1462857142857	0	0.000000	
layer0.ffn.res	314959	315554	595	32	0	0	0	528384	264192	888040336134	444020168067	1332060504201	0	0.000000	
