OpName	StartCycle	EndCycle	TotalCycle	ComputeCycles	MemoryStalls	WeightLoadCycles	SystolicMemoryStalls	MemoryReads	MemoryWrites	ReadBandwidth	WriteBandwidth	TotalMemoryBandwidth	NumCalculation	NpuUtilization	
layer0.attn.QKVgen	120703	138902	18199	11284	0	0	0	12872000	8256	707291609429	453651299	707745260728	201326592	1.088976	
layer0.ffn.fc1	67983	91548	23565	13443	0	0	0	17074496	8256	724570167621	350350095	724920517716	268435456	1.218776	
layer0.ffn.swish	91548	91768	220	32	0	0	0	133120	133120	605090909090	605090909090	1210181818181	0	0.000000	
layer0.attn.rn	118903	120703	1800	160	0	0	0	272448	264192	151360000000	146773333333	298133333333	0	0.000000	
layer0.ffn.res	117554	118903	1349	32	0	0	0	528384	264192	391685693106	195842846553	587528539659	0	0.000000	
layer0.ffn.rn	67259	67983	724	160	0	0	0	272448	264192	376309392265	364906077348	741215469613	0	0.000000	
layer0.attn.res	66439	67259	820	32	0	0	0	528384	264192	644370731707	322185365853	966556097560	0	0.000000	
layer0.ffn.fc2	91768	117554	25786	12667	0	0	0	16942400	8256	657038703172	320173737	657358876909	268435456	1.293440	
layer0.attn.proj	58666	66439	7773	3401	0	0	0	4235840	8256	544942750546	1062138170	546004888717	67108864	1.204352	
