OpName	StartCycle	EndCycle	TotalCycle	ComputeCycles	MemoryStalls	WeightLoadCycles	SystolicMemoryStalls	MemoryReads	MemoryWrites	ReadBandwidth	WriteBandwidth	TotalMemoryBandwidth	NumCalculation	NpuUtilization	
layer0.attn.QKVgen	116952	136448	19496	10633	0	0	0	12872000	8256	660237997537	423471481	660661469019	201326592	1.155648	
layer0.ffn.fc1	67885	92280	24395	13951	0	0	0	17074496	8256	699917852018	338430006	700256282025	268435456	1.174396	
layer0.ffn.swish	92280	93002	722	32	0	0	0	133120	133120	184376731301	184376731301	368753462603	0	0.000000	
layer0.attn.rn	116462	116952	490	160	0	0	0	272448	264192	556016326530	539167346938	1095183673469	0	0.000000	
layer0.ffn.res	115881	116462	581	32	0	0	0	528384	264192	909438898450	454719449225	1364158347676	0	0.000000	
layer0.ffn.rn	67194	67885	691	160	0	0	0	272448	264192	394280752532	382332850940	776613603473	0	0.000000	
layer0.attn.res	66293	67194	901	32	0	0	0	528384	264192	586441731409	293220865704	879662597114	0	0.000000	
layer0.ffn.fc2	93002	115881	22879	12159	0	0	0	16942400	8256	740521875956	360854932	740882730888	268435456	1.347479	
layer0.attn.proj	58686	66293	7607	3655	0	0	0	4235840	8256	556834494544	1085316156	557919810700	67108864	1.120657	
