OpName	StartCycle	EndCycle	TotalCycle	ComputeCycles	MemoryStalls	WeightLoadCycles	SystolicMemoryStalls	MemoryReads	MemoryWrites	ReadBandwidth	WriteBandwidth	TotalMemoryBandwidth	NumCalculation	NpuUtilization	
layer0.attn.proj	136653	143113	6460	3655	0	0	0	4235840	8256	655702786377	1278018575	656980804953	67108864	1.120657	
layer0.ffn.swish	171358	171595	237	32	0	0	0	133120	133120	561687763713	561687763713	1123375527426	0	0.000000	
layer0.ffn.res	193584	194355	771	32	0	0	0	528384	264192	685322957198	342661478599	1027984435797	0	0.000000	
layer0.attn.rn	194355	194731	376	160	0	0	0	272448	264192	724595744680	702638297872	1427234042553	0	0.000000	
layer0.ffn.rn	144011	144677	666	160	0	0	0	272448	264192	409081081081	396684684684	805765765765	0	0.000000	
layer0.ffn.fc2	171595	193584	21989	11651	0	0	0	16942400	8256	770494338078	375460457	770869798535	268435456	1.406231	
layer0.attn.QKVgen	194731	214383	19652	11427	0	0	0	12872000	8256	654996946875	420109912	655417056788	201326592	1.075348	
layer0.ffn.fc1	144677	171358	26681	13951	0	0	0	17074496	8256	639949627075	309433679	640259060754	268435456	1.174396	
layer0.attn.res	143113	144011	898	32	0	0	0	528384	264192	588400890868	294200445434	882601336302	0	0.000000	
