OpName	StartCycle	EndCycle	TotalCycle	ComputeCycles	MemoryStalls	WeightLoadCycles	SystolicMemoryStalls	MemoryReads	MemoryWrites	ReadBandwidth	WriteBandwidth	TotalMemoryBandwidth	NumCalculation	NpuUtilization	
layer0.attn.proj	138902	144719	5817	3655	0	0	0	4235840	8256	728182912154	1419288292	729602200446	67108864	1.120657	
layer0.ffn.swish	172513	173167	654	32	0	0	0	133120	133120	203547400611	203547400611	407094801223	0	0.000000	
layer0.ffn.res	195683	196446	763	32	0	0	0	528384	264192	692508519003	346254259501	1038762778505	0	0.000000	
layer0.attn.rn	196446	196826	380	160	0	0	0	272448	264192	716968421052	695242105263	1412210526315	0	0.000000	
layer0.ffn.rn	145549	146111	562	160	0	0	0	270336	264192	481024911032	470092526690	951117437722	0	0.000000	
layer0.ffn.fc2	173167	195683	22516	12159	0	0	0	16942400	8256	752460472552	366672588	752827145141	268435456	1.347479	
layer0.attn.QKVgen	196826	212296	15470	11284	0	0	0	12872000	8256	832062055591	533678086	832595733678	201326592	1.088976	
layer0.ffn.fc1	146111	172513	26402	14713	0	0	0	17074496	8256	646712218771	312703583	647024922354	268435456	1.113573	
layer0.attn.res	144719	145549	830	32	0	0	0	528384	262720	636607228915	316530120481	953137349397	0	0.000000	
