OpName	StartCycle	EndCycle	TotalCycle	ComputeCycles	MemoryStalls	WeightLoadCycles	SystolicMemoryStalls	MemoryReads	MemoryWrites	ReadBandwidth	WriteBandwidth	TotalMemoryBandwidth	NumCalculation	NpuUtilization	
layer0.ffn.swish	242384	243097	713	32	0	0	0	133120	133120	186704067321	186704067321	373408134642	0	0.000000	
layer0.ffn.rn	217044	217656	612	160	0	0	0	272448	264192	445176470588	431686274509	876862745098	0	0.000000	
layer0.ffn.fc2	243097	265800	22703	11651	0	0	0	16942400	8256	746262608465	363652380	746626260846	268435456	1.406231	
layer0.ffn.fc1	217656	242384	24728	13951	0	0	0	17074496	8256	690492397282	333872533	690826269815	268435456	1.174396	
layer0.attn.res	215699	217044	1345	32	0	0	0	528384	264192	392850557620	196425278810	589275836431	0	0.000000	
layer0.ffn.res	265800	266395	595	32	0	0	0	528384	264192	888040336134	444020168067	1332060504201	0	0.000000	
layer0.attn.proj	209452	215699	6247	3909	0	0	0	4235840	8256	678059868736	1321594365	679381463102	67108864	1.047838	
