OpName	StartCycle	EndCycle	TotalCycle	ComputeCycles	MemoryStalls	WeightLoadCycles	SystolicMemoryStalls	MemoryReads	MemoryWrites	ReadBandwidth	WriteBandwidth	TotalMemoryBandwidth	NumCalculation	NpuUtilization	
layer0.ffn.fc2	317167	335447	18280	13429	0	0	0	16942400	8256	926827133479	451641137	927278774617	268435456	1.220046	
layer0.attn.res	295267	295838	571	32	0	0	0	528384	264192	925366024518	462683012259	1388049036777	0	0.000000	
layer0.ffn.fc1	296470	316985	20515	12935	0	0	0	17074496	8256	832293248842	402437241	832695686083	268435456	1.266641	
layer0.ffn.rn	295838	296470	632	160	0	0	0	272448	264192	431088607594	418025316455	849113924050	0	0.000000	
layer0.attn.proj	289048	295267	6219	3147	0	0	0	4235840	8256	681112719086	1327544621	682440263707	67108864	1.301557	
layer0.ffn.swish	316985	317167	182	32	0	0	0	133120	133120	731428571428	731428571428	1462857142857	0	0.000000	
layer0.ffn.res	335447	336045	598	32	0	0	0	528384	264192	883585284280	441792642140	1325377926421	0	0.000000	
