OpName	StartCycle	EndCycle	TotalCycle	ComputeCycles	MemoryStalls	WeightLoadCycles	SystolicMemoryStalls	MemoryReads	MemoryWrites	ReadBandwidth	WriteBandwidth	TotalMemoryBandwidth	NumCalculation	NpuUtilization	
layer0.attn.proj	136448	143284	6836	3147	0	0	0	4235840	8256	619637214745	1207723815	620844938560	67108864	1.301557	
layer0.ffn.swish	170108	170802	694	32	0	0	0	133120	133120	191815561959	191815561959	383631123919	0	0.000000	
layer0.ffn.res	193526	194153	627	32	0	0	0	528384	264192	842717703349	421358851674	1264076555023	0	0.000000	
layer0.attn.rn	194153	194707	554	160	0	0	0	272448	264192	491783393501	476880866425	968664259927	0	0.000000	
layer0.ffn.rn	144252	145246	994	160	0	0	0	272448	264192	274092555331	265786720321	539879275653	0	0.000000	
layer0.ffn.fc2	170802	193526	22724	12413	0	0	0	16942400	8256	745572962506	363316317	745936278824	268435456	1.319907	
layer0.attn.QKVgen	194707	209452	14745	11141	0	0	0	12872000	8256	872973889454	559918616	873533808070	201326592	1.102953	
layer0.ffn.fc1	145246	170108	24862	14459	0	0	0	17074496	8256	686770814898	332073043	687102887941	268435456	1.133135	
layer0.attn.res	143284	144252	968	32	0	0	0	528384	264192	545851239669	272925619834	818776859504	0	0.000000	
