OpName	StartCycle	EndCycle	TotalCycle	ComputeCycles	MemoryStalls	WeightLoadCycles	SystolicMemoryStalls	MemoryReads	MemoryWrites	ReadBandwidth	WriteBandwidth	TotalMemoryBandwidth	NumCalculation	NpuUtilization	
layer0.ffn.fc2	294218	312365	18147	11540	0	0	0	16942400	8256	933619882074	454951231	934074833305	268435456	1.419757	
layer0.attn.res	272121	272719	598	32	0	0	0	528384	264192	883585284280	441792642140	1325377926421	0	0.000000	
layer0.ffn.fc1	273337	294038	20701	13189	0	0	0	17074496	8256	824815033090	398821312	825213854403	268435456	1.242247	
layer0.ffn.rn	272719	273337	618	160	0	0	0	272448	264192	440854368932	427495145631	868349514563	0	0.000000	
layer0.attn.proj	266395	272121	5726	3401	0	0	0	4235840	8256	739755501222	1441844219	741197345441	67108864	1.204352	
layer0.ffn.swish	294038	294218	180	32	0	0	0	133120	133120	739555555555	739555555555	1479111111111	0	0.000000	
layer0.ffn.res	312365	312963	598	32	0	0	0	528384	264192	883585284280	441792642140	1325377926421	0	0.000000	
