OpName	StartCycle	EndCycle	TotalCycle	ComputeCycles	MemoryStalls	WeightLoadCycles	SystolicMemoryStalls	MemoryReads	MemoryWrites	ReadBandwidth	WriteBandwidth	TotalMemoryBandwidth	NumCalculation	NpuUtilization	
layer0.attn.QKVgen	20835	38672	17837	12157	0	0	0	12872000	8256	721646016706	462858103	722108874810	201326592	1.010776	
layer0.attn.rn	20236	20835	599	160	0	0	0	272448	264192	454838063439	441055091819	895893155258	0	0.000000	
