OpName	StartCycle	EndCycle	TotalCycle	ComputeCycles	MemoryStalls	WeightLoadCycles	SystolicMemoryStalls	MemoryReads	MemoryWrites	ReadBandwidth	WriteBandwidth	TotalMemoryBandwidth	NumCalculation	NpuUtilization	
layer0.attn.QKVgen	20829	38717	17888	12697	0	0	0	12872000	8256	719588550983	461538461	720050089445	201326592	0.967788	
layer0.attn.rn	20236	20829	593	160	0	0	0	272448	264192	459440134907	445517706576	904957841483	0	0.000000	
