OpName	StartCycle	EndCycle	TotalCycle	ComputeCycles	MemoryStalls	WeightLoadCycles	SystolicMemoryStalls	MemoryReads	MemoryWrites	ReadBandwidth	WriteBandwidth	TotalMemoryBandwidth	NumCalculation	NpuUtilization	
layer0.ffn.fc2	312569	330545	17976	13572	0	0	0	16942400	8256	942501112594	459279038	942960391633	268435456	1.207191	
layer0.attn.res	290539	291260	721	32	0	0	0	528384	264192	732848821081	366424410540	1099273231622	0	0.000000	
layer0.ffn.fc1	291765	312387	20622	12935	0	0	0	17074496	8256	827974784211	400349141	828375133352	268435456	1.266641	
layer0.ffn.rn	291260	291765	505	160	0	0	0	272448	264192	539500990099	523152475247	1062653465346	0	0.000000	
layer0.attn.proj	285583	290539	4956	3147	0	0	0	4235840	8256	854689265536	1665859564	856355125100	67108864	1.301557	
layer0.ffn.swish	312387	312569	182	32	0	0	0	133120	133120	731428571428	731428571428	1462857142857	0	0.000000	
layer0.ffn.res	330545	331136	591	32	0	0	0	528384	264192	894050761421	447025380710	1341076142131	0	0.000000	
