OpName	StartCycle	EndCycle	TotalCycle	ComputeCycles	MemoryStalls	WeightLoadCycles	SystolicMemoryStalls	MemoryReads	MemoryWrites	ReadBandwidth	WriteBandwidth	TotalMemoryBandwidth	NumCalculation	NpuUtilization	
layer0.ffn.swish	245830	246061	231	32	0	0	0	133120	133120	576277056277	576277056277	1152554112554	0	0.000000	
layer0.ffn.rn	221775	222488	713	160	0	0	0	272448	264192	382115007012	370535764375	752650771388	0	0.000000	
layer0.ffn.fc2	246061	267529	21468	12667	0	0	0	16942400	8256	789193217812	384572386	789577790199	268435456	1.293440	
layer0.ffn.fc1	222488	245830	23342	13951	0	0	0	17074496	8256	731492417102	353697198	731846114300	268435456	1.174396	
layer0.attn.res	220971	221775	804	32	0	0	0	528384	264192	657194029850	328597014925	985791044776	0	0.000000	
layer0.ffn.res	267529	268130	601	32	0	0	0	528384	264192	879174708818	439587354409	1318762063227	0	0.000000	
layer0.attn.proj	214383	220971	6588	4163	0	0	0	4235840	8256	642962962962	1253187613	644216150576	67108864	0.983906	
