Stage	total_cycles	pim_cycles	mem_bw_util	
A	18454	0	50.910033	
B	47238	41466	22.395370	
C	86352	37476	48.167385	
D	79438	42647	53.056472	
E	64653	37191	49.802117	
F	57090	0	55.293725	
