Stage	total_cycles	pim_cycles	mem_bw_util	
A	18454	0	50.910033	
B	47617	41685	22.246388	
C	83270	37471	49.981986	
D	82225	42470	51.274247	
E	64594	37259	49.888051	
F	56255	0	56.114456	
