Stage	total_cycles	pim_cycles	mem_bw_util	
A	18454	0	50.910033	
B	52681	41919	20.149580	
C	82974	38670	50.135133	
D	86455	43333	48.790411	
E	63528	37941	50.691329	
F	56167	0	56.202374	
