Stage	total_cycles	pim_cycles	mem_bw_util	
A	18454	0	50.910033	
B	48781	42726	21.940023	
C	84001	38147	49.574484	
D	83236	44394	50.782939	
E	65101	37604	49.536297	
F	56531	0	55.840490	
