OpName	StartCycle	EndCycle	TotalCycle	ComputeCycles	MemoryStalls	WeightLoadCycles	SystolicMemoryStalls	MemoryReads	MemoryWrites	ReadBandwidth	WriteBandwidth	TotalMemoryBandwidth	NumCalculation	NpuUtilization	
layer0.attn.rn	18452	22860	4408	1280	0	0	0	1069120	1064960	242540834845	241597096188	484137931034	0	0.000000	
layer0.attn.QKVgen	22860	41260	18400	11681	0	0	0	7355008	131328	399728695652	7137391304	406866086956	805306368	4.207859	
