OpName	StartCycle	EndCycle	TotalCycle	ComputeCycles	MemoryStalls	WeightLoadCycles	SystolicMemoryStalls	MemoryReads	MemoryWrites	ReadBandwidth	WriteBandwidth	TotalMemoryBandwidth	NumCalculation	NpuUtilization	
layer0.attn.res	309493	311677	2184	256	0	0	0	2129920	1064960	975238095238	487619047619	1462857142857	0	0.000000	
layer0.ffn.res	357733	360252	2519	256	0	0	0	2129920	1064960	845541881699	422770940849	1268312822548	0	0.000000	
layer0.ffn.fc1	314166	335523	21357	14602	0	0	0	9456256	131328	442770801142	6149178255	448919979397	1073741824	4.488152	
layer0.ffn.swish	335523	337123	1600	256	0	0	0	1064960	1064960	665600000000	665600000000	1331200000000	0	0.000000	
layer0.ffn.fc2	337123	357733	20610	13951	0	0	0	9456256	131328	458818825812	6372052401	465190878214	1073741824	4.697584	
layer0.attn.proj	304086	309493	5407	3849	0	0	0	2364544	131328	437311633068	24288514888	461600147956	268435456	4.256690	
layer0.ffn.rn	311677	314166	2489	1280	0	0	0	1069120	1064960	429537967055	427866613097	857404580152	0	0.000000	
