OpName	StartCycle	EndCycle	TotalCycle	ComputeCycles	MemoryStalls	WeightLoadCycles	SystolicMemoryStalls	MemoryReads	MemoryWrites	ReadBandwidth	WriteBandwidth	TotalMemoryBandwidth	NumCalculation	NpuUtilization	
layer0.ffn.fc1	82863	109411	26548	15110	0	0	0	9456256	131328	356194666264	4946813319	361141479584	1073741824	4.337260	
layer0.ffn.res	133273	136223	2950	256	0	0	0	2129920	1064960	722006779661	361003389830	1083010169491	0	0.000000	
layer0.attn.res	77518	80507	2989	256	0	0	0	2129920	1064832	712586149213	356250250920	1068836400133	0	0.000000	
layer0.attn.proj	71890	77518	5628	3849	0	0	0	2364544	131328	420139303482	23334754797	443474058280	268435456	4.256690	
layer0.attn.rn	136223	138632	2409	1280	0	0	0	1069120	1064960	443802407638	442075550020	885877957658	0	0.000000	
layer0.ffn.fc2	111819	133273	21454	12935	0	0	0	9456256	131328	440768900904	6121375967	446890276871	1073741824	5.066564	
layer0.ffn.rn	80507	82863	2356	1280	0	0	0	1069120	1064960	453786078098	452020373514	905806451612	0	0.000000	
layer0.attn.QKVgen	138632	153637	15005	10379	0	0	0	7355008	131328	490170476507	8752282572	498922759080	805306368	4.735716	
layer0.ffn.swish	109411	111819	2408	256	0	0	0	1064960	1064960	442259136212	442259136212	884518272425	0	0.000000	
