OpName	StartCycle	EndCycle	TotalCycle	ComputeCycles	MemoryStalls	WeightLoadCycles	SystolicMemoryStalls	MemoryReads	MemoryWrites	ReadBandwidth	WriteBandwidth	TotalMemoryBandwidth	NumCalculation	NpuUtilization	
layer0.attn.res	301649	303825	2176	256	0	0	0	2129920	1064960	978823529411	489411764705	1468235294117	0	0.000000	
layer0.ffn.res	350579	353218	2639	256	0	0	0	2129920	1064960	807093596059	403546798029	1210640394088	0	0.000000	
layer0.ffn.fc1	306368	327550	21182	15110	0	0	0	9456256	131328	446428854687	6199981116	452628835803	1073741824	4.337260	
layer0.ffn.swish	327550	329097	1547	256	0	0	0	1064960	1064960	688403361344	688403361344	1376806722689	0	0.000000	
layer0.ffn.fc2	329097	350579	21482	14602	0	0	0	9456256	131328	440194395307	6113397262	446307792570	1073741824	4.488152	
layer0.attn.proj	296129	301649	5520	4103	0	0	0	2364544	131328	428359420289	23791304347	452150724637	268435456	3.993176	
layer0.ffn.rn	303825	306368	2543	1280	0	0	0	1069120	1064960	420416830515	418780967361	839197797876	0	0.000000	
