OpName	StartCycle	EndCycle	TotalCycle	ComputeCycles	MemoryStalls	WeightLoadCycles	SystolicMemoryStalls	MemoryReads	MemoryWrites	ReadBandwidth	WriteBandwidth	TotalMemoryBandwidth	NumCalculation	NpuUtilization	
layer0.attn.proj	234467	240439	5972	3595	0	0	0	2364544	131328	395938379102	21990622906	417929002009	268435456	4.557441	
layer0.ffn.fc2	274793	296564	21771	13697	0	0	0	9456256	131328	434351017408	6032244729	440383262137	1073741824	4.784697	
layer0.ffn.swish	272959	274793	1834	256	0	0	0	1064960	1064960	580676117775	580676117775	1161352235550	0	0.000000	
layer0.ffn.fc1	246190	272959	26769	13951	0	0	0	9456256	131328	353253987821	4905973327	358159961149	1073741824	4.697584	
layer0.ffn.res	296564	299567	3003	256	0	0	0	2129920	1064960	709264069264	354632034632	1063896103896	0	0.000000	
layer0.ffn.rn	243937	246190	2253	1280	0	0	0	1069120	1064960	474531735463	472685308477	947217043941	0	0.000000	
layer0.attn.res	240439	243937	3498	256	0	0	0	2129920	1064960	608896512292	304448256146	913344768439	0	0.000000	
