OpName	StartCycle	EndCycle	TotalCycle	ComputeCycles	MemoryStalls	WeightLoadCycles	SystolicMemoryStalls	MemoryReads	MemoryWrites	ReadBandwidth	WriteBandwidth	TotalMemoryBandwidth	NumCalculation	NpuUtilization	
layer0.attn.rn	18452	22619	4167	1280	0	0	0	1069120	1064960	256568274538	255569954403	512138228941	0	0.000000	
layer0.attn.QKVgen	22619	41375	18756	11284	0	0	0	7355008	131328	392141608018	7001919385	399143527404	805306368	4.355902	
