OpName	StartCycle	EndCycle	TotalCycle	ComputeCycles	MemoryStalls	WeightLoadCycles	SystolicMemoryStalls	MemoryReads	MemoryWrites	ReadBandwidth	WriteBandwidth	TotalMemoryBandwidth	NumCalculation	NpuUtilization	
layer0.attn.res	309997	312889	2892	256	0	0	0	2129920	1064960	736486860304	368243430152	1104730290456	0	0.000000	
layer0.ffn.res	358688	361654	2966	256	0	0	0	2129920	1064960	718111935266	359055967633	1077167902899	0	0.000000	
layer0.ffn.fc1	314872	335490	20618	13443	0	0	0	9456256	131328	458640799301	6369579978	465010379280	1073741824	4.875102	
layer0.ffn.swish	335490	337056	1566	256	0	0	0	1064960	1064960	680051085568	680051085568	1360102171136	0	0.000000	
layer0.ffn.fc2	337056	358688	21632	13586	0	0	0	9456256	131328	437142011834	6071005917	443213017751	1073741824	4.823789	
layer0.attn.proj	304115	309997	5882	4357	0	0	0	2364544	131328	401996599795	22327099625	424323699421	268435456	3.760386	
layer0.ffn.rn	312889	314872	1983	1280	0	0	0	1069120	1064960	539142713061	537044881492	1076187594553	0	0.000000	
