OpName	StartCycle	EndCycle	TotalCycle	ComputeCycles	MemoryStalls	WeightLoadCycles	SystolicMemoryStalls	MemoryReads	MemoryWrites	ReadBandwidth	WriteBandwidth	TotalMemoryBandwidth	NumCalculation	NpuUtilization	
layer0.ffn.fc1	165446	188382	22936	13189	0	0	0	9456256	131328	412288803627	5725845831	418014649459	1073741824	4.968989	
layer0.ffn.rn	163178	165446	2268	1256	0	0	0	1069120	1064960	471393298059	469559082892	940952380952	0	0.000000	
layer0.attn.res	159279	163178	3899	256	0	0	0	2129920	1064960	546273403436	273136701718	819410105155	0	0.000000	
layer0.ffn.res	218357	221000	2643	256	0	0	0	2129920	1064960	805872115020	402936057510	1208808172531	0	0.000000	
layer0.ffn.fc2	191359	218357	26998	13332	0	0	0	9456256	131328	350257648714	4864360322	355122009037	1073741824	4.915692	
layer0.attn.QKVgen	223281	240379	17098	11173	0	0	0	7355008	131328	430167738916	7680898350	437848637267	805306368	4.399177	
layer0.ffn.swish	188382	191359	2977	256	0	0	0	1064960	1064960	357729257641	357729257641	715458515283	0	0.000000	
layer0.attn.rn	221000	223281	2281	1280	0	0	0	1069120	1064960	468706707584	466882946076	935589653660	0	0.000000	
layer0.attn.proj	153637	159279	5642	3595	0	0	0	2364544	131328	419096774193	23276852180	442373626373	268435456	4.557441	
