OpName	StartCycle	EndCycle	TotalCycle	ComputeCycles	MemoryStalls	WeightLoadCycles	SystolicMemoryStalls	MemoryReads	MemoryWrites	ReadBandwidth	WriteBandwidth	TotalMemoryBandwidth	NumCalculation	NpuUtilization	
layer0.attn.proj	231477	237284	5807	3595	0	0	0	2364544	131328	407188565524	22615464095	429804029619	268435456	4.557441	
layer0.ffn.fc2	272488	293425	20937	14205	0	0	0	9456256	131328	451652863351	6272531881	457925395233	1073741824	4.613587	
layer0.ffn.swish	270027	272488	2461	256	0	0	0	1064960	1064960	432734660707	432734660707	865469321414	0	0.000000	
layer0.ffn.fc1	244716	270027	25311	15872	0	0	0	9456256	131328	373602623365	5188574137	378791197503	1073741824	4.129032	
layer0.ffn.res	293425	296129	2704	256	0	0	0	2129920	1064960	787692307692	393846153846	1181538461538	0	0.000000	
layer0.ffn.rn	241820	244716	2896	1280	0	0	0	1069120	1064960	369171270718	367734806629	736906077348	0	0.000000	
layer0.attn.res	237284	241820	4536	256	0	0	0	2129920	1064896	469559082892	234765432098	704324514991	0	0.000000	
