OpName	StartCycle	EndCycle	TotalCycle	ComputeCycles	MemoryStalls	WeightLoadCycles	SystolicMemoryStalls	MemoryReads	MemoryWrites	ReadBandwidth	WriteBandwidth	TotalMemoryBandwidth	NumCalculation	NpuUtilization	
layer0.attn.res	305178	307848	2670	256	0	0	0	2129920	1064960	797722846441	398861423220	1196584269662	0	0.000000	
layer0.ffn.res	353841	356097	2256	256	0	0	0	2129920	1064960	944113475177	472056737588	1416170212765	0	0.000000	
layer0.ffn.fc1	309846	330855	21009	14602	0	0	0	9456256	131328	450105002617	6251035270	456356037888	1073741824	4.488152	
layer0.ffn.swish	330855	332760	1905	256	0	0	0	1064960	1064960	559034120734	559034120734	1118068241469	0	0.000000	
layer0.ffn.fc2	332760	353841	21081	12427	0	0	0	9456256	131328	448567715004	6229685498	454797400502	1073741824	5.273678	
layer0.attn.proj	299567	305178	5611	3849	0	0	0	2364544	131328	421412225984	23405453573	444817679558	268435456	4.256690	
layer0.ffn.rn	307848	309846	1998	1280	0	0	0	1069120	1064960	535095095095	533013013013	1068108108108	0	0.000000	
