OpName	StartCycle	EndCycle	TotalCycle	ComputeCycles	MemoryStalls	WeightLoadCycles	SystolicMemoryStalls	MemoryReads	MemoryWrites	ReadBandwidth	WriteBandwidth	TotalMemoryBandwidth	NumCalculation	NpuUtilization	
layer0.ffn.fc1	82887	108869	25982	14713	0	0	0	9456256	131328	363954122084	5054576245	369008698329	1073741824	4.454292	
layer0.ffn.res	132105	134403	2298	256	0	0	0	2129920	1064960	926858137510	463429068755	1390287206266	0	0.000000	
layer0.attn.res	76841	80564	3723	256	0	0	0	2129920	1064960	572097770615	286048885307	858146655922	0	0.000000	
layer0.attn.proj	71132	76841	5709	3849	0	0	0	2364544	131328	414178314941	23003678402	437181993343	268435456	4.256690	
layer0.attn.rn	134403	136719	2316	1280	0	0	0	1069120	1064960	461623488773	459827288428	921450777202	0	0.000000	
layer0.ffn.fc2	110723	132105	21382	13586	0	0	0	9456256	131328	442253110092	6141988588	448395098681	1073741824	4.823789	
layer0.ffn.rn	80564	82887	2323	1280	0	0	0	1069120	1064960	460232458028	458441670253	918674128282	0	0.000000	
layer0.attn.QKVgen	136719	154105	17386	12046	0	0	0	7355008	131328	423041987806	7553663867	430595651673	805306368	4.080359	
layer0.ffn.swish	108869	110723	1854	256	0	0	0	1064960	1064960	574412081984	574412081984	1148824163969	0	0.000000	
