OpName	StartCycle	EndCycle	TotalCycle	ComputeCycles	MemoryStalls	WeightLoadCycles	SystolicMemoryStalls	MemoryReads	MemoryWrites	ReadBandwidth	WriteBandwidth	TotalMemoryBandwidth	NumCalculation	NpuUtilization	
layer0.attn.proj	240559	245643	5084	3849	0	0	0	2364544	131328	465095200629	25831628638	490926829268	268435456	4.256690	
layer0.ffn.fc2	280189	301631	21442	14094	0	0	0	9456256	131328	441015576905	6124801790	447140378696	1073741824	4.649922	
layer0.ffn.swish	277834	280189	2355	256	0	0	0	1064960	1064960	452212314225	452212314225	904424628450	0	0.000000	
layer0.ffn.fc1	252522	277834	25312	13189	0	0	0	9456256	131328	373587863463	5188369152	378776232616	1073741824	4.968989	
layer0.ffn.res	301631	304086	2455	256	0	0	0	2129920	1064960	867584521384	433792260692	1301376782077	0	0.000000	
layer0.ffn.rn	249597	252522	2925	1280	0	0	0	1069120	1064960	365511111111	364088888888	729600000000	0	0.000000	
layer0.attn.res	245643	249597	3954	256	0	0	0	2129920	1064896	538674759736	269321193727	807995953464	0	0.000000	
