OpName	StartCycle	EndCycle	TotalCycle	ComputeCycles	MemoryStalls	WeightLoadCycles	SystolicMemoryStalls	MemoryReads	MemoryWrites	ReadBandwidth	WriteBandwidth	TotalMemoryBandwidth	NumCalculation	NpuUtilization	
layer0.ffn.fc1	79840	105526	25686	12681	0	0	0	9456256	131328	368148251966	5112824106	373261076072	1073741824	5.168047	
layer0.ffn.res	128900	131822	2922	256	0	0	0	2129920	1064960	728925393566	364462696783	1093388090349	0	0.000000	
layer0.attn.res	73341	76039	2698	256	0	0	0	2129920	1064768	789444032616	394650852483	1184094885100	0	0.000000	
layer0.attn.proj	67232	73341	6109	3849	0	0	0	2364544	131328	387059093141	21497462759	408556555901	268435456	4.256690	
layer0.attn.rn	131822	133780	1958	1280	0	0	0	1069120	1064960	546026557711	543901940755	1089928498467	0	0.000000	
layer0.ffn.fc2	107297	128900	21603	13078	0	0	0	9456256	131328	437728833958	6079155672	443807989631	1073741824	5.011164	
layer0.ffn.rn	76039	79840	3801	1280	0	0	0	1069120	1064960	281273349118	280178900289	561452249408	0	0.000000	
layer0.attn.QKVgen	133780	151232	17452	10379	0	0	0	7355008	131328	421442126976	7525097410	428967224386	805306368	4.735716	
layer0.ffn.swish	105526	107297	1771	256	0	0	0	1064960	1064960	601332580463	601332580463	1202665160926	0	0.000000	
