OpName	StartCycle	EndCycle	TotalCycle	ComputeCycles	MemoryStalls	WeightLoadCycles	SystolicMemoryStalls	MemoryReads	MemoryWrites	ReadBandwidth	WriteBandwidth	TotalMemoryBandwidth	NumCalculation	NpuUtilization	
layer0.attn.rn	18452	24797	6345	1280	0	0	0	1069120	1064960	168498029944	167842395587	336340425531	0	0.000000	
layer0.attn.QKVgen	24797	43450	18653	11284	0	0	0	7355008	131328	394306974749	7040583284	401347558033	805306368	4.355902	
