OpName	StartCycle	EndCycle	TotalCycle	ComputeCycles	MemoryStalls	WeightLoadCycles	SystolicMemoryStalls	MemoryReads	MemoryWrites	ReadBandwidth	WriteBandwidth	TotalMemoryBandwidth	NumCalculation	NpuUtilization	
layer0.ffn.fc1	163030	185758	22728	13697	0	0	0	9456256	131328	416061950017	5778247096	421840197113	1073741824	4.784697	
layer0.ffn.rn	159871	163030	3159	1264	0	0	0	1069120	1064896	338436213991	337099081987	675535295979	0	0.000000	
layer0.attn.res	156620	159871	3251	256	0	0	0	2129920	1064576	655158412796	327461088895	982619501691	0	0.000000	
layer0.ffn.res	212592	215557	2965	256	0	0	0	2129920	1064960	718354131534	359177065767	1077531197301	0	0.000000	
layer0.ffn.fc2	187866	212592	24726	14459	0	0	0	9456256	131328	382441802151	5311332200	387753134352	1073741824	4.532540	
layer0.attn.QKVgen	218088	234467	16379	10887	0	0	0	7355008	131328	449051102020	8018071921	457069173942	805306368	4.514742	
layer0.ffn.swish	185758	187866	2108	256	0	0	0	1064960	1064960	505199240986	505199240986	1010398481973	0	0.000000	
layer0.attn.rn	215557	218088	2531	1280	0	0	0	1069120	1064960	422410114579	420766495456	843176610035	0	0.000000	
layer0.attn.proj	151232	156620	5388	4103	0	0	0	2364544	131328	438853749072	24374164810	463227913882	268435456	3.993176	
