OpName	StartCycle	EndCycle	TotalCycle	ComputeCycles	MemoryStalls	WeightLoadCycles	SystolicMemoryStalls	MemoryReads	MemoryWrites	ReadBandwidth	WriteBandwidth	TotalMemoryBandwidth	NumCalculation	NpuUtilization	
layer0.attn.proj	240379	245448	5069	3849	0	0	0	2364544	131328	466471493391	25908068652	492379562043	268435456	4.256690	
layer0.ffn.fc2	280870	301694	20824	13586	0	0	0	9456256	131328	454103726469	6306569343	460410295812	1073741824	4.823789	
layer0.ffn.swish	279080	280870	1790	256	0	0	0	1064960	1064960	594949720670	594949720670	1189899441340	0	0.000000	
layer0.ffn.fc1	252158	279080	26922	15110	0	0	0	9456256	131328	351246415570	4878092266	356124507837	1073741824	4.337260	
layer0.ffn.res	301694	304115	2421	256	0	0	0	2129920	1064960	879768690623	439884345311	1319653035935	0	0.000000	
layer0.ffn.rn	249624	252158	2534	1280	0	0	0	1069120	1064960	421910023677	420268350434	842178374112	0	0.000000	
layer0.attn.res	245448	249624	4176	256	0	0	0	2129920	1064896	510038314176	255003831417	765042145593	0	0.000000	
