OpName	StartCycle	EndCycle	TotalCycle	ComputeCycles	MemoryStalls	WeightLoadCycles	SystolicMemoryStalls	MemoryReads	MemoryWrites	ReadBandwidth	WriteBandwidth	TotalMemoryBandwidth	NumCalculation	NpuUtilization	
layer0.attn.rn	18452	24316	5864	1280	0	0	0	1069120	1064960	182319236016	181609822646	363929058663	0	0.000000	
layer0.attn.QKVgen	24316	43206	18890	11030	0	0	0	7355008	131328	389359872948	6952249867	396312122816	805306368	4.456210	
