OpName	StartCycle	EndCycle	TotalCycle	ComputeCycles	MemoryStalls	WeightLoadCycles	SystolicMemoryStalls	MemoryReads	MemoryWrites	ReadBandwidth	WriteBandwidth	TotalMemoryBandwidth	NumCalculation	NpuUtilization	
layer0.ffn.fc1	81927	107423	25496	13443	0	0	0	9456256	131328	370891747725	5150925635	376042673360	1073741824	4.875102	
layer0.ffn.res	130381	133066	2685	256	0	0	0	2129920	1064960	793266294227	396633147113	1189899441340	0	0.000000	
layer0.attn.res	71063	75036	3973	256	0	0	0	2129920	1064960	536098665995	268049332997	804147998993	0	0.000000	
layer0.attn.proj	65689	71063	5374	4103	0	0	0	2364544	131328	439997022701	24437662820	464434685522	268435456	3.993176	
layer0.attn.rn	133066	135325	2259	1280	0	0	0	1069120	1064960	473271359008	471429836210	944701195219	0	0.000000	
layer0.ffn.fc2	109145	130381	21236	13443	0	0	0	9456256	131328	445293652288	6184215483	451477867771	1073741824	4.875102	
layer0.ffn.rn	75036	81927	6891	1280	0	0	0	1069120	1064960	155147293571	154543607604	309690901175	0	0.000000	
layer0.attn.QKVgen	135325	152040	16715	11030	0	0	0	7355008	131328	440024409213	7856895004	447881304217	805306368	4.456210	
layer0.ffn.swish	107423	109145	1722	256	0	0	0	1064960	1064960	618443670150	618443670150	1236887340301	0	0.000000	
