OpName	StartCycle	EndCycle	TotalCycle	ComputeCycles	MemoryStalls	WeightLoadCycles	SystolicMemoryStalls	MemoryReads	MemoryWrites	ReadBandwidth	WriteBandwidth	TotalMemoryBandwidth	NumCalculation	NpuUtilization	
layer0.ffn.fc1	165455	190555	25100	13078	0	0	0	9456256	131328	376743266932	5232191235	381975458167	1073741824	5.011164	
layer0.ffn.rn	163372	165455	2083	1280	0	0	0	1069120	1064960	513259721555	511262602016	1024522323571	0	0.000000	
layer0.attn.res	159602	163372	3770	256	0	0	0	2129920	1064960	564965517241	282482758620	847448275862	0	0.000000	
layer0.ffn.res	218798	221449	2651	256	0	0	0	2129920	1064960	803440211241	401720105620	1205160316861	0	0.000000	
layer0.ffn.fc2	192614	218798	26184	13586	0	0	0	9456256	131328	361146348915	5015582034	366161930950	1073741824	4.823789	
layer0.attn.QKVgen	223344	240559	17215	12189	0	0	0	7355008	131328	427244147545	7628695904	434872843450	805306368	4.032488	
layer0.ffn.swish	190555	192614	2059	256	0	0	0	1064960	1064960	517221952404	517221952404	1034443904808	0	0.000000	
layer0.attn.rn	221449	223344	1895	1280	0	0	0	1069120	1064960	564179419525	561984168865	1126163588390	0	0.000000	
layer0.attn.proj	154105	159602	5497	4246	0	0	0	2364544	131328	430151719119	23890849554	454042568673	268435456	3.858691	
