OpName	StartCycle	EndCycle	TotalCycle	ComputeCycles	MemoryStalls	WeightLoadCycles	SystolicMemoryStalls	MemoryReads	MemoryWrites	ReadBandwidth	WriteBandwidth	TotalMemoryBandwidth	NumCalculation	NpuUtilization	
layer0.ffn.fc1	163641	185402	21761	13443	0	0	0	9456256	131328	434550618078	6035016773	440585634851	1073741824	4.875102	
layer0.ffn.rn	161301	163641	2340	1252	0	0	0	1069120	1064896	456888888888	455083760683	911972649572	0	0.000000	
layer0.attn.res	157327	161301	3974	256	0	0	0	2129920	1064960	535963764469	267981882234	803945646703	0	0.000000	
layer0.ffn.res	211718	214408	2690	256	0	0	0	2129920	1064960	791791821561	395895910780	1187687732342	0	0.000000	
layer0.ffn.fc2	187613	211718	24105	14856	0	0	0	9456256	131328	392294378759	5448164281	397742543040	1073741824	4.411416	
layer0.attn.QKVgen	216478	231477	14999	10125	0	0	0	7355008	131328	490366557770	8755783718	499122341489	805306368	4.854519	
layer0.ffn.swish	185402	187613	2211	256	0	0	0	1064960	1064960	481664405246	481664405246	963328810492	0	0.000000	
layer0.attn.rn	214408	216478	2070	1280	0	0	0	1069120	1064960	516483091787	514473429951	1030956521739	0	0.000000	
layer0.attn.proj	152040	157327	5287	3341	0	0	0	2364544	131328	447237374692	24839795725	472077170418	268435456	4.903921	
