Stage	total_cycles	pim_cycles	mem_bw_util	
A	32390	0	52.648773	
B	176976	145161	13.470471	
C	143174	61939	50.901787	
D	188326	155774	41.163528	
E	121886	60944	45.800635	
F	88021	0	60.986796	
