Stage	total_cycles	pim_cycles	mem_bw_util	
A	32390	0	52.648773	
B	174534	141947	13.572857	
C	135656	54478	53.526613	
D	184146	151191	42.015541	
E	102366	54866	54.274307	
F	89603	0	59.910034	
