Stage	total_cycles	pim_cycles	mem_bw_util	
A	32390	0	52.648773	
B	163512	138462	14.389693	
C	136629	58885	53.230921	
D	173803	147576	44.403614	
E	102056	58716	54.551606	
F	92141	0	58.259827	
