Stage	total_cycles	pim_cycles	mem_bw_util	
A	32390	0	52.648773	
B	198021	148509	12.118222	
C	142201	65831	51.415294	
D	207656	156128	37.406787	
E	120348	66707	46.581632	
F	88265	0	60.818204	
