OpName	StartCycle	EndCycle	TotalCycle	ComputeCycles	MemoryStalls	WeightLoadCycles	SystolicMemoryStalls	MemoryReads	MemoryWrites	ReadBandwidth	WriteBandwidth	TotalMemoryBandwidth	NumCalculation	NpuUtilization	
layer0.attn.res	550297	555190	4893	192	0	0	0	3170304	1585088	647926425505	323950132842	971876558348	0	0.000000	
layer0.ffn.rn	555190	559398	4208	960	0	0	0	1593408	1585152	378661596958	376699619771	755361216730	0	0.000000	
layer0.attn.proj	540861	550297	9436	6913	0	0	0	4400256	98560	466326409495	10445103857	476771513353	402653184	3.555041	
layer0.ffn.fc2	599460	636695	37235	23667	0	0	0	17599104	98560	472649496441	2646971935	475296468376	1610612736	4.153632	
layer0.ffn.res	636695	642704	6009	192	0	0	0	3170304	1585152	527592611083	263796305541	791388916625	0	0.000000	
layer0.ffn.fc1	559398	597999	38601	26124	0	0	0	18387584	98560	476349939120	2553301727	478903240848	1610612736	3.762977	
layer0.ffn.swish	597999	599460	1461	192	0	0	0	798720	798720	546694045174	546694045174	1093388090349	0	0.000000	
