OpName	StartCycle	EndCycle	TotalCycle	ComputeCycles	MemoryStalls	WeightLoadCycles	SystolicMemoryStalls	MemoryReads	MemoryWrites	ReadBandwidth	WriteBandwidth	TotalMemoryBandwidth	NumCalculation	NpuUtilization	
layer0.attn.res	670384	673964	3580	192	0	0	0	3170304	1585152	885559776536	442779888268	1328339664804	0	0.000000	
layer0.ffn.fc1	677906	712643	34737	25870	0	0	0	18387584	98560	529337133316	2837320436	532174453752	1610612736	3.799923	
layer0.ffn.rn	673964	677906	3942	960	0	0	0	1593408	1585152	404213089802	402118721461	806331811263	0	0.000000	
layer0.ffn.res	746974	750766	3792	192	0	0	0	3170304	1585152	836050632911	418025316455	1254075949367	0	0.000000	
layer0.ffn.swish	712643	713714	1071	192	0	0	0	798720	798720	745770308123	745770308123	1491540616246	0	0.000000	
layer0.ffn.fc2	713714	746974	33260	22397	0	0	0	17599104	98560	529137221888	2963319302	532100541190	1610612736	4.389159	
layer0.attn.proj	662746	670384	7638	5897	0	0	0	4400256	98560	576100549882	12903901544	589004451427	402653184	4.167543	
