OpName	StartCycle	EndCycle	TotalCycle	ComputeCycles	MemoryStalls	WeightLoadCycles	SystolicMemoryStalls	MemoryReads	MemoryWrites	ReadBandwidth	WriteBandwidth	TotalMemoryBandwidth	NumCalculation	NpuUtilization	
layer0.attn.QKVgen	319164	352536	33372	23187	0	0	0	14185088	98560	425059570897	2953374086	428012944983	1207959552	3.179713	
layer0.ffn.fc1	227022	267920	40898	26775	0	0	0	18387584	98560	449596166071	2409897794	452006063866	1610612736	3.671485	
layer0.ffn.swish	267920	268972	1052	192	0	0	0	798720	798720	759239543726	759239543726	1518479087452	0	0.000000	
layer0.ffn.res	309675	315329	5654	192	0	0	0	3170304	1585152	560718783162	280359391581	841078174743	0	0.000000	
layer0.ffn.fc2	268972	309675	40703	23667	0	0	0	17599104	98560	432378547035	2421443136	434799990172	1610612736	4.153632	
layer0.attn.proj	209363	218564	9201	6913	0	0	0	4400256	98560	478236713400	10711879143	488948592544	402653184	3.555041	
layer0.ffn.rn	223972	227022	3050	960	0	0	0	1593408	1585088	522428852459	519700983606	1042129836065	0	0.000000	
layer0.attn.rn	315329	319164	3835	960	0	0	0	1593408	1585152	415491003911	413338200782	828829204693	0	0.000000	
layer0.attn.res	218564	223972	5408	192	0	0	0	3170304	1585152	586224852071	293112426035	879337278106	0	0.000000	
