OpName	StartCycle	EndCycle	TotalCycle	ComputeCycles	MemoryStalls	WeightLoadCycles	SystolicMemoryStalls	MemoryReads	MemoryWrites	ReadBandwidth	WriteBandwidth	TotalMemoryBandwidth	NumCalculation	NpuUtilization	
layer0.attn.QKVgen	311548	342576	31028	22933	0	0	0	14185088	98560	457170555627	3176485754	460347041381	1207959552	3.214930	
layer0.ffn.fc1	225240	263520	38280	25727	0	0	0	18387584	98560	480344409613	2574712643	482919122257	1610612736	3.821044	
layer0.ffn.swish	263520	265441	1921	192	0	0	0	798720	798720	415783446121	415783446121	831566892243	0	0.000000	
layer0.ffn.res	304309	308083	3774	192	0	0	0	3170304	1585152	840038155802	420019077901	1260057233704	0	0.000000	
layer0.ffn.fc2	265441	304309	38868	24429	0	0	0	17599104	98560	452791602346	2535762066	455327364412	1610612736	4.024070	
layer0.attn.proj	206921	215619	8698	6405	0	0	0	4400256	98560	505892848930	11331340538	517224189468	402653184	3.837002	
layer0.ffn.rn	220112	225240	5128	960	0	0	0	1593408	1585152	310726989079	309117004680	619843993759	0	0.000000	
layer0.attn.rn	308083	311548	3465	960	0	0	0	1593408	1585152	459858008658	457475324675	917333333333	0	0.000000	
layer0.attn.res	215619	220112	4493	192	0	0	0	3170304	1585152	705609614956	352804807478	1058414422434	0	0.000000	
