OpName	StartCycle	EndCycle	TotalCycle	ComputeCycles	MemoryStalls	WeightLoadCycles	SystolicMemoryStalls	MemoryReads	MemoryWrites	ReadBandwidth	WriteBandwidth	TotalMemoryBandwidth	NumCalculation	NpuUtilization	
layer0.attn.res	361378	367264	5886	192	0	0	0	3170304	1585152	538617737003	269308868501	807926605504	0	0.000000	
layer0.ffn.fc1	370661	411400	40739	26235	0	0	0	18387584	98560	451350892265	2419303370	453770195635	1610612736	3.747055	
layer0.ffn.res	448360	469341	20981	192	0	0	0	3170304	1585152	151103569896	75551784948	226655354844	0	0.000000	
layer0.ffn.fc2	412933	448360	35427	23667	0	0	0	17599104	98560	496770937420	2782058881	499552996302	1610612736	4.153632	
layer0.ffn.swish	411400	412933	1533	192	0	0	0	798720	798720	521017612524	521017612524	1042035225048	0	0.000000	
layer0.attn.rn	469341	472516	3175	960	0	0	0	1593408	1585152	501860787401	499260472440	1001121259842	0	0.000000	
layer0.attn.proj	352536	361378	8842	7167	0	0	0	4400256	98560	497653924451	11146799366	508800723818	402653184	3.429050	
layer0.ffn.rn	367264	370661	3397	960	0	0	0	1593408	1585152	469063291139	466632911392	935696202531	0	0.000000	
layer0.attn.QKVgen	472516	507372	34856	23298	0	0	0	14185088	98560	406962588937	2827633692	409790222630	1207959552	3.164563	
