OpName	StartCycle	EndCycle	TotalCycle	ComputeCycles	MemoryStalls	WeightLoadCycles	SystolicMemoryStalls	MemoryReads	MemoryWrites	ReadBandwidth	WriteBandwidth	TotalMemoryBandwidth	NumCalculation	NpuUtilization	
layer0.attn.res	708769	712859	4090	192	0	0	0	3170304	1585152	775135452322	387567726161	1162703178484	0	0.000000	
layer0.ffn.fc1	715902	751773	35871	26886	0	0	0	18387584	98560	512603049817	2747623428	515350673245	1610612736	3.656327	
layer0.ffn.rn	712859	715902	3043	960	0	0	0	1593408	1585152	523630627670	520917515609	1044548143279	0	0.000000	
layer0.ffn.res	785153	788874	3721	192	0	0	0	3170304	1585152	852003224939	426001612469	1278004837409	0	0.000000	
layer0.ffn.swish	751773	752878	1105	192	0	0	0	798720	798720	722823529411	722823529411	1445647058823	0	0.000000	
layer0.ffn.fc2	752878	785153	32275	21635	0	0	0	17599104	98560	545285948876	3053756777	548339705654	1610612736	4.543749	
layer0.attn.proj	700610	708769	8159	6151	0	0	0	4400256	98560	539313151121	12079911753	551393062875	402653184	3.995448	
