OpName	StartCycle	EndCycle	TotalCycle	ComputeCycles	MemoryStalls	WeightLoadCycles	SystolicMemoryStalls	MemoryReads	MemoryWrites	ReadBandwidth	WriteBandwidth	TotalMemoryBandwidth	NumCalculation	NpuUtilization	
layer0.attn.QKVgen	301582	332527	30945	21663	0	0	0	14185088	98560	458396768460	3185005655	461581774115	1207959552	3.403407	
layer0.ffn.fc1	214341	251853	37512	27283	0	0	0	18387584	98560	490178716144	2627425890	492806142034	1610612736	3.603123	
layer0.ffn.swish	251853	253778	1925	192	0	0	0	798720	798720	414919480519	414919480519	829838961038	0	0.000000	
layer0.ffn.res	293212	297650	4438	192	0	0	0	3170304	1581504	714354213609	356355114916	1070709328526	0	0.000000	
layer0.ffn.fc2	253778	293212	39434	23921	0	0	0	17599104	98560	446292640868	2499366029	448792006897	1610612736	4.109527	
layer0.attn.proj	195899	204879	8980	7167	0	0	0	4400256	98560	490006236080	10975501113	500981737193	402653184	3.429050	
layer0.ffn.rn	209985	214341	4356	960	0	0	0	1593408	1585152	365796143250	363900826446	729696969696	0	0.000000	
layer0.attn.rn	297650	301582	3932	960	0	0	0	1593408	1585152	405241098677	403141403865	808382502543	0	0.000000	
layer0.attn.res	204879	209985	5106	192	0	0	0	3170304	1585152	620897767332	310448883666	931346650998	0	0.000000	
