OpName	StartCycle	EndCycle	TotalCycle	ComputeCycles	MemoryStalls	WeightLoadCycles	SystolicMemoryStalls	MemoryReads	MemoryWrites	ReadBandwidth	WriteBandwidth	TotalMemoryBandwidth	NumCalculation	NpuUtilization	
layer0.attn.QKVgen	34893	69759	34866	22425	0	0	0	14185088	98560	406845867033	2826822692	409672689726	1207959552	3.287759	
layer0.attn.rn	32388	34893	2505	960	0	0	0	1593408	1585152	636091017964	632795209580	1268886227544	0	0.000000	
