OpName	StartCycle	EndCycle	TotalCycle	ComputeCycles	MemoryStalls	WeightLoadCycles	SystolicMemoryStalls	MemoryReads	MemoryWrites	ReadBandwidth	WriteBandwidth	TotalMemoryBandwidth	NumCalculation	NpuUtilization	
layer0.attn.res	341751	347869	6118	192	0	0	0	3170304	1585152	518192873488	259096436744	777289310232	0	0.000000	
layer0.ffn.fc1	351220	392614	41394	26378	0	0	0	18387584	98560	444208919167	2381021404	446589940571	1610612736	3.726742	
layer0.ffn.res	431546	436809	5263	192	0	0	0	3170304	1583040	602375831274	300786623598	903162454873	0	0.000000	
layer0.ffn.fc2	393950	431546	37596	23159	0	0	0	17599104	98560	468111075646	2621555484	470732631130	1610612736	4.244743	
layer0.ffn.swish	392614	393950	1336	192	0	0	0	798720	798720	597844311377	597844311377	1195688622754	0	0.000000	
layer0.attn.rn	436809	453537	16728	960	0	0	0	1581056	1578304	94515542802	94351028216	188866571018	0	0.000000	
layer0.attn.proj	332527	341751	9224	7167	0	0	0	4400256	98560	477044232437	10685169124	487729401561	402653184	3.429050	
layer0.ffn.rn	347869	351220	3351	960	0	0	0	1593408	1585152	475502238137	473038495971	948540734109	0	0.000000	
layer0.attn.QKVgen	453537	489090	35553	22536	0	0	0	14185088	98560	398984276994	2772199251	401756476246	1207959552	3.271565	
