OpName	StartCycle	EndCycle	TotalCycle	ComputeCycles	MemoryStalls	WeightLoadCycles	SystolicMemoryStalls	MemoryReads	MemoryWrites	ReadBandwidth	WriteBandwidth	TotalMemoryBandwidth	NumCalculation	NpuUtilization	
layer0.attn.res	381289	385723	4434	192	0	0	0	3170304	1585152	714998646820	357499323410	1072497970230	0	0.000000	
layer0.ffn.fc1	391447	430972	39525	28045	0	0	0	18387584	98560	465214016445	2493611638	467707628083	1610612736	3.505224	
layer0.ffn.res	469169	473626	4457	192	0	0	0	3170304	1585152	711308952210	355654476105	1066963428315	0	0.000000	
layer0.ffn.fc2	432530	469169	36639	22397	0	0	0	17599104	98560	480338000491	2690029749	483028030241	1610612736	4.389159	
layer0.ffn.swish	430972	432530	1558	192	0	0	0	798720	798720	512657252888	512657252888	1025314505776	0	0.000000	
layer0.attn.rn	473626	479594	5968	764	0	0	0	1593408	1584704	266991957104	265533512064	532525469168	0	0.000000	
layer0.attn.proj	372608	381289	8681	5897	0	0	0	4400256	98560	506883538762	11353530699	518237069462	402653184	4.167543	
layer0.ffn.rn	385723	391447	5724	960	0	0	0	1593408	1585152	278373165618	276930817610	555303983228	0	0.000000	
layer0.attn.QKVgen	479594	516130	36536	20615	0	0	0	14185088	98560	388249616816	2697613312	390947230129	1207959552	3.576425	
