OpName	StartCycle	EndCycle	TotalCycle	ComputeCycles	MemoryStalls	WeightLoadCycles	SystolicMemoryStalls	MemoryReads	MemoryWrites	ReadBandwidth	WriteBandwidth	TotalMemoryBandwidth	NumCalculation	NpuUtilization	
layer0.attn.QKVgen	34900	70167	35267	22028	0	0	0	14185088	98560	402219865596	2794680579	405014546176	1207959552	3.347013	
layer0.attn.rn	32388	34900	2512	960	0	0	0	1593408	1585152	634318471337	631031847133	1265350318471	0	0.000000	
