OpName	StartCycle	EndCycle	TotalCycle	ComputeCycles	MemoryStalls	WeightLoadCycles	SystolicMemoryStalls	MemoryReads	MemoryWrites	ReadBandwidth	WriteBandwidth	TotalMemoryBandwidth	NumCalculation	NpuUtilization	
layer0.attn.res	618772	622061	3289	192	0	0	0	3170304	1585152	963911219215	481955609607	1445866828823	0	0.000000	
layer0.ffn.fc1	625740	661595	35855	26235	0	0	0	18387584	98560	512831794728	2748849532	515580644261	1610612736	3.747055	
layer0.ffn.rn	622061	625740	3679	960	0	0	0	1593408	1585152	433108997010	430864908942	863973905952	0	0.000000	
layer0.ffn.res	696183	700524	4341	192	0	0	0	3170304	1585152	730316516931	365158258465	1095474775397	0	0.000000	
layer0.ffn.swish	661595	662739	1144	192	0	0	0	798720	798720	698181818181	698181818181	1396363636363	0	0.000000	
layer0.ffn.fc2	662739	696183	33444	22905	0	0	0	17599104	98560	526226049515	2947015907	529173065422	1610612736	4.291814	
layer0.attn.proj	608384	618772	10388	6913	0	0	0	4400256	98560	423590296495	9487870619	433078167115	402653184	3.555041	
