OpName	StartCycle	EndCycle	TotalCycle	ComputeCycles	MemoryStalls	WeightLoadCycles	SystolicMemoryStalls	MemoryReads	MemoryWrites	ReadBandwidth	WriteBandwidth	TotalMemoryBandwidth	NumCalculation	NpuUtilization	
layer0.attn.res	589244	595272	6028	192	0	0	0	3170304	1585152	525929661579	262964830789	788894492368	0	0.000000	
layer0.ffn.rn	595272	598304	3032	960	0	0	0	1593408	1585152	525530343007	522807387862	1048337730870	0	0.000000	
layer0.attn.proj	580263	589244	8981	6405	0	0	0	4400256	98560	489951675759	10974279033	500925954793	402653184	3.837002	
layer0.ffn.fc2	640121	681779	41658	24175	0	0	0	17599104	98560	422466369004	2365932113	424832301118	1610612736	4.066350	
layer0.ffn.res	681779	687374	5595	192	0	0	0	3170304	1585152	566631635388	283315817694	849947453083	0	0.000000	
layer0.ffn.fc1	598304	638272	39968	26886	0	0	0	18387584	98560	460057646116	2465972778	462523618895	1610612736	3.656327	
layer0.ffn.swish	638272	640121	1849	192	0	0	0	798720	798720	431974040021	431974040021	863948080043	0	0.000000	
