OpName	StartCycle	EndCycle	TotalCycle	ComputeCycles	MemoryStalls	WeightLoadCycles	SystolicMemoryStalls	MemoryReads	MemoryWrites	ReadBandwidth	WriteBandwidth	TotalMemoryBandwidth	NumCalculation	NpuUtilization	
layer0.attn.res	638806	643473	4667	192	0	0	0	3170304	1585152	679302335547	339651167773	1018953503321	0	0.000000	
layer0.ffn.fc1	646456	682085	35629	26124	0	0	0	18387584	98560	516084762412	2766285890	518851048303	1610612736	3.762977	
layer0.ffn.rn	643473	646456	2983	960	0	0	0	1593408	1585152	534162923231	531395239691	1065558162923	0	0.000000	
layer0.ffn.res	715106	718688	3582	192	0	0	0	3170304	1585152	885065326633	442532663316	1327597989949	0	0.000000	
layer0.ffn.swish	682085	682987	902	192	0	0	0	798720	798720	885498891352	885498891352	1770997782705	0	0.000000	
layer0.ffn.fc2	682987	715106	32119	23413	0	0	0	17599104	98560	547934369065	3068588685	551002957750	1610612736	4.198693	
layer0.attn.proj	629086	638806	9720	6405	0	0	0	4400256	98560	452701234567	10139917695	462841152263	402653184	3.837002	
