OpName	StartCycle	EndCycle	TotalCycle	ComputeCycles	MemoryStalls	WeightLoadCycles	SystolicMemoryStalls	MemoryReads	MemoryWrites	ReadBandwidth	WriteBandwidth	TotalMemoryBandwidth	NumCalculation	NpuUtilization	
layer0.attn.QKVgen	340907	372608	31701	22028	0	0	0	14185088	98560	447465001104	3109050187	450574051291	1207959552	3.347013	
layer0.ffn.fc1	248362	289614	41252	26632	0	0	0	18387584	98560	445738000581	2389217492	448127218074	1610612736	3.691199	
layer0.ffn.swish	289614	292268	2654	192	0	0	0	798720	798720	300949510173	300949510173	601899020346	0	0.000000	
layer0.ffn.res	331424	336920	5496	192	0	0	0	3170304	1585152	576838427947	288419213973	865257641921	0	0.000000	
layer0.ffn.fc2	292268	331424	39156	24572	0	0	0	17599104	98560	449461231995	2517111043	451978343038	1610612736	4.000651	
layer0.attn.proj	230408	239517	9109	6913	0	0	0	4400256	98560	483066856954	10820068064	493886925019	402653184	3.555041	
layer0.ffn.rn	243812	248362	4550	960	0	0	0	1593408	1585152	350199560439	348385054945	698584615384	0	0.000000	
layer0.attn.rn	336920	340907	3987	960	0	0	0	1593408	1585152	399650865312	397580135440	797231000752	0	0.000000	
layer0.attn.res	239517	243812	4295	192	0	0	0	3170304	1585152	738138300349	369069150174	1107207450523	0	0.000000	
