OpName	StartCycle	EndCycle	TotalCycle	ComputeCycles	MemoryStalls	WeightLoadCycles	SystolicMemoryStalls	MemoryReads	MemoryWrites	ReadBandwidth	WriteBandwidth	TotalMemoryBandwidth	NumCalculation	NpuUtilization	
layer0.attn.res	535380	540731	5351	192	0	0	0	3170304	1585152	592469444963	296234722481	888704167445	0	0.000000	
layer0.ffn.rn	540731	545264	4533	960	0	0	0	1593408	1585152	351512905360	349691594970	701204500330	0	0.000000	
layer0.attn.proj	526721	535380	8659	6659	0	0	0	4400256	98560	508171382376	11382376717	519553759094	402653184	3.690644	
layer0.ffn.fc2	588337	625360	37023	22540	0	0	0	17599104	98560	475355967911	2662128946	478018096858	1610612736	4.361313	
layer0.ffn.res	625360	629086	3726	192	0	0	0	3170304	1585152	850859903381	425429951690	1276289855072	0	0.000000	
layer0.ffn.fc1	545264	585396	40132	27140	0	0	0	18387584	98560	458177613874	2455895544	460633509418	1610612736	3.622108	
layer0.ffn.swish	585396	588337	2941	192	0	0	0	798720	798720	271581094865	271581094865	543162189731	0	0.000000	
