OpName	StartCycle	EndCycle	TotalCycle	ComputeCycles	MemoryStalls	WeightLoadCycles	SystolicMemoryStalls	MemoryReads	MemoryWrites	ReadBandwidth	WriteBandwidth	TotalMemoryBandwidth	NumCalculation	NpuUtilization	
layer0.attn.res	515194	519950	4756	192	0	0	0	3170304	1585152	666590412111	333295206055	999885618166	0	0.000000	
layer0.ffn.rn	519950	524222	4272	960	0	0	0	1593408	1585152	372988764044	371056179775	744044943820	0	0.000000	
layer0.attn.proj	506329	515194	8865	6913	0	0	0	4391424	98496	495366497461	11110659898	506477157360	402653184	3.555041	
layer0.ffn.fc2	565313	604516	39203	23667	0	0	0	17599104	98560	448922378389	2514093309	451436471698	1610612736	4.153632	
layer0.ffn.res	604516	608384	3868	192	0	0	0	3170304	1585152	819623578076	409811789038	1229435367114	0	0.000000	
layer0.ffn.fc1	524222	563741	39519	26997	0	0	0	18387584	98560	465284647890	2493990232	467778638123	1610612736	3.641293	
layer0.ffn.swish	563741	565313	1572	192	0	0	0	798720	798720	508091603053	508091603053	1016183206106	0	0.000000	
