OpName	StartCycle	EndCycle	TotalCycle	ComputeCycles	MemoryStalls	WeightLoadCycles	SystolicMemoryStalls	MemoryReads	MemoryWrites	ReadBandwidth	WriteBandwidth	TotalMemoryBandwidth	NumCalculation	NpuUtilization	
layer0.attn.res	351784	357414	5630	192	0	0	0	3170304	1585152	563109058614	281554529307	844663587921	0	0.000000	
layer0.ffn.fc1	360921	402208	41287	25616	0	0	0	18387584	98560	445360137573	2387192094	447747329667	1610612736	3.837601	
layer0.ffn.res	439474	460889	21415	192	0	0	0	3170304	1585152	148041279477	74020639738	222061919215	0	0.000000	
layer0.ffn.fc2	403720	439474	35754	22143	0	0	0	17599104	98560	492227554958	2756614644	494984169603	1610612736	4.439507	
layer0.ffn.swish	402208	403720	1512	192	0	0	0	798720	798720	528253968253	528253968253	1056507936507	0	0.000000	
layer0.attn.rn	460889	464631	3742	960	0	0	0	1593408	1585152	425817210048	423610903260	849428113308	0	0.000000	
layer0.attn.proj	342576	351784	9208	6913	0	0	0	4400256	98560	477873153779	10703735881	488576889661	402653184	3.555041	
layer0.ffn.rn	357414	360921	3507	960	0	0	0	1593408	1585152	454350727117	451996578272	906347305389	0	0.000000	
layer0.attn.QKVgen	464631	500299	35668	23552	0	0	0	14185088	98560	397697880453	2763261186	400461141639	1207959552	3.130435	
