OpName	StartCycle	EndCycle	TotalCycle	ComputeCycles	MemoryStalls	WeightLoadCycles	SystolicMemoryStalls	MemoryReads	MemoryWrites	ReadBandwidth	WriteBandwidth	TotalMemoryBandwidth	NumCalculation	NpuUtilization	
layer0.attn.QKVgen	34900	70261	35361	22171	0	0	0	14185088	98560	401150646192	2787251491	403937897683	1207959552	3.325425	
layer0.attn.rn	32388	34900	2512	960	0	0	0	1593408	1585152	634318471337	631031847133	1265350318471	0	0.000000	
