Stage	total_cycles	pim_cycles	mem_bw_util	
A	17740	0	48.404383	
B	34653	31005	27.408522	
C	86526	28046	43.187163	
D	75634	31608	49.968268	
E	61090	27782	47.112764	
F	53717	0	52.674549	
