Stage	total_cycles	pim_cycles	mem_bw_util	
A	17740	0	48.404383	
B	34653	30815	27.416818	
C	78475	27662	47.624243	
D	78341	31306	48.245411	
E	60177	27411	47.835656	
F	55000	0	51.445795	
