Stage	total_cycles	pim_cycles	mem_bw_util	
A	17740	0	48.404383	
B	36631	31002	25.952916	
C	77491	28111	48.238908	
D	74797	31850	50.539460	
E	58918	27768	48.870994	
F	53757	0	52.635354	
