Stage	total_cycles	pim_cycles	mem_bw_util	
A	17740	0	48.404383	
B	35467	30858	26.768545	
C	80131	27246	46.636523	
D	75777	31944	49.869271	
E	60111	27398	47.883499	
F	54264	0	52.143571	
