OpName	StartCycle	EndCycle	TotalCycle	ComputeCycles	MemoryStalls	WeightLoadCycles	SystolicMemoryStalls	MemoryReads	MemoryWrites	ReadBandwidth	WriteBandwidth	TotalMemoryBandwidth	NumCalculation	NpuUtilization	
layer0.attn.rn	17738	19250	1512	960	0	0	0	802880	798720	531005291005	528253968253	1059259259259	0	0.000000	
layer0.attn.QKVgen	19250	38468	19218	11030	0	0	0	7092864	98560	369073993131	5128525340	374202518472	603979776	3.342158	
