OpName	StartCycle	EndCycle	TotalCycle	ComputeCycles	MemoryStalls	WeightLoadCycles	SystolicMemoryStalls	MemoryReads	MemoryWrites	ReadBandwidth	WriteBandwidth	TotalMemoryBandwidth	NumCalculation	NpuUtilization	
layer0.attn.res	275043	276801	1758	192	0	0	0	1597440	798720	908668941979	454334470989	1363003412969	0	0.000000	
layer0.attn.proj	269220	275043	5823	4103	0	0	0	2299008	98560	394815043791	16925983170	411741026962	201326592	2.994882	
layer0.ffn.rn	276801	278532	1731	960	0	0	0	802880	798720	463824378971	461421143847	925245522819	0	0.000000	
layer0.ffn.res	321723	323483	1760	192	0	0	0	1597440	798720	907636363636	453818181818	1361454545454	0	0.000000	
layer0.ffn.fc2	300751	321723	20972	12427	0	0	0	9194112	98560	438399389662	4699599465	443098989128	805306368	3.955259	
layer0.ffn.fc1	278532	299522	20990	14459	0	0	0	9194112	98560	438023439733	4695569318	442719009051	805306368	3.399405	
layer0.ffn.swish	299522	300751	1229	192	0	0	0	798720	798720	649894222945	649894222945	1299788445890	0	0.000000	
