OpName	StartCycle	EndCycle	TotalCycle	ComputeCycles	MemoryStalls	WeightLoadCycles	SystolicMemoryStalls	MemoryReads	MemoryWrites	ReadBandwidth	WriteBandwidth	TotalMemoryBandwidth	NumCalculation	NpuUtilization	
layer0.ffn.fc1	76006	97797	21791	12681	0	0	0	9194112	98560	421922445046	4522968197	426445413243	805306368	3.876035	
layer0.ffn.res	119192	121286	2094	192	0	0	0	1597440	798720	762865329512	381432664756	1144297994269	0	0.000000	
layer0.attn.proj	52390	58039	5649	3341	0	0	0	2299008	98560	406976101964	17447335811	424423437776	201326592	3.677941	
layer0.ffn.swish	97797	98930	1133	192	0	0	0	798720	798720	704960282436	704960282436	1409920564872	0	0.000000	
layer0.attn.res	58039	74013	15974	192	0	0	0	1597440	798720	100002504069	50001252034	150003756103	0	0.000000	
layer0.attn.rn	121286	122844	1558	960	0	0	0	802880	798720	515327342747	512657252888	1027984595635	0	0.000000	
layer0.ffn.rn	74013	76006	1993	960	0	0	0	802880	798720	402849974912	400762669342	803612644254	0	0.000000	
layer0.attn.QKVgen	122844	138915	16071	10633	0	0	0	7092864	98560	441345529214	6132785763	447478314977	603979776	3.466943	
layer0.ffn.fc2	98930	119192	20262	12427	0	0	0	9194112	98560	453761326621	4864277958	458625604580	805306368	3.955259	
