OpName	StartCycle	EndCycle	TotalCycle	ComputeCycles	MemoryStalls	WeightLoadCycles	SystolicMemoryStalls	MemoryReads	MemoryWrites	ReadBandwidth	WriteBandwidth	TotalMemoryBandwidth	NumCalculation	NpuUtilization	
layer0.attn.rn	17738	19250	1512	960	0	0	0	802880	798720	531005291005	528253968253	1059259259259	0	0.000000	
layer0.attn.QKVgen	19250	37985	18735	11030	0	0	0	7092864	98560	378588951160	5260741926	383849693087	603979776	3.342158	
