OpName	StartCycle	EndCycle	TotalCycle	ComputeCycles	MemoryStalls	WeightLoadCycles	SystolicMemoryStalls	MemoryReads	MemoryWrites	ReadBandwidth	WriteBandwidth	TotalMemoryBandwidth	NumCalculation	NpuUtilization	
layer0.ffn.swish	165513	166952	1439	192	0	0	0	798720	798720	555052119527	555052119527	1110104239054	0	0.000000	
layer0.attn.QKVgen	192003	209110	17107	10776	0	0	0	7092864	98560	414617641900	5761384228	420379026129	603979776	3.420935	
layer0.attn.res	138812	141583	2771	192	0	0	0	1597440	798720	576485023457	288242511728	864727535185	0	0.000000	
layer0.attn.proj	133334	138812	5478	3992	0	0	0	2299008	98560	419680175246	17991967871	437672143117	201326592	3.078156	
layer0.ffn.res	188720	190495	1775	192	0	0	0	1597440	798720	899966197183	449983098591	1349949295774	0	0.000000	
layer0.ffn.fc1	143864	165513	21649	13189	0	0	0	9194112	98560	424689916393	4552635225	429242551619	805306368	3.726742	
layer0.ffn.fc2	166952	188720	21768	13189	0	0	0	9194112	98560	422368246968	4527747151	426895994119	805306368	3.726742	
layer0.attn.rn	190495	192003	1508	960	0	0	0	802880	798720	532413793103	529655172413	1062068965517	0	0.000000	
layer0.ffn.rn	141583	143864	2281	960	0	0	0	802880	798720	351985971065	350162209557	702148180622	0	0.000000	
