OpName	StartCycle	EndCycle	TotalCycle	ComputeCycles	MemoryStalls	WeightLoadCycles	SystolicMemoryStalls	MemoryReads	MemoryWrites	ReadBandwidth	WriteBandwidth	TotalMemoryBandwidth	NumCalculation	NpuUtilization	
layer0.ffn.fc1	63617	89731	26114	13443	0	0	0	9194112	98560	352075974573	3774220724	355850195297	805306368	3.656327	
layer0.ffn.res	112240	113854	1614	192	0	0	0	1597440	798720	989739776951	494869888475	1484609665427	0	0.000000	
layer0.attn.proj	54368	59592	5224	4246	0	0	0	2299008	98560	440085758039	18866768759	458952526799	201326592	2.894018	
layer0.ffn.swish	89731	90923	1192	192	0	0	0	798720	798720	670067114093	670067114093	1340134228187	0	0.000000	
layer0.attn.res	59592	61671	2079	192	0	0	0	1597440	798656	768369408369	384153920153	1152523328523	0	0.000000	
layer0.attn.rn	113854	116136	2282	960	0	0	0	802880	798720	351831726555	350008764241	701840490797	0	0.000000	
layer0.ffn.rn	61671	63617	1946	960	0	0	0	802880	798720	412579650565	410441932168	823021582733	0	0.000000	
layer0.attn.QKVgen	116136	131858	15722	11141	0	0	0	7092864	98560	451142602722	6268922528	457411525251	603979776	3.308859	
layer0.ffn.fc2	90923	112240	21317	13189	0	0	0	9194112	98560	431304217291	4623539897	435927757189	805306368	3.726742	
