OpName	StartCycle	EndCycle	TotalCycle	ComputeCycles	MemoryStalls	WeightLoadCycles	SystolicMemoryStalls	MemoryReads	MemoryWrites	ReadBandwidth	WriteBandwidth	TotalMemoryBandwidth	NumCalculation	NpuUtilization	
layer0.ffn.rn	217676	220053	2377	960	0	0	0	802880	798720	337770298695	336020193521	673790492217	0	0.000000	
layer0.ffn.swish	245461	246566	1105	192	0	0	0	798720	798720	722823529411	722823529411	1445647058823	0	0.000000	
layer0.ffn.res	267268	269220	1952	192	0	0	0	1597440	798720	818360655737	409180327868	1227540983606	0	0.000000	
layer0.ffn.fc2	246566	267268	20702	12681	0	0	0	9194112	98560	444117090136	4760892667	448877982803	805306368	3.876035	
layer0.ffn.fc1	220053	245461	25408	13951	0	0	0	9194112	98560	361858942065	3879093198	365738035264	805306368	3.523188	
layer0.attn.proj	209110	214453	5343	3341	0	0	0	2299008	98560	430284110050	18446565599	448730675650	201326592	3.677941	
layer0.attn.res	214453	217676	3223	192	0	0	0	1597440	798720	495637604716	247818802358	743456407074	0	0.000000	
