OpName	StartCycle	EndCycle	TotalCycle	ComputeCycles	MemoryStalls	WeightLoadCycles	SystolicMemoryStalls	MemoryReads	MemoryWrites	ReadBandwidth	WriteBandwidth	TotalMemoryBandwidth	NumCalculation	NpuUtilization	
layer0.ffn.rn	218459	220173	1714	960	0	0	0	802880	798720	468424737456	465997666277	934422403733	0	0.000000	
layer0.ffn.swish	245591	246629	1038	192	0	0	0	798720	798720	769479768786	769479768786	1538959537572	0	0.000000	
layer0.ffn.res	267611	269380	1769	192	0	0	0	1597440	798720	903018654607	451509327303	1354527981910	0	0.000000	
layer0.ffn.fc2	246629	267611	20982	12935	0	0	0	9194112	98560	438190448956	4697359641	442887808597	805306368	3.799923	
layer0.ffn.fc1	220173	245591	25418	14205	0	0	0	9194112	98560	361716578802	3877567078	365594145880	805306368	3.460190	
layer0.attn.proj	209204	215204	6000	3341	0	0	0	2299008	98560	383168000000	16426666666	399594666666	201326592	3.677941	
layer0.attn.res	215204	218459	3255	192	0	0	0	1597440	798592	490764976958	245343164362	736108141321	0	0.000000	
