OpName	StartCycle	EndCycle	TotalCycle	ComputeCycles	MemoryStalls	WeightLoadCycles	SystolicMemoryStalls	MemoryReads	MemoryWrites	ReadBandwidth	WriteBandwidth	TotalMemoryBandwidth	NumCalculation	NpuUtilization	
layer0.ffn.rn	214692	216552	1860	960	0	0	0	802880	798720	431655913978	429419354838	861075268817	0	0.000000	
layer0.ffn.swish	241490	242640	1150	192	0	0	0	798720	798720	694539130434	694539130434	1389078260869	0	0.000000	
layer0.ffn.res	263805	265571	1766	192	0	0	0	1597440	798720	904552661381	452276330690	1356828992072	0	0.000000	
layer0.ffn.fc2	242640	263805	21165	12681	0	0	0	9194112	98560	434401700921	4656744625	439058445546	805306368	3.876035	
layer0.ffn.fc1	216552	241490	24938	13697	0	0	0	9194112	98560	368678803432	3952201459	372631004892	805306368	3.588523	
layer0.attn.proj	206654	212140	5486	3595	0	0	0	2299008	98560	419068173532	17965730951	437033904484	201326592	3.418081	
layer0.attn.res	212140	214692	2552	192	0	0	0	1597440	798592	625956112852	312927899686	938884012539	0	0.000000	
