OpName	StartCycle	EndCycle	TotalCycle	ComputeCycles	MemoryStalls	WeightLoadCycles	SystolicMemoryStalls	MemoryReads	MemoryWrites	ReadBandwidth	WriteBandwidth	TotalMemoryBandwidth	NumCalculation	NpuUtilization	
layer0.ffn.swish	166651	167625	974	192	0	0	0	798720	798720	820041067761	820041067761	1640082135523	0	0.000000	
layer0.attn.QKVgen	192001	209204	17203	11030	0	0	0	7092864	98560	412303900482	5729233273	418033133755	603979776	3.342158	
layer0.attn.res	136369	138953	2584	192	0	0	0	1597440	798720	618204334365	309102167182	927306501547	0	0.000000	
layer0.attn.proj	130864	136369	5505	4357	0	0	0	2299008	98560	417621798365	17903723887	435525522252	201326592	2.820289	
layer0.ffn.res	188676	190465	1789	192	0	0	0	1597440	798720	892923420905	446461710452	1339385131358	0	0.000000	
layer0.ffn.fc1	141135	166651	25516	14713	0	0	0	9194112	98560	360327324031	3862674400	364189998432	805306368	3.340719	
layer0.ffn.fc2	167625	188676	21051	12935	0	0	0	9194112	98560	436754168448	4681962852	441436131300	805306368	3.799923	
layer0.attn.rn	190465	192001	1536	960	0	0	0	802880	798720	522708333333	520000000000	1042708333333	0	0.000000	
layer0.ffn.rn	138953	141135	2182	920	0	0	0	802880	798720	367956003666	366049495875	734005499541	0	0.000000	
