OpName	StartCycle	EndCycle	TotalCycle	ComputeCycles	MemoryStalls	WeightLoadCycles	SystolicMemoryStalls	MemoryReads	MemoryWrites	ReadBandwidth	WriteBandwidth	TotalMemoryBandwidth	NumCalculation	NpuUtilization	
layer0.attn.rn	17738	19251	1513	960	0	0	0	802880	798720	530654329147	527904824851	1058559153998	0	0.000000	
layer0.attn.QKVgen	19251	37620	18369	10776	0	0	0	7092864	98560	386132288094	5365561543	391497849637	603979776	3.420935	
