OpName	StartCycle	EndCycle	TotalCycle	ComputeCycles	MemoryStalls	WeightLoadCycles	SystolicMemoryStalls	MemoryReads	MemoryWrites	ReadBandwidth	WriteBandwidth	TotalMemoryBandwidth	NumCalculation	NpuUtilization	
layer0.attn.res	270967	272986	2019	192	0	0	0	1597440	798720	791203566121	395601783060	1186805349182	0	0.000000	
layer0.attn.proj	265571	270967	5396	3992	0	0	0	2299008	98560	426057820607	18265381764	444323202372	201326592	3.078156	
layer0.ffn.rn	272986	274600	1614	960	0	0	0	802880	798720	497447335811	494869888475	992317224287	0	0.000000	
layer0.ffn.res	317418	319327	1909	192	0	0	0	1597440	798720	836794133053	418397066526	1255191199580	0	0.000000	
layer0.ffn.fc2	296263	317418	21155	12427	0	0	0	9194112	98560	434607043252	4658945875	439265989127	805306368	3.955259	
layer0.ffn.fc1	274600	295173	20573	14094	0	0	0	9194112	98560	446901861663	4790745151	451692606814	805306368	3.487441	
layer0.ffn.swish	295173	296263	1090	192	0	0	0	798720	798720	732770642201	732770642201	1465541284403	0	0.000000	
