OpName	StartCycle	EndCycle	TotalCycle	ComputeCycles	MemoryStalls	WeightLoadCycles	SystolicMemoryStalls	MemoryReads	MemoryWrites	ReadBandwidth	WriteBandwidth	TotalMemoryBandwidth	NumCalculation	NpuUtilization	
layer0.ffn.swish	171189	172647	1458	192	0	0	0	798720	798720	547818930041	547818930041	1095637860082	0	0.000000	
layer0.attn.QKVgen	197308	214548	17240	11538	0	0	0	7092864	98560	411419025522	5716937354	417135962877	603979776	3.195008	
layer0.attn.res	144343	147208	2865	192	0	0	0	1597440	798720	557570680628	278785340314	836356020942	0	0.000000	
layer0.attn.proj	138915	144343	5428	4357	0	0	0	2299008	98560	423546057479	18157700810	441703758290	201326592	2.820289	
layer0.ffn.res	193721	195510	1789	192	0	0	0	1597440	798720	892923420905	446461710452	1339385131358	0	0.000000	
layer0.ffn.fc1	148957	171189	22232	14856	0	0	0	9194112	98560	413553076646	4433249370	417986326016	805306368	3.308562	
layer0.ffn.fc2	172647	193721	21074	13189	0	0	0	9194112	98560	436277498339	4676852994	440954351333	805306368	3.726742	
layer0.attn.rn	195510	197308	1798	960	0	0	0	802880	798720	446540600667	444226918798	890767519466	0	0.000000	
layer0.ffn.rn	147208	148957	1749	960	0	0	0	802880	798656	459050886220	456635791881	915686678101	0	0.000000	
