OpName	StartCycle	EndCycle	TotalCycle	ComputeCycles	MemoryStalls	WeightLoadCycles	SystolicMemoryStalls	MemoryReads	MemoryWrites	ReadBandwidth	WriteBandwidth	TotalMemoryBandwidth	NumCalculation	NpuUtilization	
layer0.ffn.fc1	64305	90426	26121	13697	0	0	0	9194112	98560	351981623980	3773209295	355754833275	805306368	3.588523	
layer0.ffn.res	112694	114612	1918	192	0	0	0	1597440	798720	832867570385	416433785192	1249301355578	0	0.000000	
layer0.attn.proj	53204	58330	5126	3341	0	0	0	2299008	98560	448499414748	19227467811	467726882559	201326592	3.677941	
layer0.ffn.swish	90426	91569	1143	192	0	0	0	798720	798720	698792650918	698792650918	1397585301837	0	0.000000	
layer0.attn.res	58330	62556	4226	192	0	0	0	1597440	798720	378002839564	189001419782	567004259346	0	0.000000	
layer0.attn.rn	114612	116522	1910	960	0	0	0	802880	798720	420356020942	418178010471	838534031413	0	0.000000	
layer0.ffn.rn	62556	64305	1749	960	0	0	0	802880	798720	459050886220	456672384219	915723270440	0	0.000000	
layer0.attn.QKVgen	116522	133334	16812	11538	0	0	0	7092864	98560	421892933618	5862479181	427755412800	603979776	3.195008	
layer0.ffn.fc2	91569	112694	21125	12427	0	0	0	9194112	98560	435224236686	4665562130	439889798816	805306368	3.955259	
