OpName	StartCycle	EndCycle	TotalCycle	ComputeCycles	MemoryStalls	WeightLoadCycles	SystolicMemoryStalls	MemoryReads	MemoryWrites	ReadBandwidth	WriteBandwidth	TotalMemoryBandwidth	NumCalculation	NpuUtilization	
layer0.attn.res	275065	276826	1761	192	0	0	0	1597440	798720	907120954003	453560477001	1360681431005	0	0.000000	
layer0.attn.proj	269380	275065	5685	4103	0	0	0	2299008	98560	404398944591	17336851363	421735795954	201326592	2.994882	
layer0.ffn.rn	276826	278536	1710	960	0	0	0	802880	798720	469520467836	467087719298	936608187134	0	0.000000	
layer0.ffn.res	322241	324379	2138	192	0	0	0	1597440	798720	747165575304	373582787652	1120748362956	0	0.000000	
layer0.ffn.fc2	300897	322241	21344	12824	0	0	0	9194112	98560	430758620689	4617691154	435376311844	805306368	3.832813	
layer0.ffn.fc1	278536	299813	21277	14205	0	0	0	9194112	98560	432115053813	4632231987	436747285801	805306368	3.460190	
layer0.ffn.swish	299813	300897	1084	192	0	0	0	798720	798720	736826568265	736826568265	1473653136531	0	0.000000	
