OpName	StartCycle	EndCycle	TotalCycle	ComputeCycles	MemoryStalls	WeightLoadCycles	SystolicMemoryStalls	MemoryReads	MemoryWrites	ReadBandwidth	WriteBandwidth	TotalMemoryBandwidth	NumCalculation	NpuUtilization	
layer0.attn.res	280861	282859	1998	192	0	0	0	1597440	798720	799519519519	399759759759	1199279279279	0	0.000000	
layer0.attn.proj	275637	280861	5224	4103	0	0	0	2299008	98560	440085758039	18866768759	458952526799	201326592	2.994882	
layer0.ffn.rn	282859	284418	1559	960	0	0	0	802880	798720	514996792815	512328415651	1027325208466	0	0.000000	
layer0.ffn.res	327553	329353	1800	192	0	0	0	1597440	798720	887466666666	443733333333	1331200000000	0	0.000000	
layer0.ffn.fc2	306154	327553	21399	13189	0	0	0	9194112	98560	429651479041	4605822701	434257301743	805306368	3.726742	
layer0.ffn.fc1	284418	305163	20745	14459	0	0	0	9194112	98560	443196529284	4751024343	447947553627	805306368	3.399405	
layer0.ffn.swish	305163	306154	991	192	0	0	0	798720	798720	805973763874	805973763874	1611947527749	0	0.000000	
