OpName	StartCycle	EndCycle	TotalCycle	ComputeCycles	MemoryStalls	WeightLoadCycles	SystolicMemoryStalls	MemoryReads	MemoryWrites	ReadBandwidth	WriteBandwidth	TotalMemoryBandwidth	NumCalculation	NpuUtilization	
layer0.ffn.fc1	62987	88674	25687	13697	0	0	0	9194112	98560	357928602016	3836960330	361765562346	805306368	3.588523	
layer0.ffn.res	110617	112377	1760	192	0	0	0	1597440	798720	907636363636	453818181818	1361454545454	0	0.000000	
layer0.attn.proj	52390	58345	5955	3341	0	0	0	2299008	98560	386063476070	16550797649	402614273719	201326592	3.677941	
layer0.ffn.swish	88674	89642	968	192	0	0	0	798720	798720	825123966942	825123966942	1650247933884	0	0.000000	
layer0.attn.res	58345	60785	2440	192	0	0	0	1597440	798720	654688524590	327344262295	982032786885	0	0.000000	
layer0.attn.rn	112377	113933	1556	960	0	0	0	802880	798720	515989717223	513316195372	1029305912596	0	0.000000	
layer0.ffn.rn	60785	62987	2202	960	0	0	0	802880	798720	364613987284	362724795640	727338782924	0	0.000000	
layer0.attn.QKVgen	113933	130864	16931	10776	0	0	0	7092864	98560	418927647510	5821274585	424748922095	603979776	3.420935	
layer0.ffn.fc2	89642	110617	20975	13951	0	0	0	9194112	98560	438336686531	4698927294	443035613825	805306368	3.523188	
