OpName	StartCycle	EndCycle	TotalCycle	ComputeCycles	MemoryStalls	WeightLoadCycles	SystolicMemoryStalls	MemoryReads	MemoryWrites	ReadBandwidth	WriteBandwidth	TotalMemoryBandwidth	NumCalculation	NpuUtilization	
layer0.ffn.swish	162059	163773	1714	192	0	0	0	798720	798720	465997666277	465997666277	931995332555	0	0.000000	
layer0.attn.QKVgen	190223	206654	16431	10887	0	0	0	7092864	98560	431675734891	5998417625	437674152516	603979776	3.386057	
layer0.attn.res	137124	139662	2538	192	0	0	0	1597440	798720	629408983451	314704491725	944113475177	0	0.000000	
layer0.attn.proj	131858	137124	5266	4357	0	0	0	2299008	98560	436575769084	18716293201	455292062286	201326592	2.820289	
layer0.ffn.res	186419	188293	1874	192	0	0	0	1597440	798720	852422625400	426211312700	1278633938100	0	0.000000	
layer0.ffn.fc1	141562	162059	20497	13332	0	0	0	9194112	98560	448558911060	4808508562	453367419622	805306368	3.686769	
layer0.ffn.fc2	163773	186419	22646	13443	0	0	0	9194112	98560	405992758102	4352203479	410344961582	805306368	3.656327	
layer0.attn.rn	188293	190223	1930	960	0	0	0	802880	798720	416000000000	413844559585	829844559585	0	0.000000	
layer0.ffn.rn	139662	141562	1900	960	0	0	0	802880	798720	422568421052	420378947368	842947368421	0	0.000000	
