OpName	StartCycle	EndCycle	TotalCycle	ComputeCycles	MemoryStalls	WeightLoadCycles	SystolicMemoryStalls	MemoryReads	MemoryWrites	ReadBandwidth	WriteBandwidth	TotalMemoryBandwidth	NumCalculation	NpuUtilization	
layer0.ffn.rn	222428	226375	3947	960	0	0	0	802880	798720	203415252090	202361287053	405776539143	0	0.000000	
layer0.ffn.swish	251375	252510	1135	192	0	0	0	798720	798720	703718061674	703718061674	1407436123348	0	0.000000	
layer0.ffn.res	273430	275637	2207	192	0	0	0	1597440	798720	723806071590	361903035795	1085709107385	0	0.000000	
layer0.ffn.fc2	252510	273430	20920	12427	0	0	0	9194112	98560	439489101338	4711281070	444200382409	805306368	3.955259	
layer0.ffn.fc1	226375	251375	25000	14967	0	0	0	9194112	98560	367764480000	3942400000	371706880000	805306368	3.284025	
layer0.attn.proj	214548	220265	5717	3341	0	0	0	2299008	98560	402135385691	17239811089	419375196781	201326592	3.677941	
layer0.attn.res	220265	222428	2163	192	0	0	0	1597440	798720	738529819694	369264909847	1107794729542	0	0.000000	
