Stage	total_cycles	pim_cycles	mem_bw_util	
A	33060	0	83.909369	
B	35570	5901	78.278043	
C	125959	4355	88.789805	
D	129949	5394	86.090745	
E	94596	4500	88.902610	
F	97517	0	86.170040	
