Stage	total_cycles	pim_cycles	mem_bw_util	
A	33060	0	83.909369	
B	36352	6300	76.634023	
C	128726	4710	86.882603	
D	131196	5751	85.283564	
E	95230	4593	88.312703	
F	99789	0	84.208117	
