Stage	total_cycles	pim_cycles	mem_bw_util	
A	33060	0	83.909369	
B	35723	6202	77.989146	
C	129406	4014	86.428180	
D	127472	5795	87.776580	
E	94677	4627	88.831435	
F	100249	0	83.821721	
