Stage	total_cycles	pim_cycles	mem_bw_util	
A	33060	0	83.909369	
B	35243	6383	79.067120	
C	129910	4653	86.096047	
D	129487	5891	86.415094	
E	95354	4552	88.205005	
F	97314	0	86.349793	
