OpName	StartCycle	EndCycle	TotalCycle	ComputeCycles	MemoryStalls	WeightLoadCycles	SystolicMemoryStalls	MemoryReads	MemoryWrites	ReadBandwidth	WriteBandwidth	TotalMemoryBandwidth	NumCalculation	NpuUtilization	
layer0.attn.res	437839	440141	2302	64	0	0	0	2105344	1052672	914571676802	457285838401	1371857515204	0	0.000000	
layer0.ffn.rn	440141	442303	2162	320	0	0	0	1069120	1052672	494505087881	486897317298	981402405180	0	0.000000	
layer0.attn.proj	424558	437839	13281	5703	0	0	0	8471104	16448	637836307506	1238460959	639074768466	268435456	2.872874	
layer0.ffn.fc2	484228	521843	37615	22129	0	0	0	33883456	16448	900796384421	437272364	901233656785	1073741824	2.961544	
layer0.ffn.swish	483876	484228	352	64	0	0	0	266240	266240	756363636363	756363636363	1512727272727	0	0.000000	
layer0.ffn.fc1	442303	483876	41573	29791	0	0	0	34672960	16448	834025930291	395641401	834421571693	1073741824	2.199859	
layer0.ffn.res	521843	524346	2503	64	0	0	0	2105344	1052672	841128246104	420564123052	1261692369157	0	0.000000	
