OpName	StartCycle	EndCycle	TotalCycle	ComputeCycles	MemoryStalls	WeightLoadCycles	SystolicMemoryStalls	MemoryReads	MemoryWrites	ReadBandwidth	WriteBandwidth	TotalMemoryBandwidth	NumCalculation	NpuUtilization	
layer0.ffn.rn	339342	341340	1998	320	0	0	0	1069120	1052672	535095095095	526862862862	1061957957957	0	0.000000	
layer0.ffn.swish	380728	381084	356	64	0	0	0	266240	266240	747865168539	747865168539	1495730337078	0	0.000000	
layer0.ffn.res	417940	420332	2392	64	0	0	0	2105344	1052672	880160535117	440080267558	1320240802675	0	0.000000	
layer0.ffn.fc1	341340	380728	39388	27759	0	0	0	34672960	16448	880292474865	417589113	880710063978	1073741824	2.360892	
layer0.attn.proj	325656	336706	11050	7116	0	0	0	8471104	16448	766615746606	1488506787	768104253393	268435456	2.302417	
layer0.ffn.fc2	381084	417940	36856	21875	0	0	0	33883456	16448	919347080529	446277403	919793357933	1073741824	2.995931	
layer0.attn.res	336706	339342	2636	64	0	0	0	2105344	1052672	798688922610	399344461305	1198033383915	0	0.000000	
