OpName	StartCycle	EndCycle	TotalCycle	ComputeCycles	MemoryStalls	WeightLoadCycles	SystolicMemoryStalls	MemoryReads	MemoryWrites	ReadBandwidth	WriteBandwidth	TotalMemoryBandwidth	NumCalculation	NpuUtilization	
layer0.ffn.fc1	84491	123859	39368	27648	0	0	0	34672960	16448	880739687055	417801259	881157488315	1073741824	2.370370	
layer0.ffn.res	159944	162587	2643	64	0	0	0	2105344	1052672	796573590616	398286795308	1194860385925	0	0.000000	
layer0.attn.res	79573	82165	2592	64	0	0	0	2105344	1052672	812246913580	406123456790	1218370370370	0	0.000000	
layer0.attn.proj	68627	79573	10946	6465	0	0	0	8471104	16448	773899506669	1502649369	775402156038	268435456	2.534261	
layer0.attn.rn	162587	165506	2919	320	0	0	0	1069120	1052672	366262418636	360627612195	726890030832	0	0.000000	
layer0.ffn.fc2	124185	159944	35759	20859	0	0	0	33883456	16448	947550434855	459968119	948010402975	1073741824	3.141857	
layer0.ffn.rn	82165	84491	2326	320	0	0	0	1069120	1052672	459638865004	452567497850	912206362854	0	0.000000	
layer0.attn.QKVgen	165506	194585	29079	22028	0	0	0	26267968	16448	903331201210	565631555	903896832765	805306368	2.231342	
layer0.ffn.swish	123859	124185	326	64	0	0	0	266240	266240	816687116564	816687116564	1633374233128	0	0.000000	
