OpName	StartCycle	EndCycle	TotalCycle	ComputeCycles	MemoryStalls	WeightLoadCycles	SystolicMemoryStalls	MemoryReads	MemoryWrites	ReadBandwidth	WriteBandwidth	TotalMemoryBandwidth	NumCalculation	NpuUtilization	
layer0.ffn.rn	340908	343426	2518	320	0	0	0	1069120	1052672	424590945194	418058776806	842649722001	0	0.000000	
layer0.ffn.swish	383456	383828	372	64	0	0	0	266240	266240	715698924731	715698924731	1431397849462	0	0.000000	
layer0.ffn.res	420764	423048	2284	64	0	0	0	2105344	1052672	921779334500	460889667250	1382669001751	0	0.000000	
layer0.ffn.fc1	343426	383456	40030	28156	0	0	0	34672960	16448	866174369223	410891831	866585261054	1073741824	2.327603	
layer0.attn.proj	327695	338744	11049	6862	0	0	0	8471104	16448	766685129876	1488641506	768173771382	268435456	2.387642	
layer0.ffn.fc2	383828	420764	36936	21875	0	0	0	33883456	16448	917355858782	445310807	917801169590	1073741824	2.995931	
layer0.attn.res	338744	340908	2164	64	0	0	0	2105344	1052672	972894639556	486447319778	1459341959334	0	0.000000	
