OpName	StartCycle	EndCycle	TotalCycle	ComputeCycles	MemoryStalls	WeightLoadCycles	SystolicMemoryStalls	MemoryReads	MemoryWrites	ReadBandwidth	WriteBandwidth	TotalMemoryBandwidth	NumCalculation	NpuUtilization	
layer0.attn.rn	33058	35066	2008	320	0	0	0	1069120	1052672	532430278884	524239043824	1056669322709	0	0.000000	
layer0.attn.QKVgen	35066	68627	33561	21885	0	0	0	26267968	16448	782693245135	490092667	783183337802	805306368	2.245922	
