OpName	StartCycle	EndCycle	TotalCycle	ComputeCycles	MemoryStalls	WeightLoadCycles	SystolicMemoryStalls	MemoryReads	MemoryWrites	ReadBandwidth	WriteBandwidth	TotalMemoryBandwidth	NumCalculation	NpuUtilization	
layer0.attn.QKVgen	297181	329329	32148	21917	0	0	0	26267968	16448	817094935921	511633694	817606569615	805306368	2.242643	
layer0.ffn.res	292236	294926	2690	64	0	0	0	2105344	1052672	782655762081	391327881040	1173983643122	0	0.000000	
layer0.attn.rn	294926	297181	2255	320	0	0	0	1069120	1052672	474110864745	466816851441	940927716186	0	0.000000	
layer0.attn.proj	198134	209321	11187	6211	0	0	0	8471104	16448	757227496200	1470278001	758697774202	268435456	2.637900	
layer0.ffn.rn	211607	214241	2634	320	0	0	0	1069120	1052672	405892179195	399647684130	805539863325	0	0.000000	
layer0.ffn.fc1	214241	254623	40382	28045	0	0	0	34672960	16448	858624139468	407310187	859031449655	1073741824	2.336816	
layer0.attn.res	209321	211607	2286	64	0	0	0	2105344	1052672	920972878390	460486439195	1381459317585	0	0.000000	
layer0.ffn.fc2	254946	292236	37290	22129	0	0	0	33883456	16448	908647251273	441083400	909088334674	1073741824	2.961544	
layer0.ffn.swish	254623	254946	323	64	0	0	0	266240	266240	824272445820	824272445820	1648544891640	0	0.000000	
