OpName	StartCycle	EndCycle	TotalCycle	ComputeCycles	MemoryStalls	WeightLoadCycles	SystolicMemoryStalls	MemoryReads	MemoryWrites	ReadBandwidth	WriteBandwidth	TotalMemoryBandwidth	NumCalculation	NpuUtilization	
layer0.attn.res	433583	436097	2514	64	0	0	0	2105344	1052672	837447891805	418723945902	1256171837708	0	0.000000	
layer0.ffn.rn	436097	437978	1881	320	0	0	0	1069120	1052672	568378522062	559634237107	1128012759170	0	0.000000	
layer0.attn.proj	420332	433583	13251	5449	0	0	0	8471104	16448	639280356199	1241264810	640521621009	268435456	3.006790	
layer0.ffn.fc2	479272	518111	38839	22637	0	0	0	33883456	16448	872408043461	423491850	872831535312	1073741824	2.895083	
layer0.ffn.swish	478911	479272	361	64	0	0	0	266240	266240	737506925207	737506925207	1475013850415	0	0.000000	
layer0.ffn.fc1	437978	478911	40933	28918	0	0	0	34672960	16448	847066181320	401827376	847468008697	1073741824	2.266270	
layer0.ffn.res	518111	520580	2469	64	0	0	0	2105344	1052672	852711219117	426355609558	1279066828675	0	0.000000	
