OpName	StartCycle	EndCycle	TotalCycle	ComputeCycles	MemoryStalls	WeightLoadCycles	SystolicMemoryStalls	MemoryReads	MemoryWrites	ReadBandwidth	WriteBandwidth	TotalMemoryBandwidth	NumCalculation	NpuUtilization	
layer0.attn.QKVgen	296069	325656	29587	22790	0	0	0	26267968	16448	887821272856	555919829	888377192685	805306368	2.156735	
layer0.ffn.res	291197	293897	2700	64	0	0	0	2105344	1052672	779757037037	389878518518	1169635555555	0	0.000000	
layer0.attn.rn	293897	296069	2172	320	0	0	0	1069120	1052672	492228360957	484655616942	976883977900	0	0.000000	
layer0.attn.proj	198185	209037	10852	6465	0	0	0	8471104	16448	780603022484	1515665315	782118687799	268435456	2.534261	
layer0.ffn.rn	211597	213887	2290	320	0	0	0	1069120	1052672	466864628820	459682096069	926546724890	0	0.000000	
layer0.ffn.fc1	213887	253761	39874	28267	0	0	0	34672960	16448	869563123840	412499373	869975623213	1073741824	2.318463	
layer0.attn.res	209037	211597	2560	64	0	0	0	2105344	1052672	822400000000	411200000000	1233600000000	0	0.000000	
layer0.ffn.fc2	254092	291197	37105	20859	0	0	0	33883456	16448	913177631047	443282576	913620913623	1073741824	3.141857	
layer0.ffn.swish	253761	254092	331	64	0	0	0	266240	266240	804350453172	804350453172	1608700906344	0	0.000000	
