OpName	StartCycle	EndCycle	TotalCycle	ComputeCycles	MemoryStalls	WeightLoadCycles	SystolicMemoryStalls	MemoryReads	MemoryWrites	ReadBandwidth	WriteBandwidth	TotalMemoryBandwidth	NumCalculation	NpuUtilization	
layer0.attn.QKVgen	293484	324533	31049	22536	0	0	0	26267968	16448	846016554478	529743308	846546297787	805306368	2.181044	
layer0.ffn.res	288468	291010	2542	64	0	0	0	2105344	1052672	828223446105	414111723052	1242335169158	0	0.000000	
layer0.attn.rn	291010	293484	2474	320	0	0	0	1069120	1052672	432142279708	425493936944	857636216653	0	0.000000	
layer0.attn.proj	194585	205739	11154	6211	0	0	0	8471104	16448	759467814237	1474627936	760942442173	268435456	2.637900	
layer0.ffn.rn	208011	210653	2642	320	0	0	0	1069120	1052672	404663133989	398437547312	803100681302	0	0.000000	
layer0.ffn.fc1	210653	250960	40307	28521	0	0	0	34672960	16448	860221797702	408068077	860629865780	1073741824	2.297816	
layer0.attn.res	205739	208011	2272	64	0	0	0	2105344	1052672	926647887323	463323943661	1389971830985	0	0.000000	
layer0.ffn.fc2	251331	288468	37137	21621	0	0	0	33883456	16448	912390769313	442900611	912833669924	1073741824	3.031127	
layer0.ffn.swish	250960	251331	371	64	0	0	0	266240	266240	717628032345	717628032345	1435256064690	0	0.000000	
