OpName	StartCycle	EndCycle	TotalCycle	ComputeCycles	MemoryStalls	WeightLoadCycles	SystolicMemoryStalls	MemoryReads	MemoryWrites	ReadBandwidth	WriteBandwidth	TotalMemoryBandwidth	NumCalculation	NpuUtilization	
layer0.attn.res	432385	435276	2891	64	0	0	0	2105344	1052672	728240747146	364120373573	1092361120719	0	0.000000	
layer0.ffn.rn	435276	437490	2214	320	0	0	0	1069120	1052672	482890695573	475461607949	958352303523	0	0.000000	
layer0.attn.proj	419128	432385	13257	6465	0	0	0	8471104	16448	638991023610	1240703024	640231726634	268435456	2.534261	
layer0.ffn.fc2	477412	514100	36688	21367	0	0	0	33883456	16448	923556912341	448320976	924005233318	1073741824	3.067160	
layer0.ffn.swish	477064	477412	348	64	0	0	0	266240	266240	765057471264	765057471264	1530114942528	0	0.000000	
layer0.ffn.fc1	437490	477064	39574	27505	0	0	0	34672960	16448	876155051296	415626421	876570677717	1073741824	2.382694	
layer0.ffn.res	514100	516644	2544	64	0	0	0	2105344	1052672	827572327044	413786163522	1241358490566	0	0.000000	
