OpName	StartCycle	EndCycle	TotalCycle	ComputeCycles	MemoryStalls	WeightLoadCycles	SystolicMemoryStalls	MemoryReads	MemoryWrites	ReadBandwidth	WriteBandwidth	TotalMemoryBandwidth	NumCalculation	NpuUtilization	
layer0.ffn.fc1	85284	126150	40866	28664	0	0	0	34672960	16448	848454950325	402486174	848857436499	1073741824	2.286352	
layer0.ffn.res	161498	163774	2276	64	0	0	0	2105344	1052672	925019332161	462509666080	1387528998242	0	0.000000	
layer0.attn.res	80622	83029	2407	64	0	0	0	2105344	1052672	874675529705	437337764852	1312013294557	0	0.000000	
layer0.attn.proj	69409	80622	11213	6973	0	0	0	8471104	16448	755471684651	1466868812	756938553464	268435456	2.349634	
layer0.attn.rn	163774	166252	2478	320	0	0	0	1069120	1052672	431444713478	424807102502	856251815980	0	0.000000	
layer0.ffn.fc2	126484	161498	35014	21875	0	0	0	33883456	16448	967711658193	469754955	968181413149	1073741824	2.995931	
layer0.ffn.rn	83029	85284	2255	320	0	0	0	1069120	1052672	474110864745	466816851441	940927716186	0	0.000000	
layer0.attn.QKVgen	166252	198134	31882	22790	0	0	0	26267968	16448	823912176149	515902390	824428078539	805306368	2.156735	
layer0.ffn.swish	126150	126484	334	64	0	0	0	266240	266240	797125748502	797125748502	1594251497005	0	0.000000	
