OpName	StartCycle	EndCycle	TotalCycle	ComputeCycles	MemoryStalls	WeightLoadCycles	SystolicMemoryStalls	MemoryReads	MemoryWrites	ReadBandwidth	WriteBandwidth	TotalMemoryBandwidth	NumCalculation	NpuUtilization	
layer0.ffn.fc1	84176	124165	39989	27759	0	0	0	34672960	16448	867062442171	411313111	867473755282	1073741824	2.360892	
layer0.ffn.res	160693	162989	2296	64	0	0	0	2105344	1052672	916961672473	458480836236	1375442508710	0	0.000000	
layer0.attn.res	79378	81875	2497	64	0	0	0	2105344	1052672	843149379255	421574689627	1264724068882	0	0.000000	
layer0.attn.proj	68780	79378	10598	7227	0	0	0	8471104	16448	799311568220	1551990941	800863559162	268435456	2.267054	
layer0.attn.rn	162989	165429	2440	320	0	0	0	1069120	1052672	438163934426	431422950819	869586885245	0	0.000000	
layer0.ffn.fc2	124515	160693	36178	21621	0	0	0	33883456	16448	936576261816	454640942	937030902758	1073741824	3.031127	
layer0.ffn.rn	81875	84176	2301	320	0	0	0	1069120	1052672	464632768361	457484571925	922117340286	0	0.000000	
layer0.attn.QKVgen	165429	198185	32756	22568	0	0	0	26267968	16448	801928440591	502137013	802430577604	805306368	2.177951	
layer0.ffn.swish	124165	124515	350	64	0	0	0	266240	266240	760685714285	760685714285	1521371428571	0	0.000000	
