OpName	StartCycle	EndCycle	TotalCycle	ComputeCycles	MemoryStalls	WeightLoadCycles	SystolicMemoryStalls	MemoryReads	MemoryWrites	ReadBandwidth	WriteBandwidth	TotalMemoryBandwidth	NumCalculation	NpuUtilization	
layer0.ffn.rn	342779	344750	1971	320	0	0	0	1069120	1052672	542425164890	534080162354	1076505327245	0	0.000000	
layer0.ffn.swish	384887	385231	344	64	0	0	0	266240	266240	773953488372	773953488372	1547906976744	0	0.000000	
layer0.ffn.res	422348	424558	2210	64	0	0	0	2105344	1052672	952644343891	476322171945	1428966515837	0	0.000000	
layer0.ffn.fc1	344750	384887	40137	27791	0	0	0	34672960	16448	863865261479	409796447	864275057926	1073741824	2.358174	
layer0.attn.proj	329329	340172	10843	6211	0	0	0	8471104	16448	781250945310	1516923360	782767868671	268435456	2.637900	
layer0.ffn.fc2	385231	422348	37117	22383	0	0	0	33883456	16448	912882398900	443139262	913325538163	1073741824	2.927936	
layer0.attn.res	340172	342779	2607	64	0	0	0	2105344	1052672	807573456079	403786728039	1211360184119	0	0.000000	
