OpName	StartCycle	EndCycle	TotalCycle	ComputeCycles	MemoryStalls	WeightLoadCycles	SystolicMemoryStalls	MemoryReads	MemoryWrites	ReadBandwidth	WriteBandwidth	TotalMemoryBandwidth	NumCalculation	NpuUtilization	
layer0.ffn.rn	338485	341142	2657	320	0	0	0	1069120	1052672	402378622506	396188182160	798566804666	0	0.000000	
layer0.ffn.swish	378947	379273	326	64	0	0	0	266240	266240	816687116564	816687116564	1633374233128	0	0.000000	
layer0.ffn.res	416567	419128	2561	64	0	0	0	2105344	1052672	822078875439	411039437719	1233118313158	0	0.000000	
layer0.ffn.fc1	341142	378947	37805	26997	0	0	0	34672960	16448	917152757571	435074725	917587832297	1073741824	2.427529	
layer0.attn.proj	324533	335956	11423	5449	0	0	0	8471104	16448	741583121771	1439901952	743023023724	268435456	3.006790	
layer0.ffn.fc2	379273	416567	37294	21875	0	0	0	33883456	16448	908549793532	441036091	908990829624	1073741824	2.995931	
layer0.attn.res	335956	338485	2529	64	0	0	0	2105344	1052672	832480822459	416240411229	1248721233689	0	0.000000	
