OpName	StartCycle	EndCycle	TotalCycle	ComputeCycles	MemoryStalls	WeightLoadCycles	SystolicMemoryStalls	MemoryReads	MemoryWrites	ReadBandwidth	WriteBandwidth	TotalMemoryBandwidth	NumCalculation	NpuUtilization	
layer0.ffn.fc1	84303	124306	40003	28807	0	0	0	34672960	16448	866758993075	411169162	867170162237	1073741824	2.275003	
layer0.ffn.res	161319	163581	2262	64	0	0	0	2105344	1052672	930744473916	465372236958	1396116710875	0	0.000000	
layer0.attn.res	79278	81850	2572	64	0	0	0	2105344	1052672	818562986003	409281493001	1227844479004	0	0.000000	
layer0.attn.proj	68300	79278	10978	6719	0	0	0	8471104	16448	771643650938	1498269265	773141920204	268435456	2.438458	
layer0.attn.rn	163581	166252	2671	320	0	0	0	1069120	1052672	400269561961	394111568700	794381130662	0	0.000000	
layer0.ffn.fc2	124661	161319	36658	21113	0	0	0	33883456	16448	924312728463	448687871	924761416334	1073741824	3.104059	
layer0.ffn.rn	81850	84303	2453	320	0	0	0	1069120	1052672	435841826335	429136567468	864978393803	0	0.000000	
layer0.attn.QKVgen	166252	198209	31957	23949	0	0	0	26267968	16448	821978533654	514691616	822493225271	805306368	2.052361	
layer0.ffn.swish	124306	124661	355	64	0	0	0	266240	266240	749971830985	749971830985	1499943661971	0	0.000000	
