OpName	StartCycle	EndCycle	TotalCycle	ComputeCycles	MemoryStalls	WeightLoadCycles	SystolicMemoryStalls	MemoryReads	MemoryWrites	ReadBandwidth	WriteBandwidth	TotalMemoryBandwidth	NumCalculation	NpuUtilization	
layer0.attn.res	436660	439227	2567	64	0	0	0	2105344	1052672	820157382158	410078691079	1230236073237	0	0.000000	
layer0.ffn.rn	439227	441744	2517	320	0	0	0	1069120	1052672	424759634485	418224870878	842984505363	0	0.000000	
layer0.attn.proj	423048	436660	13612	6973	0	0	0	8471104	16448	622326182779	1208345577	623534528357	268435456	2.349634	
layer0.ffn.fc2	481298	517868	36570	21621	0	0	0	33883456	16448	926536942849	449767569	926986710418	1073741824	3.031127	
layer0.ffn.swish	480925	481298	373	64	0	0	0	266240	266240	713780160857	713780160857	1427560321715	0	0.000000	
layer0.ffn.fc1	441744	480925	39181	27394	0	0	0	34672960	16448	884943212271	419795308	885363007580	1073741824	2.392349	
layer0.ffn.res	517868	520361	2493	64	0	0	0	2105344	1052672	844502206177	422251103088	1266753309265	0	0.000000	
