Stage	total_cycles	pim_cycles	mem_bw_util	
A	21802	0	70.830371	
B	59395	40580	28.751052	
C	95812	28692	67.044446	
D	107178	43419	60.722525	
E	76243	28630	63.998498	
F	60383	0	79.499921	
