Stage	total_cycles	pim_cycles	mem_bw_util	
A	21802	0	70.830371	
B	67483	42227	25.382967	
C	90729	28922	70.830371	
D	108545	43639	60.008234	
E	71744	28817	68.050725	
F	60816	0	78.933895	
