Stage	total_cycles	pim_cycles	mem_bw_util	
A	21802	0	70.830371	
B	61327	40640	27.815542	
C	87940	26322	72.943768	
D	108352	42624	60.044635	
E	70972	26380	68.624863	
F	58773	0	81.677705	
