Stage	total_cycles	pim_cycles	mem_bw_util	
A	21802	0	70.830371	
B	59444	39535	28.620529	
C	89208	27449	71.965589	
D	107808	40801	60.308952	
E	71792	28071	67.913295	
F	58668	0	81.823886	
