OpName	StartCycle	EndCycle	TotalCycle	ComputeCycles	MemoryStalls	WeightLoadCycles	SystolicMemoryStalls	MemoryReads	MemoryWrites	ReadBandwidth	WriteBandwidth	TotalMemoryBandwidth	NumCalculation	NpuUtilization	
layer0.attn.res	95893	99276	3383	128	0	0	0	2113536	1056768	624751995270	312375997635	937127992905	0	0.000000	
layer0.attn.QKVgen	160373	180010	19637	11649	0	0	0	13658432	32832	695545755461	1671945816	697217701278	805306368	4.219418	
layer0.ffn.rn	99276	102805	3529	640	0	0	0	1065024	1056768	301792009067	299452536129	601244545196	0	0.000000	
layer0.ffn.fc2	131715	155494	23779	12667	0	0	0	17335616	32832	729030489087	1380714075	730411203162	1073741824	5.173759	
layer0.ffn.fc1	102805	129759	26954	14713	0	0	0	17860928	32832	662644802255	1218075239	663862877494	1073741824	4.454292	
layer0.attn.rn	157923	160373	2450	640	0	0	0	1065024	1056768	434703673469	431333877551	866037551020	0	0.000000	
layer0.ffn.res	155494	157923	2429	128	0	0	0	2113536	1056768	870125977768	435062988884	1305188966652	0	0.000000	
layer0.attn.proj	89282	95893	6611	3909	0	0	0	4334144	32832	655595825139	4966268340	660562093480	268435456	4.191353	
layer0.ffn.swish	129759	131715	1956	128	0	0	0	532480	532480	272229038854	272229038854	544458077709	0	0.000000	
