OpName	StartCycle	EndCycle	TotalCycle	ComputeCycles	MemoryStalls	WeightLoadCycles	SystolicMemoryStalls	MemoryReads	MemoryWrites	ReadBandwidth	WriteBandwidth	TotalMemoryBandwidth	NumCalculation	NpuUtilization	
layer0.attn.rn	261622	263901	2279	640	0	0	0	1065024	1056768	467320754716	463698113207	931018867924	0	0.000000	
layer0.ffn.res	258997	261622	2625	128	0	0	0	2113536	1056768	805156571428	402578285714	1207734857142	0	0.000000	
layer0.ffn.fc1	194567	222524	27957	13840	0	0	0	17860928	32832	638871409664	1174374932	640045784597	1073741824	4.735260	
layer0.attn.res	183582	186487	2905	128	0	0	0	2113536	1056768	727551118760	363775559380	1091326678141	0	0.000000	
layer0.attn.QKVgen	263901	284182	20281	11792	0	0	0	13658432	32832	673459494107	1618855086	675078349193	805306368	4.168250	
layer0.ffn.swish	222524	237397	14873	128	0	0	0	532480	532480	35801788475	35801788475	71603576951	0	0.000000	
layer0.ffn.rn	186487	194567	8080	640	0	0	0	1065024	1056768	131809900990	130788118811	262598019801	0	0.000000	
layer0.attn.proj	177005	183582	6577	4671	0	0	0	4334144	32832	658984947544	4991941614	663976889159	268435456	3.507600	
layer0.ffn.fc2	237397	258997	21600	12667	0	0	0	17335616	32832	802574814814	1520000000	804094814814	1073741824	5.173759	
