OpName	StartCycle	EndCycle	TotalCycle	ComputeCycles	MemoryStalls	WeightLoadCycles	SystolicMemoryStalls	MemoryReads	MemoryWrites	ReadBandwidth	WriteBandwidth	TotalMemoryBandwidth	NumCalculation	NpuUtilization	
layer0.ffn.rn	369451	371597	2146	640	0	0	0	1065024	1056768	496283317800	492436160298	988719478098	0	0.000000	
layer0.ffn.swish	395621	396267	646	128	0	0	0	532480	532480	824272445820	824272445820	1648544891640	0	0.000000	
layer0.attn.proj	360424	366799	6375	4163	0	0	0	4334144	32832	679865725490	5150117647	685015843137	268435456	3.935623	
layer0.ffn.fc1	371597	395621	24024	14491	0	0	0	17860928	32832	743461871461	1366633366	744828504828	1073741824	4.522531	
layer0.ffn.res	418585	420806	2221	128	0	0	0	2113536	1056768	951614588023	475807294011	1427421882035	0	0.000000	
layer0.ffn.fc2	396267	418585	22318	12413	0	0	0	17335616	32832	776754906353	1471099560	778226005914	1073741824	5.279626	
layer0.attn.res	366799	369451	2652	128	0	0	0	2113536	1056768	796959276018	398479638009	1195438914027	0	0.000000	
