OpName	StartCycle	EndCycle	TotalCycle	ComputeCycles	MemoryStalls	WeightLoadCycles	SystolicMemoryStalls	MemoryReads	MemoryWrites	ReadBandwidth	WriteBandwidth	TotalMemoryBandwidth	NumCalculation	NpuUtilization	
layer0.ffn.res	347784	350387	2603	128	0	0	0	2113536	1056768	811961582789	405980791394	1217942374183	0	0.000000	
layer0.attn.res	285502	292137	6635	128	0	0	0	2113536	1056768	318543481537	159271740768	477815222305	0	0.000000	
layer0.attn.proj	279416	285502	6086	3909	0	0	0	4334144	32832	712149852119	5394676306	717544528425	268435456	4.191353	
layer0.ffn.fc1	294697	322920	28223	15507	0	0	0	17860928	32832	632850086808	1163306523	634013393331	1073741824	4.226220	
layer0.ffn.fc2	325285	347784	22499	12667	0	0	0	17335616	32832	770506066936	1459264856	771965331792	1073741824	5.173759	
layer0.ffn.swish	322920	325285	2365	128	0	0	0	532480	532480	225150105708	225150105708	450300211416	0	0.000000	
layer0.ffn.rn	292137	294697	2560	640	0	0	0	1065024	1056768	416025000000	412800000000	828825000000	0	0.000000	
