OpName	StartCycle	EndCycle	TotalCycle	ComputeCycles	MemoryStalls	WeightLoadCycles	SystolicMemoryStalls	MemoryReads	MemoryWrites	ReadBandwidth	WriteBandwidth	TotalMemoryBandwidth	NumCalculation	NpuUtilization	
layer0.ffn.rn	370102	372254	2152	640	0	0	0	1065024	1056768	494899628252	491063197026	985962825278	0	0.000000	
layer0.ffn.swish	396294	396885	591	128	0	0	0	532480	532480	900981387478	900981387478	1801962774957	0	0.000000	
layer0.attn.proj	360297	367492	7195	3655	0	0	0	4334144	32832	602382765809	4563168867	606945934676	268435456	4.482627	
layer0.ffn.fc1	372254	396294	24040	14094	0	0	0	17860928	32832	742967054908	1365723793	744332778702	1073741824	4.649922	
layer0.ffn.res	418856	421112	2256	128	0	0	0	2113536	1056768	936851063829	468425531914	1405276595744	0	0.000000	
layer0.ffn.fc2	396885	418856	21971	11651	0	0	0	17335616	32832	789022620727	1494333439	790516954166	1073741824	5.624925	
layer0.attn.res	367492	370102	2610	128	0	0	0	2113536	1056768	809783908045	404891954022	1214675862068	0	0.000000	
