OpName	StartCycle	EndCycle	TotalCycle	ComputeCycles	MemoryStalls	WeightLoadCycles	SystolicMemoryStalls	MemoryReads	MemoryWrites	ReadBandwidth	WriteBandwidth	TotalMemoryBandwidth	NumCalculation	NpuUtilization	
layer0.ffn.rn	359843	362215	2372	640	0	0	0	1065024	1056768	448998313659	445517706576	894516020236	0	0.000000	
layer0.ffn.swish	385517	386168	651	128	0	0	0	532480	532480	817941628264	817941628264	1635883256528	0	0.000000	
layer0.attn.proj	350387	357439	7052	4417	0	0	0	4334144	32832	614597844583	4655700510	619253545093	268435456	3.709305	
layer0.ffn.fc1	362215	385517	23302	14348	0	0	0	17860928	32832	766497639687	1408977770	767906617457	1073741824	4.567605	
layer0.ffn.res	406955	409159	2204	128	0	0	0	2113536	1056768	958954627949	479477313974	1438431941923	0	0.000000	
layer0.ffn.fc2	386168	406955	20787	12159	0	0	0	17335616	32832	833964304613	1579448693	835543753307	1073741824	5.389917	
layer0.attn.res	357439	359843	2404	128	0	0	0	2113536	1056768	879174708818	439587354409	1318762063227	0	0.000000	
