OpName	StartCycle	EndCycle	TotalCycle	ComputeCycles	MemoryStalls	WeightLoadCycles	SystolicMemoryStalls	MemoryReads	MemoryWrites	ReadBandwidth	WriteBandwidth	TotalMemoryBandwidth	NumCalculation	NpuUtilization	
layer0.attn.QKVgen	23343	46011	22668	10776	0	0	0	13658432	32832	602542438680	1448385389	603990824069	805306368	4.561247	
layer0.attn.rn	21800	23343	1543	640	0	0	0	1065024	1056768	690229423201	684878807517	1375108230719	0	0.000000	
