OpName	StartCycle	EndCycle	TotalCycle	ComputeCycles	MemoryStalls	WeightLoadCycles	SystolicMemoryStalls	MemoryReads	MemoryWrites	ReadBandwidth	WriteBandwidth	TotalMemoryBandwidth	NumCalculation	NpuUtilization	
layer0.attn.QKVgen	23334	44677	21343	12586	0	0	0	13658432	32832	639949023098	1538302956	641487326055	805306368	3.905292	
layer0.attn.rn	21800	23334	1534	640	0	0	0	1065024	1056768	694279009126	688897001303	1383176010430	0	0.000000	
