OpName	StartCycle	EndCycle	TotalCycle	ComputeCycles	MemoryStalls	WeightLoadCycles	SystolicMemoryStalls	MemoryReads	MemoryWrites	ReadBandwidth	WriteBandwidth	TotalMemoryBandwidth	NumCalculation	NpuUtilization	
layer0.attn.rn	266591	269286	2695	640	0	0	0	1065024	1056768	395185157699	392121706864	787306864564	0	0.000000	
layer0.ffn.res	264391	266591	2200	128	0	0	0	2113536	1056768	960698181818	480349090909	1441047272727	0	0.000000	
layer0.ffn.fc1	196788	224462	27674	14602	0	0	0	17860928	32832	645404639734	1186384331	646591024065	1073741824	4.488152	
layer0.attn.res	186367	189662	3295	128	0	0	0	2113536	1056768	641437329286	320718664643	962155993930	0	0.000000	
layer0.attn.QKVgen	269286	288554	19268	12697	0	0	0	13658432	32832	708866099231	1703965123	710570064355	805306368	3.871151	
layer0.ffn.swish	224462	240668	16206	128	0	0	0	532480	532480	32856966555	32856966555	65713933111	0	0.000000	
layer0.ffn.rn	189662	196788	7126	640	0	0	0	1065024	1056768	149456076340	148297502104	297753578445	0	0.000000	
layer0.attn.proj	180010	186367	6357	3909	0	0	0	4334144	32832	681790781815	5164700330	686955482145	268435456	4.191353	
layer0.ffn.fc2	240668	264391	23723	11397	0	0	0	17335616	32832	730751422669	1383973359	732135396029	1073741824	5.750285	
