OpName	StartCycle	EndCycle	TotalCycle	ComputeCycles	MemoryStalls	WeightLoadCycles	SystolicMemoryStalls	MemoryReads	MemoryWrites	ReadBandwidth	WriteBandwidth	TotalMemoryBandwidth	NumCalculation	NpuUtilization	
layer0.attn.QKVgen	23336	43897	20561	13094	0	0	0	13658432	32832	664288312825	1596809493	665885122318	805306368	3.753780	
layer0.attn.rn	21800	23336	1536	640	0	0	0	1065024	1056768	693375000000	688000000000	1381375000000	0	0.000000	
