OpName	StartCycle	EndCycle	TotalCycle	ComputeCycles	MemoryStalls	WeightLoadCycles	SystolicMemoryStalls	MemoryReads	MemoryWrites	ReadBandwidth	WriteBandwidth	TotalMemoryBandwidth	NumCalculation	NpuUtilization	
layer0.attn.res	87793	90891	3098	128	0	0	0	2113536	1056768	682225952227	341112976113	1023338928340	0	0.000000	
layer0.attn.QKVgen	157179	177005	19826	11649	0	0	0	13658432	32832	688915161908	1656007263	690571169171	805306368	4.219418	
layer0.ffn.rn	90891	93994	3103	640	0	0	0	1065024	1056768	343223976796	340563325813	683787302610	0	0.000000	
layer0.ffn.fc2	123976	151328	27352	13175	0	0	0	17335616	32832	633797016671	1200350979	634997367651	1073741824	4.974269	
layer0.ffn.fc1	93994	122271	28277	15761	0	0	0	17860928	32832	631641546132	1161084980	632802631113	1073741824	4.158112	
layer0.attn.rn	154598	157179	2581	640	0	0	0	1065024	1056768	412640061991	409441301820	822081363812	0	0.000000	
layer0.ffn.res	151328	154598	3270	128	0	0	0	2113536	1056768	646341284403	323170642201	969511926605	0	0.000000	
layer0.attn.proj	81194	87793	6599	4671	0	0	0	4334144	32832	656787998181	4975299287	661763297469	268435456	3.507600	
layer0.ffn.swish	122271	123976	1705	128	0	0	0	532480	532480	312304985337	312304985337	624609970674	0	0.000000	
