OpName	StartCycle	EndCycle	TotalCycle	ComputeCycles	MemoryStalls	WeightLoadCycles	SystolicMemoryStalls	MemoryReads	MemoryWrites	ReadBandwidth	WriteBandwidth	TotalMemoryBandwidth	NumCalculation	NpuUtilization	
layer0.attn.rn	254613	257273	2660	640	0	0	0	1065024	1056768	400384962406	397281203007	797666165413	0	0.000000	
layer0.ffn.res	252321	254613	2292	128	0	0	0	2113536	1056768	922136125654	461068062827	1383204188481	0	0.000000	
layer0.ffn.fc1	187392	214889	27497	14634	0	0	0	17860928	32832	649559151907	1194021165	650753173073	1073741824	4.478338	
layer0.attn.res	176974	180303	3329	128	0	0	0	2113536	1056768	634886151997	317443075998	952329227996	0	0.000000	
layer0.attn.QKVgen	257273	278257	20984	13713	0	0	0	13658432	32832	650897445672	1564620663	652462066336	805306368	3.584336	
layer0.ffn.swish	214889	230816	15927	128	0	0	0	532480	532480	33432535945	33432535945	66865071890	0	0.000000	
layer0.ffn.rn	180303	187392	7089	640	0	0	0	1065024	1056768	150236140499	149071519255	299307659754	0	0.000000	
layer0.attn.proj	170450	176974	6524	4163	0	0	0	4334144	32832	664338442673	5032495401	669370938074	268435456	3.935623	
layer0.ffn.fc2	230816	252321	21505	12159	0	0	0	17335616	32832	806120251104	1526714717	807646965821	1073741824	5.389917	
