OpName	StartCycle	EndCycle	TotalCycle	ComputeCycles	MemoryStalls	WeightLoadCycles	SystolicMemoryStalls	MemoryReads	MemoryWrites	ReadBandwidth	WriteBandwidth	TotalMemoryBandwidth	NumCalculation	NpuUtilization	
layer0.ffn.res	358070	360297	2227	128	0	0	0	2113536	1056768	949050740907	474525370453	1423576111360	0	0.000000	
layer0.attn.res	294784	301475	6691	128	0	0	0	2113536	1056768	315877447317	157938723658	473816170975	0	0.000000	
layer0.attn.proj	288554	294784	6230	4052	0	0	0	4334144	32832	695689245585	5269983948	700959229534	268435456	4.043435	
layer0.ffn.fc1	303742	331976	28234	17174	0	0	0	17860928	32832	632603527661	1162853297	633766380959	1073741824	3.816001	
layer0.ffn.fc2	335473	358070	22597	12159	0	0	0	17335616	32832	767164490861	1452936230	768617427092	1073741824	5.389917	
layer0.ffn.swish	331976	335473	3497	128	0	0	0	532480	532480	152267657992	152267657992	304535315985	0	0.000000	
layer0.ffn.rn	301475	303742	2267	640	0	0	0	1065024	1056768	469794441993	466152624614	935947066607	0	0.000000	
