OpName	StartCycle	EndCycle	TotalCycle	ComputeCycles	MemoryStalls	WeightLoadCycles	SystolicMemoryStalls	MemoryReads	MemoryWrites	ReadBandwidth	WriteBandwidth	TotalMemoryBandwidth	NumCalculation	NpuUtilization	
layer0.attn.rn	256855	258961	2106	640	0	0	0	1065024	1056768	505709401709	501789173789	1007498575498	0	0.000000	
layer0.ffn.res	254152	256855	2703	128	0	0	0	2113536	1056768	781922308546	390961154273	1172883462819	0	0.000000	
layer0.ffn.fc1	188448	215122	26674	15872	0	0	0	17860928	32832	669600659818	1230861513	670831521331	1073741824	4.129032	
layer0.attn.res	177420	180793	3373	128	0	0	0	2113536	1056768	626604209902	313302104951	939906314853	0	0.000000	
layer0.attn.QKVgen	258961	279416	20455	12554	0	0	0	13658432	32832	667730725983	1605084331	669335810315	805306368	3.915246	
layer0.ffn.swish	215122	231485	16363	128	0	0	0	532480	532480	32541709955	32541709955	65083419910	0	0.000000	
layer0.ffn.rn	180793	188448	7655	640	0	0	0	1065024	1056768	139127890267	138049379490	277177269758	0	0.000000	
layer0.attn.proj	171065	177420	6355	4306	0	0	0	4334144	32832	682005350118	5166325727	687171675845	268435456	3.804923	
layer0.ffn.fc2	231485	254152	22667	11651	0	0	0	17335616	32832	764795341244	1448449287	766243790532	1073741824	5.624925	
