OpName	StartCycle	EndCycle	TotalCycle	ComputeCycles	MemoryStalls	WeightLoadCycles	SystolicMemoryStalls	MemoryReads	MemoryWrites	ReadBandwidth	WriteBandwidth	TotalMemoryBandwidth	NumCalculation	NpuUtilization	
layer0.ffn.rn	359649	362046	2397	640	0	0	0	1065024	1056768	444315394242	440871088861	885186483103	0	0.000000	
layer0.ffn.swish	384431	385082	651	128	0	0	0	532480	532480	817941628264	817941628264	1635883256528	0	0.000000	
layer0.attn.proj	350048	356967	6919	3909	0	0	0	4334144	32832	626411909235	4745194392	631157103627	268435456	4.191353	
layer0.ffn.fc1	362046	384431	22385	14348	0	0	0	17860928	32832	797897163278	1466696448	799363859727	1073741824	4.567605	
layer0.ffn.res	406336	408715	2379	128	0	0	0	2113536	1056768	888413619167	444206809583	1332620428751	0	0.000000	
layer0.ffn.fc2	385082	406336	21254	11905	0	0	0	17335616	32832	815640161851	1544744518	817184906370	1073741824	5.504914	
layer0.attn.res	356967	359649	2682	128	0	0	0	2113536	1056768	788044742729	394022371364	1182067114093	0	0.000000	
