OpName	StartCycle	EndCycle	TotalCycle	ComputeCycles	MemoryStalls	WeightLoadCycles	SystolicMemoryStalls	MemoryReads	MemoryWrites	ReadBandwidth	WriteBandwidth	TotalMemoryBandwidth	NumCalculation	NpuUtilization	
layer0.ffn.res	347166	350048	2882	128	0	0	0	2113536	1056768	733357390700	366678695350	1100036086051	0	0.000000	
layer0.attn.res	284748	291908	7160	128	0	0	0	2113536	1056768	295186592178	147593296089	442779888268	0	0.000000	
layer0.attn.proj	278257	284748	6491	4671	0	0	0	4334144	32832	667715914342	5058080419	672773994761	268435456	3.507600	
layer0.ffn.fc1	294096	320822	26726	15983	0	0	0	17860928	32832	668297837311	1228466661	669526303973	1073741824	4.100357	
layer0.ffn.fc2	323190	347166	23976	11905	0	0	0	17335616	32832	723040373707	1369369369	724409743076	1073741824	5.504914	
layer0.ffn.swish	320822	323190	2368	128	0	0	0	532480	532480	224864864864	224864864864	449729729729	0	0.000000	
layer0.ffn.rn	291908	294096	2188	640	0	0	0	1065024	1056768	486756855575	482983546617	969740402193	0	0.000000	
