OpName	StartCycle	EndCycle	TotalCycle	ComputeCycles	MemoryStalls	WeightLoadCycles	SystolicMemoryStalls	MemoryReads	MemoryWrites	ReadBandwidth	WriteBandwidth	TotalMemoryBandwidth	NumCalculation	NpuUtilization	
layer0.attn.res	89734	92627	2893	128	0	0	0	2113536	1056768	730568959557	365284479778	1095853439336	0	0.000000	
layer0.attn.QKVgen	155770	171065	15295	11030	0	0	0	13658432	32832	892999803857	2146583850	895146387708	805306368	4.456210	
layer0.ffn.rn	92627	95583	2956	640	0	0	0	1065024	1056768	360292286874	357499323410	717791610284	0	0.000000	
layer0.ffn.fc2	124382	150307	25925	12413	0	0	0	17335616	32832	668683355834	1266422372	669949778206	1073741824	5.279626	
layer0.ffn.fc1	95583	123027	27444	14491	0	0	0	17860928	32832	650813584025	1196327066	652009911091	1073741824	4.522531	
layer0.attn.rn	153097	155770	2673	640	0	0	0	1065024	1056768	398437710437	395349046015	793786756453	0	0.000000	
layer0.ffn.res	150307	153097	2790	128	0	0	0	2113536	1056768	757539784946	378769892473	1136309677419	0	0.000000	
layer0.attn.proj	83126	89734	6608	4417	0	0	0	4334144	32832	655893462469	4968523002	660861985472	268435456	3.709305	
layer0.ffn.swish	123027	124382	1355	128	0	0	0	532480	532480	392974169741	392974169741	785948339483	0	0.000000	
