OpName	StartCycle	EndCycle	TotalCycle	ComputeCycles	MemoryStalls	WeightLoadCycles	SystolicMemoryStalls	MemoryReads	MemoryWrites	ReadBandwidth	WriteBandwidth	TotalMemoryBandwidth	NumCalculation	NpuUtilization	
layer0.attn.QKVgen	23296	47771	24475	12808	0	0	0	13658432	32832	558056465781	1341450459	559397916241	805306368	3.837601	
layer0.attn.rn	21800	23296	1496	640	0	0	0	1065024	1056768	711914438502	706395721925	1418310160427	0	0.000000	
