OpName	StartCycle	EndCycle	TotalCycle	ComputeCycles	MemoryStalls	WeightLoadCycles	SystolicMemoryStalls	MemoryReads	MemoryWrites	ReadBandwidth	WriteBandwidth	TotalMemoryBandwidth	NumCalculation	NpuUtilization	
layer0.ffn.res	354499	360014	5515	128	0	0	0	2113536	1056768	383234088848	191617044424	574851133272	0	0.000000	
layer0.attn.res	291001	296527	5526	128	0	0	0	2113536	1056768	382471226927	191235613463	573706840390	0	0.000000	
layer0.attn.proj	284182	291001	6819	3909	0	0	0	4334144	32832	635598181551	4814782226	640412963777	268435456	4.191353	
layer0.ffn.fc1	299843	325784	25941	13443	0	0	0	17860928	32832	688521182683	1265641262	689786823946	1073741824	4.875102	
layer0.ffn.fc2	327182	354499	27317	12159	0	0	0	17335616	32832	634609071274	1201888933	635810960207	1073741824	5.389917	
layer0.ffn.swish	325784	327182	1398	128	0	0	0	532480	532480	380886981402	380886981402	761773962804	0	0.000000	
layer0.ffn.rn	296527	299843	3316	640	0	0	0	1065024	1056768	321177322074	318687575392	639864897466	0	0.000000	
