OpName	StartCycle	EndCycle	TotalCycle	ComputeCycles	MemoryStalls	WeightLoadCycles	SystolicMemoryStalls	MemoryReads	MemoryWrites	ReadBandwidth	WriteBandwidth	TotalMemoryBandwidth	NumCalculation	NpuUtilization	
layer0.attn.res	87965	91411	3446	128	0	0	0	2113536	1056768	613330237957	306665118978	919995356935	0	0.000000	
layer0.attn.QKVgen	151666	170450	18784	11395	0	0	0	13658432	32832	727131175468	1747870528	728879045996	805306368	4.313471	
layer0.ffn.rn	91411	94581	3170	640	0	0	0	1065024	1056768	335969716088	333365299684	669335015772	0	0.000000	
layer0.ffn.fc2	124247	146357	22110	13429	0	0	0	17335616	32832	784062234283	1484938941	785547173224	1073741824	4.880185	
layer0.ffn.fc1	94581	122078	27497	15650	0	0	0	17860928	32832	649559151907	1194021165	650753173073	1073741824	4.187604	
layer0.attn.rn	149190	151666	2476	640	0	0	0	1065024	1056768	430138933764	426804523424	856943457189	0	0.000000	
layer0.ffn.res	146357	149190	2833	128	0	0	0	2113536	1056768	746041651959	373020825979	1119062477938	0	0.000000	
layer0.attn.proj	81243	87965	6722	4814	0	0	0	4334144	32832	644770008925	4884260636	649654269562	268435456	3.403407	
layer0.ffn.swish	122078	124247	2169	128	0	0	0	532480	532480	245495620101	245495620101	490991240202	0	0.000000	
