Stage	total_cycles	pim_cycles	mem_bw_util	
A	60556	0	61.260548	
B	72827	55339	53.398293	
C	241240	30880	63.187671	
D	254438	57341	60.339184	
E	177841	30897	64.853999	
F	175145	0	65.452732	
