Stage	total_cycles	pim_cycles	mem_bw_util	
A	60556	0	61.260548	
B	76646	56052	50.748408	
C	240124	34631	63.483008	
D	250462	58202	61.300392	
E	178594	34412	64.582762	
F	171148	0	66.981319	
