Stage	total_cycles	pim_cycles	mem_bw_util	
A	60556	0	61.260548	
B	69004	51566	56.149915	
C	240309	30189	63.385683	
D	251087	53569	61.087467	
E	174373	30334	66.079432	
F	173224	0	66.178582	
