Stage	total_cycles	pim_cycles	mem_bw_util	
A	60556	0	61.260548	
B	69930	50577	55.296904	
C	239382	30966	63.649836	
D	251551	51638	60.944376	
E	176020	33032	65.486024	
F	175047	0	65.489376	
