OpName	StartCycle	EndCycle	TotalCycle	ComputeCycles	MemoryStalls	WeightLoadCycles	SystolicMemoryStalls	MemoryReads	MemoryWrites	ReadBandwidth	WriteBandwidth	TotalMemoryBandwidth	NumCalculation	NpuUtilization	
layer0.attn.proj	369865	386392	16527	11517	0	0	0	8668288	131328	524492527379	7946269740	532438797119	1073741824	5.690371	
layer0.ffn.rn	408762	417552	8790	1280	0	0	0	4227136	4210688	480902844141	479031626848	959934470989	0	0.000000	
layer0.attn.QKVgen	565073	620951	55878	41992	0	0	0	29418112	131328	526470381903	2350263073	528820644976	3221225472	4.682035	
layer0.attn.res	386392	408762	22370	256	0	0	0	8421376	4210688	376458471166	188229235583	564687706750	0	0.000000	
layer0.ffn.res	546553	558649	12096	256	0	0	0	8421376	4210688	696211640211	348105820105	1044317460317	0	0.000000	
layer0.ffn.swish	490385	492451	2066	256	0	0	0	1064960	1064960	515469506292	515469506292	1030939012584	0	0.000000	
layer0.ffn.fc1	417552	490385	72833	52867	0	0	0	37823104	131328	519312729120	1803138687	521115867807	4294967296	4.958556	
layer0.ffn.fc2	492451	546553	54102	43099	0	0	0	34671232	131328	640849358618	2427414882	643276773501	4294967296	6.082369	
layer0.attn.rn	558649	565073	6424	1280	0	0	0	4227136	4210688	658022415940	655462017434	1313484433374	0	0.000000	
