OpName	StartCycle	EndCycle	TotalCycle	ComputeCycles	MemoryStalls	WeightLoadCycles	SystolicMemoryStalls	MemoryReads	MemoryWrites	ReadBandwidth	WriteBandwidth	TotalMemoryBandwidth	NumCalculation	NpuUtilization	
layer0.attn.res	644344	659029	14685	256	0	0	0	8421376	4210688	573467892407	286733946203	860201838610	0	0.000000	
layer0.ffn.rn	659029	666278	7249	1280	0	0	0	4227136	4210688	583133673610	580864670989	1163998344599	0	0.000000	
layer0.ffn.swish	735593	736945	1352	256	0	0	0	1064960	1064960	787692307692	787692307692	1575384615384	0	0.000000	
layer0.ffn.fc1	666278	735593	69315	52327	0	0	0	37823104	131328	545669826155	1894654836	547564480992	4294967296	5.009727	
layer0.ffn.fc2	736945	794357	57412	40051	0	0	0	34671232	131328	603902180728	2287466034	606189646763	4294967296	6.545255	
layer0.ffn.res	794357	806376	12019	256	0	0	0	8421376	4210688	700671936101	350335968050	1051007904151	0	0.000000	
layer0.attn.proj	627783	644344	16561	12533	0	0	0	8668288	131328	523415735764	7929955920	531345691685	1073741824	5.229075	
