OpName	StartCycle	EndCycle	TotalCycle	ComputeCycles	MemoryStalls	WeightLoadCycles	SystolicMemoryStalls	MemoryReads	MemoryWrites	ReadBandwidth	WriteBandwidth	TotalMemoryBandwidth	NumCalculation	NpuUtilization	
layer0.attn.res	824490	837040	12550	256	0	0	0	8421376	4210688	671025976095	335512988047	1006538964143	0	0.000000	
layer0.ffn.res	968151	977523	9372	256	0	0	0	8421376	4210688	898567648314	449283824157	1347851472471	0	0.000000	
layer0.ffn.rn	837040	844107	7067	1280	0	0	0	4227136	4210688	598151407952	595823970567	1193975378519	0	0.000000	
layer0.attn.proj	806376	824490	18114	11771	0	0	0	8668288	131328	478540797173	7250082808	485790879982	1073741824	5.567581	
layer0.ffn.fc1	844107	910213	66106	53121	0	0	0	37823104	131328	572158412246	1986627537	574145039784	4294967296	4.934847	
layer0.ffn.fc2	911584	968151	56567	42337	0	0	0	34671232	131328	612923294500	2321636289	615244930790	4294967296	6.191842	
layer0.ffn.swish	910213	911584	1371	256	0	0	0	1064960	1064960	776776075857	776776075857	1553552151714	0	0.000000	
