OpName	StartCycle	EndCycle	TotalCycle	ComputeCycles	MemoryStalls	WeightLoadCycles	SystolicMemoryStalls	MemoryReads	MemoryWrites	ReadBandwidth	WriteBandwidth	TotalMemoryBandwidth	NumCalculation	NpuUtilization	
layer0.ffn.rn	160943	169472	8529	1280	0	0	0	4227136	4210688	495619181615	493690702309	989309883925	0	0.000000	
layer0.attn.proj	130483	146926	16443	11771	0	0	0	8668288	131328	527171927263	7986863711	535158790974	1073741824	5.567581	
layer0.ffn.res	296118	307225	11107	256	0	0	0	8421376	4210688	758204375618	379102187809	1137306563428	0	0.000000	
layer0.attn.res	146926	160943	14017	256	0	0	0	8421376	4210688	600797317542	300398658771	901195976314	0	0.000000	
layer0.ffn.swish	238324	239916	1592	256	0	0	0	1064960	1064960	668944723618	668944723618	1337889447236	0	0.000000	
layer0.ffn.fc1	169472	238324	68852	51057	0	0	0	37823104	131328	549339220356	1907395573	551246615929	4294967296	5.134340	
layer0.attn.QKVgen	314657	369864	55207	42500	0	0	0	29418112	131328	532869237596	2378828771	535248066368	3221225472	4.626071	
layer0.attn.rn	307225	314657	7432	1280	0	0	0	4227136	4210688	568775026910	566561894510	1135336921420	0	0.000000	
layer0.ffn.fc2	239916	296118	56202	40305	0	0	0	34671232	131328	616903882424	2336713995	619240596420	4294967296	6.504007	
