OpName	StartCycle	EndCycle	TotalCycle	ComputeCycles	MemoryStalls	WeightLoadCycles	SystolicMemoryStalls	MemoryReads	MemoryWrites	ReadBandwidth	WriteBandwidth	TotalMemoryBandwidth	NumCalculation	NpuUtilization	
layer0.attn.res	637197	649135	11938	256	0	0	0	8421376	4210688	705426034511	352713017255	1058139051767	0	0.000000	
layer0.ffn.rn	649135	660329	11194	1280	0	0	0	4227136	4210688	377625156333	376155797748	753780954082	0	0.000000	
layer0.ffn.swish	727415	729026	1611	256	0	0	0	1064960	1064960	661055245189	661055245189	1322110490378	0	0.000000	
layer0.ffn.fc1	660329	727415	67086	51343	0	0	0	37823104	131328	563800256387	1957606654	565757863041	4294967296	5.105740	
layer0.ffn.fc2	729026	785329	56303	39178	0	0	0	34671232	131328	615797239933	2332522245	618129762179	4294967296	6.691102	
layer0.ffn.res	785329	795323	9994	256	0	0	0	8421376	4210688	842643185911	421321592955	1263964778867	0	0.000000	
layer0.attn.proj	620951	637197	16246	12533	0	0	0	8668288	131328	533564446633	8083712913	541648159546	1073741824	5.229075	
