OpName	StartCycle	EndCycle	TotalCycle	ComputeCycles	MemoryStalls	WeightLoadCycles	SystolicMemoryStalls	MemoryReads	MemoryWrites	ReadBandwidth	WriteBandwidth	TotalMemoryBandwidth	NumCalculation	NpuUtilization	
layer0.attn.proj	374619	393286	18667	10501	0	0	0	8668288	131328	464364279209	7035302941	471399582150	1073741824	6.240929	
layer0.ffn.rn	414448	422147	7699	1280	0	0	0	4227136	4210688	549050006494	546913625146	1095963631640	0	0.000000	
layer0.attn.QKVgen	574097	629056	54959	41627	0	0	0	29418112	131328	535273785913	2389563128	537663349042	3221225472	4.723088	
layer0.attn.res	393286	414448	21162	256	0	0	0	8421376	4210688	397948020035	198974010017	596922030053	0	0.000000	
layer0.ffn.res	555573	566802	11229	256	0	0	0	8421376	4210688	749966693383	374983346691	1124950040074	0	0.000000	
layer0.ffn.swish	496643	498048	1405	256	0	0	0	1064960	1064960	757978647686	757978647686	1515957295373	0	0.000000	
layer0.ffn.fc1	422147	496643	74496	52391	0	0	0	37823104	131328	507719931271	1762886597	509482817869	4294967296	5.003607	
layer0.ffn.fc2	498048	555573	57525	42083	0	0	0	34671232	131328	602715897435	2282972620	604998870056	4294967296	6.229214	
layer0.attn.rn	566802	574097	7295	1280	0	0	0	4227136	4210688	579456614119	577201919122	1156658533241	0	0.000000	
