OpName	StartCycle	EndCycle	TotalCycle	ComputeCycles	MemoryStalls	WeightLoadCycles	SystolicMemoryStalls	MemoryReads	MemoryWrites	ReadBandwidth	WriteBandwidth	TotalMemoryBandwidth	NumCalculation	NpuUtilization	
layer0.attn.proj	377322	394029	16707	12533	0	0	0	8668288	131328	518841683126	7860657209	526702340336	1073741824	5.229075	
layer0.ffn.rn	415729	423091	7362	1280	0	0	0	4227136	4210688	574183102417	571948926922	1146132029339	0	0.000000	
layer0.attn.QKVgen	572938	627783	54845	43405	0	0	0	29418112	131328	536386398030	2394530039	538780928070	3221225472	4.529616	
layer0.attn.res	394029	415729	21700	256	0	0	0	8421376	4210688	388081843317	194040921658	582122764976	0	0.000000	
layer0.ffn.res	553756	565928	12172	256	0	0	0	8421376	4210688	691864607295	345932303647	1037796910943	0	0.000000	
layer0.ffn.swish	497667	499930	2263	256	0	0	0	1064960	1064960	470596553247	470596553247	941193106495	0	0.000000	
layer0.ffn.fc1	423091	497667	74576	53375	0	0	0	37823104	131328	507175284273	1760995494	508936279768	4294967296	4.911363	
layer0.ffn.fc2	499930	553756	53826	40591	0	0	0	34671232	131328	644135399249	2439861776	646575261026	4294967296	6.458180	
layer0.attn.rn	565928	572938	7010	1280	0	0	0	4227136	4210688	603015121255	600668758915	1203683880171	0	0.000000	
