OpName	StartCycle	EndCycle	TotalCycle	ComputeCycles	MemoryStalls	WeightLoadCycles	SystolicMemoryStalls	MemoryReads	MemoryWrites	ReadBandwidth	WriteBandwidth	TotalMemoryBandwidth	NumCalculation	NpuUtilization	
layer0.attn.rn	60554	67232	6678	1280	0	0	0	4227136	4210688	632994309673	630531296795	1263525606469	0	0.000000	
layer0.attn.QKVgen	67232	129557	62325	43881	0	0	0	29418112	131328	472011423987	2107148014	474118572001	3221225472	4.480481	
