OpName	StartCycle	EndCycle	TotalCycle	ComputeCycles	MemoryStalls	WeightLoadCycles	SystolicMemoryStalls	MemoryReads	MemoryWrites	ReadBandwidth	WriteBandwidth	TotalMemoryBandwidth	NumCalculation	NpuUtilization	
layer0.attn.rn	60554	69595	9041	1280	0	0	0	4227136	4210688	467551819488	465732551708	933284371197	0	0.000000	
layer0.attn.QKVgen	69595	130483	60888	44675	0	0	0	29418112	131328	483151228485	2156878202	485308106687	3221225472	4.400851	
