OpName	StartCycle	EndCycle	TotalCycle	ComputeCycles	MemoryStalls	WeightLoadCycles	SystolicMemoryStalls	MemoryReads	MemoryWrites	ReadBandwidth	WriteBandwidth	TotalMemoryBandwidth	NumCalculation	NpuUtilization	
layer0.attn.res	645125	657467	12342	256	0	0	0	8421376	4210688	682334791767	341167395883	1023502187651	0	0.000000	
layer0.ffn.rn	657467	667150	9683	1280	0	0	0	4227136	4210688	436552308168	434853661055	871405969224	0	0.000000	
layer0.ffn.swish	738458	740061	1603	256	0	0	0	1064960	1064960	664354335620	664354335620	1328708671241	0	0.000000	
layer0.ffn.fc1	667150	738458	71308	49676	0	0	0	37823104	131328	530418802939	1841700790	532260503730	4294967296	5.277075	
layer0.ffn.fc2	740061	796510	56449	41575	0	0	0	34671232	131328	614204538610	2326489397	616531028007	4294967296	6.305328	
layer0.ffn.res	796510	806896	10386	256	0	0	0	8421376	4210688	810839206624	405419603312	1216258809936	0	0.000000	
layer0.attn.proj	629056	645125	16069	12422	0	0	0	8668288	131328	539441657850	8172754994	547614412844	1073741824	5.275801	
