OpName	StartCycle	EndCycle	TotalCycle	ComputeCycles	MemoryStalls	WeightLoadCycles	SystolicMemoryStalls	MemoryReads	MemoryWrites	ReadBandwidth	WriteBandwidth	TotalMemoryBandwidth	NumCalculation	NpuUtilization	
layer0.ffn.rn	162530	172900	10370	1280	0	0	0	4227136	4210688	407631243972	406045130183	813676374156	0	0.000000	
layer0.attn.proj	133380	150162	16782	11771	0	0	0	8668288	131328	516522941246	7825527350	524348468597	1073741824	5.567581	
layer0.ffn.res	300720	312962	12242	256	0	0	0	8421376	4210688	687908511681	343954255840	1031862767521	0	0.000000	
layer0.attn.res	150162	162530	12368	256	0	0	0	8421376	4210688	680900388098	340450194049	1021350582147	0	0.000000	
layer0.ffn.swish	242820	244398	1578	256	0	0	0	1064960	1064960	674879594423	674879594423	1349759188846	0	0.000000	
layer0.ffn.fc1	172900	242820	69920	52502	0	0	0	37823104	131328	540948283752	1878260869	542826544622	4294967296	4.993029	
layer0.attn.QKVgen	319193	374619	55426	42278	0	0	0	29418112	131328	530763757081	2369429509	533133186591	3221225472	4.650362	
layer0.attn.rn	312962	319193	6231	1280	0	0	0	4227136	4210688	678404108489	675764403787	1354168512277	0	0.000000	
layer0.ffn.fc2	244398	300720	56322	40305	0	0	0	34671232	131328	615589503213	2331735378	617921238592	4294967296	6.504007	
