OpName	StartCycle	EndCycle	TotalCycle	ComputeCycles	MemoryStalls	WeightLoadCycles	SystolicMemoryStalls	MemoryReads	MemoryWrites	ReadBandwidth	WriteBandwidth	TotalMemoryBandwidth	NumCalculation	NpuUtilization	
layer0.attn.proj	369864	386313	16449	12422	0	0	0	8668288	131328	526979634020	7983950392	534963584412	1073741824	5.275801	
layer0.ffn.rn	407573	415668	8095	1280	0	0	0	4227136	4210688	522190982087	520159110562	1042350092649	0	0.000000	
layer0.attn.QKVgen	565164	621414	56250	42103	0	0	0	29418112	131328	522988657777	2334720000	525323377777	3221225472	4.669691	
layer0.attn.res	386313	407573	21260	256	0	0	0	8421376	4210688	396113640639	198056820319	594170460959	0	0.000000	
layer0.ffn.res	546626	557007	10381	256	0	0	0	8421376	4210688	811229746652	405614873326	1216844619978	0	0.000000	
layer0.ffn.swish	489022	490648	1626	256	0	0	0	1064960	1064960	654956949569	654956949569	1309913899138	0	0.000000	
layer0.ffn.fc1	415668	489022	73354	52470	0	0	0	37823104	131328	515624287700	1790331815	517414619516	4294967296	4.996074	
layer0.ffn.fc2	490648	546626	55978	42083	0	0	0	34671232	131328	619372467755	2346064525	621718532280	4294967296	6.229214	
layer0.attn.rn	557007	565164	8157	1280	0	0	0	4227136	4210688	518221895304	516205467696	1034427363001	0	0.000000	
