OpName	StartCycle	EndCycle	TotalCycle	ComputeCycles	MemoryStalls	WeightLoadCycles	SystolicMemoryStalls	MemoryReads	MemoryWrites	ReadBandwidth	WriteBandwidth	TotalMemoryBandwidth	NumCalculation	NpuUtilization	
layer0.attn.res	637841	649324	11483	256	0	0	0	8421376	4210688	733377688757	366688844378	1100066533135	0	0.000000	
layer0.ffn.rn	649324	660998	11674	1280	0	0	0	4227136	4210688	362098338187	360689395237	722787733424	0	0.000000	
layer0.ffn.swish	728383	730295	1912	256	0	0	0	1064960	1064960	556987447698	556987447698	1113974895397	0	0.000000	
layer0.ffn.fc1	660998	728383	67385	51057	0	0	0	37823104	131328	561298567930	1948920382	563247488313	4294967296	5.134340	
layer0.ffn.fc2	730295	787028	56733	42083	0	0	0	34671232	131328	611129889129	2314843212	613444732342	4294967296	6.229214	
layer0.ffn.res	787028	797433	10405	256	0	0	0	8421376	4210688	809358577606	404679288803	1214037866410	0	0.000000	
layer0.attn.proj	621414	637841	16427	12279	0	0	0	8668288	131328	527685395994	7994642965	535680038960	1073741824	5.337242	
