OpName	StartCycle	EndCycle	TotalCycle	ComputeCycles	MemoryStalls	WeightLoadCycles	SystolicMemoryStalls	MemoryReads	MemoryWrites	ReadBandwidth	WriteBandwidth	TotalMemoryBandwidth	NumCalculation	NpuUtilization	
layer0.ffn.rn	166831	175242	8411	1280	0	0	0	4227136	4210688	502572345737	500616811318	1003189157056	0	0.000000	
layer0.attn.proj	137199	153697	16498	11517	0	0	0	8668288	131328	525414474481	7960237604	533374712086	1073741824	5.690371	
layer0.ffn.res	304124	315713	11589	256	0	0	0	8421376	4210688	726669773060	363334886530	1090004659590	0	0.000000	
layer0.attn.res	153697	166831	13134	256	0	0	0	8421376	4210688	641188975178	320594487589	961783462768	0	0.000000	
layer0.ffn.swish	245128	246677	1549	256	0	0	0	1064960	1064960	687514525500	687514525500	1375029051000	0	0.000000	
layer0.ffn.fc1	175242	245128	69886	51629	0	0	0	37823104	131328	541211458661	1879174655	543090633317	4294967296	5.077456	
layer0.attn.QKVgen	322845	377322	54477	41595	0	0	0	29418112	131328	540009765589	2410705435	542420471024	3221225472	4.726722	
layer0.attn.rn	315713	322845	7132	1280	0	0	0	4227136	4210688	592699943914	590393718452	1183093662366	0	0.000000	
layer0.ffn.fc2	246677	304124	57447	40559	0	0	0	34671232	131328	603534248959	2286072379	605820321339	4294967296	6.463276	
