OpName	StartCycle	EndCycle	TotalCycle	ComputeCycles	MemoryStalls	WeightLoadCycles	SystolicMemoryStalls	MemoryReads	MemoryWrites	ReadBandwidth	WriteBandwidth	TotalMemoryBandwidth	NumCalculation	NpuUtilization	
layer0.attn.rn	60554	68105	7551	1280	0	0	0	4227136	4210688	559811415706	557633161170	1117444576877	0	0.000000	
layer0.attn.QKVgen	68105	129934	61829	44564	0	0	0	29418112	131328	475797958886	2124051820	477922010706	3221225472	4.411812	
