OpName	StartCycle	EndCycle	TotalCycle	ComputeCycles	MemoryStalls	WeightLoadCycles	SystolicMemoryStalls	MemoryReads	MemoryWrites	ReadBandwidth	WriteBandwidth	TotalMemoryBandwidth	NumCalculation	NpuUtilization	
layer0.attn.res	826456	836412	9956	256	0	0	0	8421376	4210688	845859381277	422929690638	1268789071916	0	0.000000	
layer0.ffn.res	969958	982040	12082	256	0	0	0	8421376	4210688	697018374441	348509187220	1045527561661	0	0.000000	
layer0.ffn.rn	836412	845593	9181	1280	0	0	0	4227136	4210688	460422176233	458630650255	919052826489	0	0.000000	
layer0.attn.proj	806896	826456	19560	10755	0	0	0	8668288	131328	443164008179	6714110429	449878118609	1073741824	6.093538	
layer0.ffn.fc1	845593	911761	66168	49787	0	0	0	37823104	131328	571622294764	1984766050	573607060814	4294967296	5.265310	
layer0.ffn.fc2	913510	969958	56448	40813	0	0	0	34671232	131328	614215419501	2326530612	616541950113	4294967296	6.423051	
layer0.ffn.swish	911761	913510	1749	256	0	0	0	1064960	1064960	608896512292	608896512292	1217793024585	0	0.000000	
