OpName	StartCycle	EndCycle	TotalCycle	ComputeCycles	MemoryStalls	WeightLoadCycles	SystolicMemoryStalls	MemoryReads	MemoryWrites	ReadBandwidth	WriteBandwidth	TotalMemoryBandwidth	NumCalculation	NpuUtilization	
layer0.attn.res	815100	827231	12131	256	0	0	0	8421376	4210688	694202951116	347101475558	1041304426675	0	0.000000	
layer0.ffn.res	956443	968546	12103	256	0	0	0	8421376	4210688	695808972981	347904486490	1043713459472	0	0.000000	
layer0.ffn.rn	827231	834050	6819	1280	0	0	0	4227136	4210688	619905557999	617493474116	1237399032116	0	0.000000	
layer0.attn.proj	795323	815100	19777	9739	0	0	0	8668288	131328	438301461293	6640440916	444941902209	1073741824	6.729233	
layer0.ffn.fc1	834050	900317	66267	51708	0	0	0	37823104	131328	570768316054	1981800896	572750116951	4294967296	5.069699	
layer0.ffn.fc2	901906	956443	54537	41575	0	0	0	34671232	131328	635737792691	2408053248	638145845939	4294967296	6.305328	
layer0.ffn.swish	900317	901906	1589	256	0	0	0	1064960	1064960	670207677784	670207677784	1340415355569	0	0.000000	
