OpName	StartCycle	EndCycle	TotalCycle	ComputeCycles	MemoryStalls	WeightLoadCycles	SystolicMemoryStalls	MemoryReads	MemoryWrites	ReadBandwidth	WriteBandwidth	TotalMemoryBandwidth	NumCalculation	NpuUtilization	
layer0.attn.res	817381	829145	11764	256	0	0	0	8421376	4210688	715859911594	357929955797	1073789867392	0	0.000000	
layer0.ffn.res	960335	972479	12144	256	0	0	0	8421376	4210688	693459815546	346729907773	1040189723320	0	0.000000	
layer0.ffn.rn	829145	835881	6736	1280	0	0	0	4227136	4210688	627543942992	625102137767	1252646080760	0	0.000000	
layer0.attn.proj	797433	817381	19948	10247	0	0	0	8668288	131328	434544214958	6583517144	441127732103	1073741824	6.395628	
layer0.ffn.fc1	835881	902417	66536	51708	0	0	0	37823104	131328	568460743056	1973788625	570434531682	4294967296	5.069699	
layer0.ffn.fc2	904044	960335	56291	40559	0	0	0	34671232	131328	615928514327	2333019488	618261533815	4294967296	6.463276	
layer0.ffn.swish	902417	904044	1627	256	0	0	0	1064960	1064960	654554394591	654554394591	1309108789182	0	0.000000	
