OpName	StartCycle	EndCycle	TotalCycle	ComputeCycles	MemoryStalls	WeightLoadCycles	SystolicMemoryStalls	MemoryReads	MemoryWrites	ReadBandwidth	WriteBandwidth	TotalMemoryBandwidth	NumCalculation	NpuUtilization	
layer0.attn.rn	60554	70883	10329	1280	0	0	0	4227136	4210688	409249298092	407656888372	816906186465	0	0.000000	
layer0.attn.QKVgen	70883	129868	58985	42754	0	0	0	29418112	131328	498738865813	2226464355	500965330168	3221225472	4.598587	
