OpName	StartCycle	EndCycle	TotalCycle	ComputeCycles	MemoryStalls	WeightLoadCycles	SystolicMemoryStalls	MemoryReads	MemoryWrites	ReadBandwidth	WriteBandwidth	TotalMemoryBandwidth	NumCalculation	NpuUtilization	
layer0.ffn.rn	158783	170403	11620	1280	0	0	0	4227136	4210688	363781067125	362365576592	726146643717	0	0.000000	
layer0.attn.proj	129557	146508	16951	11263	0	0	0	8668288	131328	511373252315	7747507521	519120759837	1073741824	5.818698	
layer0.ffn.res	295969	307698	11729	256	0	0	0	8421376	4210688	717996078097	358998039048	1076994117145	0	0.000000	
layer0.attn.res	146508	158783	12275	256	0	0	0	8421376	4210688	686059144602	343029572301	1029088716904	0	0.000000	
layer0.ffn.swish	237586	238937	1351	256	0	0	0	1064960	1064960	788275351591	788275351591	1576550703182	0	0.000000	
layer0.ffn.fc1	170403	237586	67183	50803	0	0	0	37823104	131328	562986231635	1954780227	564941011863	4294967296	5.160010	
layer0.attn.QKVgen	315070	369865	54795	43294	0	0	0	29418112	131328	536875846336	2396715028	539272561365	3221225472	4.541230	
layer0.attn.rn	307698	315070	7372	1280	0	0	0	4227136	4210688	573404232230	571173087357	1144577319587	0	0.000000	
layer0.ffn.fc2	238937	295969	57032	40559	0	0	0	34671232	131328	607925936316	2302707252	610228643568	4294967296	6.463276	
