Stage	total_cycles	pim_cycles	mem_bw_util	
A	34260	0	54.375182	
B	54333	46678	36.141824	
C	140037	42436	56.046572	
D	140850	47181	56.011892	
E	105334	42281	56.825906	
F	95512	0	62.041615	
