Stage	total_cycles	pim_cycles	mem_bw_util	
A	34260	0	54.375182	
B	52618	47165	37.325511	
C	139798	42012	56.139886	
D	143083	47381	55.138844	
E	113218	41819	52.865931	
F	95534	0	62.027328	
