Stage	total_cycles	pim_cycles	mem_bw_util	
A	34260	0	54.375182	
B	55853	46227	35.140234	
C	141862	42132	55.319254	
D	141942	47803	55.573755	
E	108584	41887	55.117179	
F	96642	0	61.316185	
