Stage	total_cycles	pim_cycles	mem_bw_util	
A	34260	0	54.375182	
B	52239	45916	37.468773	
C	138026	41564	56.856543	
D	140213	45538	56.198694	
E	109729	41603	54.541814	
F	96334	0	61.512226	
