OpName	StartCycle	EndCycle	TotalCycle	ComputeCycles	MemoryStalls	WeightLoadCycles	SystolicMemoryStalls	MemoryReads	MemoryWrites	ReadBandwidth	WriteBandwidth	TotalMemoryBandwidth	NumCalculation	NpuUtilization	
layer0.attn.QKVgen	39616	73838	34222	21552	0	0	0	14709376	131328	429822219624	3837531412	433659751037	1610612736	4.561247	
layer0.attn.rn	34258	39616	5358	1280	0	0	0	2121792	2113536	396004479283	394463605823	790468085106	0	0.000000	
