OpName	StartCycle	EndCycle	TotalCycle	ComputeCycles	MemoryStalls	WeightLoadCycles	SystolicMemoryStalls	MemoryReads	MemoryWrites	ReadBandwidth	WriteBandwidth	TotalMemoryBandwidth	NumCalculation	NpuUtilization	
layer0.attn.QKVgen	38276	70523	32247	21012	0	0	0	14709376	131328	456147114460	4072564889	460219679350	1610612736	4.678469	
layer0.attn.rn	34258	38276	4018	1280	0	0	0	2121792	2113536	528071677451	526016923842	1054088601294	0	0.000000	
