OpName	StartCycle	EndCycle	TotalCycle	ComputeCycles	MemoryStalls	WeightLoadCycles	SystolicMemoryStalls	MemoryReads	MemoryWrites	ReadBandwidth	WriteBandwidth	TotalMemoryBandwidth	NumCalculation	NpuUtilization	
layer0.ffn.swish	438846	440548	1702	256	0	0	0	1064960	1064960	625710928319	625710928319	1251421856639	0	0.000000	
layer0.ffn.fc1	402885	438846	35961	25108	0	0	0	18911872	131328	525899502238	3651956285	529551458524	2147483648	5.220328	
layer0.ffn.fc2	440548	470231	29683	22397	0	0	0	17861248	131328	601733247987	4424350638	606157598625	2147483648	5.852212	
layer0.ffn.res	470231	474808	4577	256	0	0	0	4227072	2113536	923546427791	461773213895	1385319641686	0	0.000000	
layer0.ffn.rn	385411	402885	17474	1280	0	0	0	2121792	2113536	121425660982	120953187592	242378848575	0	0.000000	
layer0.attn.res	378508	385411	6903	256	0	0	0	4227072	2113536	612352890047	306176445023	918529335071	0	0.000000	
layer0.attn.proj	369475	378508	9033	7167	0	0	0	4465792	131328	494386361120	14538691464	508925052584	536870912	4.572066	
