OpName	StartCycle	EndCycle	TotalCycle	ComputeCycles	MemoryStalls	WeightLoadCycles	SystolicMemoryStalls	MemoryReads	MemoryWrites	ReadBandwidth	WriteBandwidth	TotalMemoryBandwidth	NumCalculation	NpuUtilization	
layer0.attn.rn	190380	194044	3664	1280	0	0	0	2121792	2113536	579091703056	576838427947	1155930131004	0	0.000000	
layer0.ffn.rn	102960	108330	5370	1280	0	0	0	2121792	2113536	395119553072	393582122905	788701675977	0	0.000000	
layer0.ffn.res	184516	190380	5864	256	0	0	0	4227072	2113536	720851296043	360425648021	1081276944065	0	0.000000	
layer0.attn.proj	86496	95592	9096	6405	0	0	0	4465792	131328	490962181178	14437994722	505400175901	536870912	5.116003	
layer0.attn.res	95592	102960	7368	256	0	0	0	4227072	2113536	573706840390	286853420195	860560260586	0	0.000000	
layer0.ffn.swish	150851	152378	1527	256	0	0	0	1064960	1064960	697419777341	697419777341	1394839554682	0	0.000000	
layer0.ffn.fc2	152378	184516	32138	22143	0	0	0	17861248	131328	555767253718	4086377497	559853631215	2147483648	5.919342	
layer0.ffn.fc1	108330	150851	42521	26489	0	0	0	18911872	131328	444765457068	3088544483	447854001552	2147483648	4.948167	
layer0.attn.QKVgen	194044	224521	30477	22901	0	0	0	14709376	131328	482638579912	4309085539	486947665452	1610612736	4.292564	
