OpName	StartCycle	EndCycle	TotalCycle	ComputeCycles	MemoryStalls	WeightLoadCycles	SystolicMemoryStalls	MemoryReads	MemoryWrites	ReadBandwidth	WriteBandwidth	TotalMemoryBandwidth	NumCalculation	NpuUtilization	
layer0.attn.res	492359	498696	6337	256	0	0	0	4227072	2113536	667046236389	333523118194	1000569354584	0	0.000000	
layer0.ffn.rn	498696	501452	2756	1280	0	0	0	2121792	2113536	769880986937	766885341074	1536766328011	0	0.000000	
layer0.ffn.fc1	501452	538402	36950	24854	0	0	0	18911872	131328	511823328822	3554208389	515377537212	2147483648	5.273678	
layer0.attn.proj	482495	492359	9864	6151	0	0	0	4465792	131328	452736415247	13313868613	466050283860	536870912	5.327264	
layer0.ffn.swish	538402	540105	1703	256	0	0	0	1064960	1064960	625343511450	625343511450	1250687022900	0	0.000000	
layer0.ffn.fc2	540105	573322	33217	23413	0	0	0	17861248	131328	537714062076	3953638197	541667700273	2147483648	5.598257	
layer0.ffn.res	573322	579136	5814	256	0	0	0	4227072	2113536	727050567595	363525283797	1090575851393	0	0.000000	
