OpName	StartCycle	EndCycle	TotalCycle	ComputeCycles	MemoryStalls	WeightLoadCycles	SystolicMemoryStalls	MemoryReads	MemoryWrites	ReadBandwidth	WriteBandwidth	TotalMemoryBandwidth	NumCalculation	NpuUtilization	
layer0.attn.QKVgen	38338	71541	33203	21123	0	0	0	14709376	131328	443013462638	3955305243	446968767882	1610612736	4.653884	
layer0.attn.rn	34258	38338	4080	1280	0	0	0	2121792	2113536	520047058823	518023529411	1038070588235	0	0.000000	
