OpName	StartCycle	EndCycle	TotalCycle	ComputeCycles	MemoryStalls	WeightLoadCycles	SystolicMemoryStalls	MemoryReads	MemoryWrites	ReadBandwidth	WriteBandwidth	TotalMemoryBandwidth	NumCalculation	NpuUtilization	
layer0.attn.res	485108	489493	4385	256	0	0	0	4227072	2113536	963984492588	481992246294	1445976738882	0	0.000000	
layer0.ffn.rn	489493	494780	5287	1280	0	0	0	2121792	2113536	401322489124	399760923018	801083412142	0	0.000000	
layer0.ffn.fc1	494780	531189	36409	28156	0	0	0	18911872	131328	519428492955	3607020242	523035513197	2147483648	4.655207	
layer0.attn.proj	474461	485108	10647	6151	0	0	0	4465792	131328	419441344979	12334742180	431776087160	536870912	5.327264	
layer0.ffn.swish	531189	532817	1628	256	0	0	0	1064960	1064960	654152334152	654152334152	1308304668304	0	0.000000	
layer0.ffn.fc2	532817	565239	32422	22905	0	0	0	17861248	131328	550899019184	4050582937	554949602122	2147483648	5.722419	
layer0.ffn.res	565239	570794	5555	256	0	0	0	4227072	2113536	760949054905	380474527452	1141423582358	0	0.000000	
