OpName	StartCycle	EndCycle	TotalCycle	ComputeCycles	MemoryStalls	WeightLoadCycles	SystolicMemoryStalls	MemoryReads	MemoryWrites	ReadBandwidth	WriteBandwidth	TotalMemoryBandwidth	NumCalculation	NpuUtilization	
layer0.attn.res	485846	490282	4436	256	0	0	0	4227072	2113536	952901713255	476450856627	1429352569882	0	0.000000	
layer0.ffn.rn	490282	494721	4439	1280	0	0	0	2121792	2113536	477988736201	476128857850	954117594052	0	0.000000	
layer0.ffn.fc1	494721	530959	36238	26997	0	0	0	18911872	131328	521879573927	3624041061	525503614989	2147483648	4.855058	
layer0.attn.proj	474808	485846	11038	5897	0	0	0	4465792	131328	404583439028	11897807573	416481246602	536870912	5.556724	
layer0.ffn.swish	530959	532455	1496	256	0	0	0	1064960	1064960	711871657754	711871657754	1423743315508	0	0.000000	
layer0.ffn.fc2	532455	565494	33039	22651	0	0	0	17861248	131328	540611035442	3974938708	544585974151	2147483648	5.786588	
layer0.ffn.res	565494	570319	4825	256	0	0	0	4227072	2113536	876077098445	438038549222	1314115647668	0	0.000000	
