OpName	StartCycle	EndCycle	TotalCycle	ComputeCycles	MemoryStalls	WeightLoadCycles	SystolicMemoryStalls	MemoryReads	MemoryWrites	ReadBandwidth	WriteBandwidth	TotalMemoryBandwidth	NumCalculation	NpuUtilization	
layer0.ffn.swish	446702	448347	1645	256	0	0	0	1064960	1064960	647392097264	647392097264	1294784194528	0	0.000000	
layer0.ffn.fc1	408612	446702	38090	25870	0	0	0	18911872	131328	496504909425	3447834077	499952743502	2147483648	5.066564	
layer0.ffn.fc2	448347	477718	29371	21889	0	0	0	17861248	131328	608125293657	4471349290	612596642947	2147483648	5.988031	
layer0.ffn.res	477718	482495	4777	256	0	0	0	4227072	2113536	884880050240	442440025120	1327320075361	0	0.000000	
layer0.ffn.rn	391322	408612	17290	1280	0	0	0	2121792	2113536	122717871602	122240370156	244958241758	0	0.000000	
layer0.attn.res	383072	391322	8250	256	0	0	0	4227072	2113536	512372363636	256186181818	768558545454	0	0.000000	
layer0.attn.proj	373912	383072	9160	6659	0	0	0	4465792	131328	487531877729	14337117903	501868995633	536870912	4.920859	
