OpName	StartCycle	EndCycle	TotalCycle	ComputeCycles	MemoryStalls	WeightLoadCycles	SystolicMemoryStalls	MemoryReads	MemoryWrites	ReadBandwidth	WriteBandwidth	TotalMemoryBandwidth	NumCalculation	NpuUtilization	
layer0.attn.QKVgen	38275	71962	33687	21409	0	0	0	14709376	131328	436648440051	3898477157	440546917208	1610612736	4.591714	
layer0.attn.rn	34258	38275	4017	1280	0	0	0	2121792	2113536	528203136669	526147871545	1054351008215	0	0.000000	
