OpName	StartCycle	EndCycle	TotalCycle	ComputeCycles	MemoryStalls	WeightLoadCycles	SystolicMemoryStalls	MemoryReads	MemoryWrites	ReadBandwidth	WriteBandwidth	TotalMemoryBandwidth	NumCalculation	NpuUtilization	
layer0.attn.rn	195608	200252	4644	1280	0	0	0	2121792	2113536	456888888888	455111111111	912000000000	0	0.000000	
layer0.ffn.rn	107435	114089	6654	1280	0	0	0	2121792	2113536	318874661857	317633904418	636508566275	0	0.000000	
layer0.ffn.res	190324	195608	5284	256	0	0	0	4227072	2113536	799975775927	399987887963	1199963663890	0	0.000000	
layer0.attn.proj	90110	99323	9213	6151	0	0	0	4465792	131328	484727233257	14254640182	498981873439	536870912	5.327264	
layer0.attn.res	99323	107435	8112	256	0	0	0	4227072	2113536	521088757396	260544378698	781633136094	0	0.000000	
layer0.ffn.swish	155714	157048	1334	256	0	0	0	1064960	1064960	798320839580	798320839580	1596641679160	0	0.000000	
layer0.ffn.fc2	157048	190324	33276	22905	0	0	0	17861248	131328	536760668349	3946628200	540707296550	2147483648	5.722419	
layer0.ffn.fc1	114089	155714	41625	26997	0	0	0	18911872	131328	454339267267	3155027027	457494294294	2147483648	4.855058	
layer0.attn.QKVgen	200252	231971	31719	22393	0	0	0	14709376	131328	463740218796	4140357514	467880576310	1610612736	4.389943	
