OpName	StartCycle	EndCycle	TotalCycle	ComputeCycles	MemoryStalls	WeightLoadCycles	SystolicMemoryStalls	MemoryReads	MemoryWrites	ReadBandwidth	WriteBandwidth	TotalMemoryBandwidth	NumCalculation	NpuUtilization	
layer0.attn.res	492572	496912	4340	256	0	0	0	4227072	2113536	973979723502	486989861751	1460969585253	0	0.000000	
layer0.ffn.rn	496912	502024	5112	1280	0	0	0	2121792	2113536	415061032863	413446009389	828507042253	0	0.000000	
layer0.ffn.fc1	502024	538873	36849	25759	0	0	0	18911872	131328	513226193383	3563950175	516790143558	2147483648	5.088396	
layer0.attn.proj	482971	492572	9601	6151	0	0	0	4465792	131328	465138214769	13678575148	478816789917	536870912	5.327264	
layer0.ffn.swish	538873	540384	1511	256	0	0	0	1064960	1064960	704804765056	704804765056	1409609530112	0	0.000000	
layer0.ffn.fc2	540384	572589	32205	22143	0	0	0	17861248	131328	554611023133	4077876106	558688899239	2147483648	5.919342	
layer0.ffn.res	572589	578504	5915	256	0	0	0	4227072	2113536	714636010143	357318005071	1071954015215	0	0.000000	
