OpName	StartCycle	EndCycle	TotalCycle	ComputeCycles	MemoryStalls	WeightLoadCycles	SystolicMemoryStalls	MemoryReads	MemoryWrites	ReadBandwidth	WriteBandwidth	TotalMemoryBandwidth	NumCalculation	NpuUtilization	
layer0.ffn.fc1	253673	298842	45169	26378	0	0	0	18911872	131328	418691403396	2907480794	421598884190	2147483648	4.968989	
layer0.ffn.swish	298842	300431	1589	256	0	0	0	1064960	1064960	670207677784	670207677784	1340415355569	0	0.000000	
layer0.attn.res	241176	248584	7408	256	0	0	0	4227072	2112704	570609071274	285192224622	855801295896	0	0.000000	
layer0.attn.rn	338021	342723	4702	1280	0	0	0	2121792	2113536	451253083794	449497235219	900750319013	0	0.000000	
layer0.attn.QKVgen	342723	373912	31189	22393	0	0	0	14709376	131328	471620635480	4210715316	475831350796	1610612736	4.389943	
layer0.ffn.rn	248584	253673	5089	1280	0	0	0	2121792	2113536	416936922774	415314600117	832251522892	0	0.000000	
layer0.ffn.res	332945	338021	5076	256	0	0	0	4227072	2113536	832756501182	416378250591	1249134751773	0	0.000000	
layer0.attn.proj	231971	241176	9205	6802	0	0	0	4465792	131328	485148506246	14267028788	499415535035	536870912	4.817407	
layer0.ffn.fc2	300431	332945	32514	21635	0	0	0	17861248	131328	549340222673	4039121609	553379344282	2147483648	6.058331	
