OpName	StartCycle	EndCycle	TotalCycle	ComputeCycles	MemoryStalls	WeightLoadCycles	SystolicMemoryStalls	MemoryReads	MemoryWrites	ReadBandwidth	WriteBandwidth	TotalMemoryBandwidth	NumCalculation	NpuUtilization	
layer0.ffn.fc1	248374	295655	47281	26235	0	0	0	18911872	131328	399988832723	2777606226	402766438950	2147483648	4.996074	
layer0.ffn.swish	295655	297147	1492	256	0	0	0	1064960	1064960	713780160857	713780160857	1427560321715	0	0.000000	
layer0.attn.res	235884	242730	6846	256	0	0	0	4227072	2111232	617451358457	308389132340	925840490797	0	0.000000	
layer0.attn.rn	334702	338533	3831	1280	0	0	0	2121792	2113536	553848081440	551693030540	1105541111981	0	0.000000	
layer0.attn.QKVgen	338533	369754	31221	23044	0	0	0	14709376	131328	471137247365	4206399538	475343646904	1610612736	4.265926	
layer0.ffn.rn	242730	248374	5644	1280	0	0	0	2121792	2113536	375937632884	374474840538	750412473423	0	0.000000	
layer0.ffn.res	328911	334702	5791	256	0	0	0	4227072	2113536	729938179934	364969089967	1094907269901	0	0.000000	
layer0.attn.proj	226672	235884	9212	6913	0	0	0	4465792	131328	484779852366	14256187581	499036039947	536870912	4.740055	
layer0.ffn.fc2	297147	328911	31764	23667	0	0	0	17861248	131328	562311043949	4134491877	566445535826	2147483648	5.538176	
