OpName	StartCycle	EndCycle	TotalCycle	ComputeCycles	MemoryStalls	WeightLoadCycles	SystolicMemoryStalls	MemoryReads	MemoryWrites	ReadBandwidth	WriteBandwidth	TotalMemoryBandwidth	NumCalculation	NpuUtilization	
layer0.ffn.swish	442285	443897	1612	256	0	0	0	1064960	1064960	660645161290	660645161290	1321290322580	0	0.000000	
layer0.ffn.fc1	403929	442285	38356	26886	0	0	0	18911872	131328	493061633121	3423923245	496485556366	2147483648	4.875102	
layer0.ffn.fc2	443897	477168	33271	23159	0	0	0	17861248	131328	536841333293	3947221303	540788554597	2147483648	5.659657	
layer0.ffn.res	477168	482971	5803	256	0	0	0	4227072	2113536	728428743753	364214371876	1092643115629	0	0.000000	
layer0.ffn.rn	386713	403929	17216	1280	0	0	0	2121792	2113536	123245353159	122765799256	246011152416	0	0.000000	
layer0.attn.res	378802	386713	7911	256	0	0	0	4227072	2113536	534328403488	267164201744	801492605233	0	0.000000	
layer0.attn.proj	369754	378802	9048	5897	0	0	0	4465792	131328	493566755083	14514588859	508081343943	536870912	5.556724	
