OpName	StartCycle	EndCycle	TotalCycle	ComputeCycles	MemoryStalls	WeightLoadCycles	SystolicMemoryStalls	MemoryReads	MemoryWrites	ReadBandwidth	WriteBandwidth	TotalMemoryBandwidth	NumCalculation	NpuUtilization	
layer0.ffn.swish	435891	437766	1875	256	0	0	0	1064960	1064960	567978666666	567978666666	1135957333333	0	0.000000	
layer0.ffn.fc1	398073	435891	37818	25870	0	0	0	18911872	131328	500075942672	3472632079	503548574752	2147483648	5.066564	
layer0.ffn.fc2	437766	469245	31479	21889	0	0	0	17861248	131328	567402014041	4171924139	571573938181	2147483648	5.988031	
layer0.ffn.res	469245	474461	5216	256	0	0	0	4227072	2113536	810404907975	405202453987	1215607361963	0	0.000000	
layer0.ffn.rn	381108	398073	16965	1280	0	0	0	2121792	2113536	125068788682	124582139699	249650928381	0	0.000000	
layer0.attn.res	373779	381108	7329	256	0	0	0	4227072	2113536	576759721653	288379860826	865139582480	0	0.000000	
layer0.attn.proj	364733	373779	9046	6405	0	0	0	4465792	131328	493675878841	14517797921	508193676763	536870912	5.116003	
