OpName	StartCycle	EndCycle	TotalCycle	ComputeCycles	MemoryStalls	WeightLoadCycles	SystolicMemoryStalls	MemoryReads	MemoryWrites	ReadBandwidth	WriteBandwidth	TotalMemoryBandwidth	NumCalculation	NpuUtilization	
layer0.ffn.fc1	244778	290581	45803	27140	0	0	0	18911872	131328	412895923847	2867235770	415763159618	2147483648	4.829477	
layer0.ffn.swish	290581	292349	1768	256	0	0	0	1064960	1064960	602352941176	602352941176	1204705882352	0	0.000000	
layer0.attn.res	233539	238876	5337	256	0	0	0	4194304	2113536	785891699456	396015739179	1181907438635	0	0.000000	
layer0.attn.rn	329605	333715	4110	1280	0	0	0	2121792	2113536	516251094890	514242335766	1030493430656	0	0.000000	
layer0.attn.QKVgen	333715	364733	31018	20615	0	0	0	14709376	131328	474220646076	4233928686	478454574763	1610612736	4.768567	
layer0.ffn.rn	238876	244778	5902	1280	0	0	0	2121792	2113536	359503896984	358105049135	717608946119	0	0.000000	
layer0.ffn.res	324365	329605	5240	256	0	0	0	4227072	2113536	806693129770	403346564885	1210039694656	0	0.000000	
layer0.attn.proj	224521	233539	9018	6405	0	0	0	4465792	131328	495208693723	14562874251	509771567975	536870912	5.116003	
layer0.ffn.fc2	292349	324365	32016	22397	0	0	0	17861248	131328	557885057471	4101949025	561987006496	2147483648	5.852212	
