OpName	StartCycle	EndCycle	TotalCycle	ComputeCycles	MemoryStalls	WeightLoadCycles	SystolicMemoryStalls	MemoryReads	MemoryWrites	ReadBandwidth	WriteBandwidth	TotalMemoryBandwidth	NumCalculation	NpuUtilization	
layer0.attn.rn	194339	197547	3208	1280	0	0	0	2121792	2113536	661406483790	658832917705	1320239401496	0	0.000000	
layer0.ffn.rn	106431	113987	7556	1280	0	0	0	2121792	2113536	280808893594	279716251985	560525145579	0	0.000000	
layer0.ffn.res	188070	194339	6269	256	0	0	0	4227072	2113536	674281703620	337140851810	1011422555431	0	0.000000	
layer0.attn.proj	88590	97866	9276	6405	0	0	0	4465792	131328	481435101336	14157826649	495592927986	536870912	5.116003	
layer0.attn.res	97866	106431	8565	256	0	0	0	4227072	2113536	493528546409	246764273204	740292819614	0	0.000000	
layer0.ffn.swish	154384	155989	1605	256	0	0	0	1064960	1064960	663526479750	663526479750	1327052959501	0	0.000000	
layer0.ffn.fc2	155989	188070	32081	22651	0	0	0	17861248	131328	556754714628	4093637978	560848352607	2147483648	5.786588	
layer0.ffn.fc1	113987	154384	40397	26632	0	0	0	18911872	131328	468150407208	3250934475	471401341683	2147483648	4.921598	
layer0.attn.QKVgen	197547	228626	31079	21266	0	0	0	14709376	131328	473289874191	4225618584	477515492776	1610612736	4.622590	
