OpName	StartCycle	EndCycle	TotalCycle	ComputeCycles	MemoryStalls	WeightLoadCycles	SystolicMemoryStalls	MemoryReads	MemoryWrites	ReadBandwidth	WriteBandwidth	TotalMemoryBandwidth	NumCalculation	NpuUtilization	
layer0.ffn.fc1	251113	295663	44550	27251	0	0	0	18911872	131328	424508911335	2947878787	427456790123	2147483648	4.809805	
layer0.ffn.swish	295663	297093	1430	256	0	0	0	1064960	1064960	744727272727	744727272727	1489454545454	0	0.000000	
layer0.attn.res	237720	246497	8777	256	0	0	0	4227072	2113344	481607838669	240782043978	722389882647	0	0.000000	
layer0.attn.rn	334637	338480	3843	1280	0	0	0	2121792	2113536	552118657298	549970335675	1102088992974	0	0.000000	
layer0.attn.QKVgen	338480	369475	30995	22901	0	0	0	14709376	131328	474572543958	4237070495	478809614453	1610612736	4.292564	
layer0.ffn.rn	246497	251113	4616	1256	0	0	0	2121792	2113472	459660311958	457857885615	917518197573	0	0.000000	
layer0.ffn.res	328867	334637	5770	256	0	0	0	4227072	2113536	732594800693	366297400346	1098892201039	0	0.000000	
layer0.attn.proj	228626	237720	9094	6405	0	0	0	4465792	131328	491070156146	14441170002	505511326149	536870912	5.116003	
layer0.ffn.fc2	297093	328867	31774	22905	0	0	0	17861248	131328	562134071882	4133190659	566267262541	2147483648	5.722419	
