OpName	StartCycle	EndCycle	TotalCycle	ComputeCycles	MemoryStalls	WeightLoadCycles	SystolicMemoryStalls	MemoryReads	MemoryWrites	ReadBandwidth	WriteBandwidth	TotalMemoryBandwidth	NumCalculation	NpuUtilization	
layer0.attn.rn	190634	196111	5477	1280	0	0	0	2121792	2113536	387400401679	385893007120	773293408800	0	0.000000	
layer0.ffn.rn	103986	109190	5204	1280	0	0	0	2121792	2113536	407723289777	406136817832	813860107609	0	0.000000	
layer0.ffn.res	186004	190634	4630	256	0	0	0	4227072	2113536	912974514038	456487257019	1369461771058	0	0.000000	
layer0.attn.proj	86875	96779	9904	6151	0	0	0	4465792	131328	450907915993	13260096930	464168012924	536870912	5.327264	
layer0.attn.res	96779	103986	7207	256	0	0	0	4227072	2113536	586523102539	293261551269	879784653808	0	0.000000	
layer0.ffn.swish	151842	153472	1630	256	0	0	0	1064960	1064960	653349693251	653349693251	1306699386503	0	0.000000	
layer0.ffn.fc2	153472	186004	32532	23413	0	0	0	17861248	131328	549036271978	4036886757	553073158736	2147483648	5.598257	
layer0.ffn.fc1	109190	151842	42652	25981	0	0	0	18911872	131328	443399418550	3079058426	446478476976	2147483648	5.044917	
layer0.attn.QKVgen	196111	226672	30561	21885	0	0	0	14709376	131328	481311998952	4297241582	485609240535	1610612736	4.491844	
