Stage	total_cycles	pim_cycles	mem_bw_util	
A	20238	0	64.741761	
B	17800	5253	74.206812	
C	70853	4861	74.657036	
D	67204	5683	78.747359	
E	48611	5169	81.862773	
F	53379	0	74.397118	
