Stage	total_cycles	pim_cycles	mem_bw_util	
A	20238	0	64.741761	
B	20332	5798	65.017583	
C	69244	5138	76.388297	
D	66605	5280	79.471230	
E	49167	4793	80.932078	
F	50215	0	79.084810	
