Stage	total_cycles	pim_cycles	mem_bw_util	
A	20238	0	64.741761	
B	20417	5408	64.704658	
C	70973	5081	74.523322	
D	68205	5128	77.595026	
E	50130	4739	79.371883	
F	51290	0	77.427252	
