Stage	total_cycles	pim_cycles	mem_bw_util	
A	20238	0	64.741761	
B	19889	5492	66.482101	
C	69941	4797	75.624544	
D	69863	5451	75.769810	
E	50844	5170	78.258988	
F	51899	0	76.518695	
