OpName	StartCycle	EndCycle	TotalCycle	ComputeCycles	MemoryStalls	WeightLoadCycles	SystolicMemoryStalls	MemoryReads	MemoryWrites	ReadBandwidth	WriteBandwidth	TotalMemoryBandwidth	NumCalculation	NpuUtilization	
layer0.attn.QKVgen	93610	111624	18014	10919	0	0	0	12872000	8256	714555345842	458310203	715013656045	201326592	1.125378	
layer0.ffn.fc1	49534	71378	21844	13189	0	0	0	17074496	8256	781656106940	377952755	782034059696	268435456	1.242247	
layer0.ffn.swish	71378	71557	179	32	0	0	0	133120	133120	743687150837	743687150837	1487374301675	0	0.000000	
layer0.attn.rn	93056	93610	554	160	0	0	0	272448	264192	491783393501	476880866425	968664259927	0	0.000000	
layer0.ffn.res	92426	93056	630	32	0	0	0	528384	264192	838704761904	419352380952	1258057142857	0	0.000000	
layer0.ffn.rn	48697	49534	837	160	0	0	0	272448	264192	325505376344	315641577060	641146953405	0	0.000000	
layer0.attn.res	48128	48697	569	32	0	0	0	528384	264192	928618629173	464309314586	1392927943760	0	0.000000	
layer0.ffn.fc2	71557	92426	20869	11143	0	0	0	16942400	8256	811845320810	395610714	812240931525	268435456	1.470340	
layer0.attn.proj	40652	48128	7476	4163	0	0	0	4235840	8256	566591760299	1104333868	567696094168	67108864	0.983906	
