OpName	StartCycle	EndCycle	TotalCycle	ComputeCycles	MemoryStalls	WeightLoadCycles	SystolicMemoryStalls	MemoryReads	MemoryWrites	ReadBandwidth	WriteBandwidth	TotalMemoryBandwidth	NumCalculation	NpuUtilization	
layer0.attn.QKVgen	20830	40652	19822	11395	0	0	0	12872000	8256	649379477348	416506911	649795984259	201326592	1.078368	
layer0.attn.rn	20236	20830	594	160	0	0	0	272448	263936	458666666666	444336700336	903003367003	0	0.000000	
