OpName	StartCycle	EndCycle	TotalCycle	ComputeCycles	MemoryStalls	WeightLoadCycles	SystolicMemoryStalls	MemoryReads	MemoryWrites	ReadBandwidth	WriteBandwidth	TotalMemoryBandwidth	NumCalculation	NpuUtilization	
layer0.attn.proj	109810	117176	7366	3909	0	0	0	4235840	8256	575052945967	1120825414	576173771382	67108864	1.047838	
layer0.ffn.swish	139687	139870	183	32	0	0	0	133120	133120	727431693989	727431693989	1454863387978	0	0.000000	
layer0.ffn.res	160259	160836	577	32	0	0	0	528384	264192	915743500866	457871750433	1373615251299	0	0.000000	
layer0.attn.rn	160836	161451	615	160	0	0	0	272448	264192	443004878048	429580487804	872585365853	0	0.000000	
layer0.ffn.rn	117798	118317	519	160	0	0	0	272448	264192	524947976878	509040462427	1033988439306	0	0.000000	
layer0.ffn.fc2	139870	160259	20389	10889	0	0	0	16942400	8256	830957869439	404924223	831362793663	268435456	1.504638	
layer0.attn.QKVgen	161451	176414	14963	11141	0	0	0	12872000	8256	860255296397	551761010	860807057408	201326592	1.102953	
layer0.ffn.fc1	118317	139687	21370	13443	0	0	0	17074496	8256	798993729527	386335985	799380065512	268435456	1.218776	
layer0.attn.res	117176	117798	622	32	0	0	0	528384	264192	849491961414	424745980707	1274237942122	0	0.000000	
