OpName	StartCycle	EndCycle	TotalCycle	ComputeCycles	MemoryStalls	WeightLoadCycles	SystolicMemoryStalls	MemoryReads	MemoryWrites	ReadBandwidth	WriteBandwidth	TotalMemoryBandwidth	NumCalculation	NpuUtilization	
layer0.attn.QKVgen	90964	108887	17923	10887	0	0	0	12872000	8256	718183339842	460637170	718643977012	201326592	1.128686	
layer0.ffn.fc1	45824	67844	22020	12935	0	0	0	17074496	8256	775408537693	374931880	775783469573	268435456	1.266641	
layer0.ffn.swish	67844	68024	180	32	0	0	0	133120	133120	739555555555	739555555555	1479111111111	0	0.000000	
layer0.attn.rn	90405	90964	559	160	0	0	0	272448	264192	487384615384	472615384615	960000000000	0	0.000000	
layer0.ffn.res	89506	90405	899	32	0	0	0	528384	264192	587746384872	293873192436	881619577308	0	0.000000	
layer0.ffn.rn	45325	45824	499	160	0	0	0	272448	264192	545987975951	529442885771	1075430861723	0	0.000000	
layer0.attn.res	44675	45325	650	32	0	0	0	528384	264192	812898461538	406449230769	1219347692307	0	0.000000	
layer0.ffn.fc2	68024	89506	21482	11143	0	0	0	16942400	8256	788678893957	384321757	789063215715	268435456	1.470340	
layer0.attn.proj	38035	44675	6640	4163	0	0	0	4235840	8256	637927710843	1243373493	639171084337	67108864	0.983906	
