OpName	StartCycle	EndCycle	TotalCycle	ComputeCycles	MemoryStalls	WeightLoadCycles	SystolicMemoryStalls	MemoryReads	MemoryWrites	ReadBandwidth	WriteBandwidth	TotalMemoryBandwidth	NumCalculation	NpuUtilization	
layer0.ffn.swish	210926	211106	180	32	0	0	0	133120	133120	739555555555	739555555555	1479111111111	0	0.000000	
layer0.ffn.rn	187805	188349	544	160	0	0	0	272448	264192	500823529411	485647058823	986470588235	0	0.000000	
layer0.ffn.fc2	211106	229377	18271	11794	0	0	0	16942400	8256	927283673581	451863608	927735537190	268435456	1.389181	
layer0.ffn.fc1	188349	210926	22577	13078	0	0	0	17074496	8256	756278336360	365681888	756644018248	268435456	1.252791	
layer0.attn.res	186933	187805	872	32	0	0	0	528384	264192	605944954128	302972477064	908917431192	0	0.000000	
layer0.ffn.res	229377	229957	580	32	0	0	0	528384	264192	911006896551	455503448275	1366510344827	0	0.000000	
layer0.attn.proj	179828	186933	7105	3909	0	0	0	4235840	8256	596177339901	1161998592	597339338494	67108864	1.047838	
