OpName	StartCycle	EndCycle	TotalCycle	ComputeCycles	MemoryStalls	WeightLoadCycles	SystolicMemoryStalls	MemoryReads	MemoryWrites	ReadBandwidth	WriteBandwidth	TotalMemoryBandwidth	NumCalculation	NpuUtilization	
layer0.attn.proj	108887	115958	7071	3798	0	0	0	4235840	8256	599043982463	1167585914	600211568377	67108864	1.078462	
layer0.ffn.swish	138188	138368	180	32	0	0	0	133120	133120	739555555555	739555555555	1479111111111	0	0.000000	
layer0.ffn.res	156791	157372	581	32	0	0	0	528384	264192	909438898450	454719449225	1364158347676	0	0.000000	
layer0.attn.rn	157372	157985	613	160	0	0	0	272448	264192	444450244698	430982055464	875432300163	0	0.000000	
layer0.ffn.rn	116563	117069	506	160	0	0	0	272448	264192	538434782608	522118577075	1060553359683	0	0.000000	
layer0.ffn.fc2	138368	156791	18423	12048	0	0	0	16942400	8256	919633067361	448135482	920081202844	268435456	1.359894	
layer0.attn.QKVgen	157985	176090	18105	10919	0	0	0	12872000	8256	710963822148	456006628	711419828776	201326592	1.125378	
layer0.ffn.fc1	117069	138188	21119	14205	0	0	0	17074496	8256	808489795918	390927600	808880723519	268435456	1.153397	
layer0.attn.res	115958	116563	605	32	0	0	0	528384	264192	873361983471	436680991735	1310042975206	0	0.000000	
