OpName	StartCycle	EndCycle	TotalCycle	ComputeCycles	MemoryStalls	WeightLoadCycles	SystolicMemoryStalls	MemoryReads	MemoryWrites	ReadBandwidth	WriteBandwidth	TotalMemoryBandwidth	NumCalculation	NpuUtilization	
layer0.attn.proj	110064	115987	5923	3401	0	0	0	4235840	8256	715151105858	1393888232	716544994090	67108864	1.204352	
layer0.ffn.swish	140378	140883	505	32	0	0	0	133120	133120	263603960396	263603960396	527207920792	0	0.000000	
layer0.ffn.res	158922	159495	573	32	0	0	0	528384	264192	922136125654	461068062827	1383204188481	0	0.000000	
layer0.attn.rn	159495	160423	928	160	0	0	0	272448	264192	293586206896	284689655172	578275862068	0	0.000000	
layer0.ffn.rn	117947	118770	823	160	0	0	0	272448	264192	331042527339	321010935601	652053462940	0	0.000000	
layer0.ffn.fc2	140883	158922	18039	12159	0	0	0	16942400	8256	939209490548	457675037	939667165585	268435456	1.347479	
layer0.attn.QKVgen	160423	179926	19503	10887	0	0	0	12872000	8256	660001025483	423319489	660424344972	201326592	1.128686	
layer0.ffn.fc1	118770	140378	21608	13189	0	0	0	17074496	8256	790193261754	382080710	790575342465	268435456	1.242247	
layer0.attn.res	115987	117947	1960	32	0	0	0	528384	264192	269583673469	134791836734	404375510204	0	0.000000	
