OpName	StartCycle	EndCycle	TotalCycle	ComputeCycles	MemoryStalls	WeightLoadCycles	SystolicMemoryStalls	MemoryReads	MemoryWrites	ReadBandwidth	WriteBandwidth	TotalMemoryBandwidth	NumCalculation	NpuUtilization	
layer0.ffn.fc2	261738	282086	20348	11651	0	0	0	16942400	8256	832632199724	405740121	833037939846	268435456	1.406231	
layer0.attn.res	237103	237694	591	32	0	0	0	528384	264192	894050761421	447025380710	1341076142131	0	0.000000	
layer0.ffn.fc1	238534	261428	22894	13189	0	0	0	17074496	8256	745806586878	360618502	746167205381	268435456	1.242247	
layer0.ffn.rn	237694	238534	840	160	0	0	0	272448	264192	324342857142	314514285714	638857142857	0	0.000000	
layer0.attn.proj	230769	237103	6334	3401	0	0	0	4235840	8256	668746447742	1303441742	670049889485	67108864	1.204352	
layer0.ffn.swish	261428	261738	310	32	0	0	0	133120	133120	429419354838	429419354838	858838709677	0	0.000000	
layer0.ffn.res	282086	282667	581	32	0	0	0	528384	264192	909438898450	454719449225	1364158347676	0	0.000000	
