OpName	StartCycle	EndCycle	TotalCycle	ComputeCycles	MemoryStalls	WeightLoadCycles	SystolicMemoryStalls	MemoryReads	MemoryWrites	ReadBandwidth	WriteBandwidth	TotalMemoryBandwidth	NumCalculation	NpuUtilization	
layer0.ffn.fc2	255413	275081	19668	12159	0	0	0	16942400	8256	861419564775	419768151	861839332926	268435456	1.347479	
layer0.attn.res	231803	232506	703	32	0	0	0	528384	264192	751613086770	375806543385	1127419630156	0	0.000000	
layer0.ffn.fc1	232967	255233	22266	13951	0	0	0	17074496	8256	766841641965	370789544	767212431509	268435456	1.174396	
layer0.ffn.rn	232506	232967	461	160	0	0	0	272448	264192	590993492407	573084598698	1164078091106	0	0.000000	
layer0.attn.proj	225580	231803	6223	3401	0	0	0	4235840	8256	680674915635	1326691306	682001606941	67108864	1.204352	
layer0.ffn.swish	255233	255413	180	32	0	0	0	133120	133120	739555555555	739555555555	1479111111111	0	0.000000	
layer0.ffn.res	275081	275794	713	32	0	0	0	528384	264192	741071528751	370535764375	1111607293127	0	0.000000	
