OpName	StartCycle	EndCycle	TotalCycle	ComputeCycles	MemoryStalls	WeightLoadCycles	SystolicMemoryStalls	MemoryReads	MemoryWrites	ReadBandwidth	WriteBandwidth	TotalMemoryBandwidth	NumCalculation	NpuUtilization	
layer0.attn.QKVgen	20835	38035	17200	11903	0	0	0	12872000	8256	748372093023	480000000	748852093023	201326592	1.032345	
layer0.attn.rn	20236	20835	599	160	0	0	0	272448	264128	454838063439	440948247078	895786310517	0	0.000000	
