OpName	StartCycle	EndCycle	TotalCycle	ComputeCycles	MemoryStalls	WeightLoadCycles	SystolicMemoryStalls	MemoryReads	MemoryWrites	ReadBandwidth	WriteBandwidth	TotalMemoryBandwidth	NumCalculation	NpuUtilization	
layer0.ffn.fc2	259984	280657	20673	11397	0	0	0	16942400	8256	819542398297	399361485	819941759783	268435456	1.437571	
layer0.attn.res	236640	237229	589	32	0	0	0	528384	264192	897086587436	448543293718	1345629881154	0	0.000000	
layer0.ffn.fc1	237697	259803	22106	13443	0	0	0	17074496	8256	772391929792	373473265	772765403057	268435456	1.218776	
layer0.ffn.rn	237229	237697	468	160	0	0	0	272448	264192	582153846153	564512820512	1146666666666	0	0.000000	
layer0.attn.proj	229957	236640	6683	3401	0	0	0	4235840	8256	633823133323	1235373335	635058506658	67108864	1.204352	
layer0.ffn.swish	259803	259984	181	32	0	0	0	133120	133120	735469613259	735469613259	1470939226519	0	0.000000	
layer0.ffn.res	280657	281246	589	32	0	0	0	528384	264192	897086587436	448543293718	1345629881154	0	0.000000	
