OpName	StartCycle	EndCycle	TotalCycle	ComputeCycles	MemoryStalls	WeightLoadCycles	SystolicMemoryStalls	MemoryReads	MemoryWrites	ReadBandwidth	WriteBandwidth	TotalMemoryBandwidth	NumCalculation	NpuUtilization	
layer0.ffn.swish	205469	205648	179	32	0	0	0	133120	133120	743687150837	743687150837	1487374301675	0	0.000000	
layer0.ffn.rn	183916	184450	534	160	0	0	0	272448	264192	510202247191	494741573033	1004943820224	0	0.000000	
layer0.ffn.fc2	205648	224097	18449	11905	0	0	0	16942400	8256	918337037237	447503929	918784541167	268435456	1.376228	
layer0.ffn.fc1	184450	205469	21019	13332	0	0	0	17074496	8256	812336267186	392787477	812729054664	268435456	1.228923	
layer0.attn.res	183053	183916	863	32	0	0	0	528384	264192	612264194669	306132097334	918396292004	0	0.000000	
layer0.ffn.res	224097	224700	603	32	0	0	0	528384	264192	876258706467	438129353233	1314388059701	0	0.000000	
layer0.attn.proj	176090	183053	6963	3909	0	0	0	4235840	8256	608335487577	1185695820	609521183397	67108864	1.047838	
