OpName	StartCycle	EndCycle	TotalCycle	ComputeCycles	MemoryStalls	WeightLoadCycles	SystolicMemoryStalls	MemoryReads	MemoryWrites	ReadBandwidth	WriteBandwidth	TotalMemoryBandwidth	NumCalculation	NpuUtilization	
layer0.attn.QKVgen	95035	110064	15029	11427	0	0	0	12872000	8256	856477476878	549337946	857026814824	201326592	1.075348	
layer0.ffn.fc1	49349	71701	22352	13443	0	0	0	17074496	8256	763891195418	369362920	764260558339	268435456	1.218776	
layer0.ffn.swish	71701	71878	177	32	0	0	0	133120	133120	752090395480	752090395480	1504180790960	0	0.000000	
layer0.attn.rn	94484	95035	551	160	0	0	0	272448	264192	494460980036	479477313974	973938294010	0	0.000000	
layer0.ffn.res	93620	94484	864	32	0	0	0	528384	264192	611555555555	305777777777	917333333333	0	0.000000	
layer0.ffn.rn	48710	49349	639	160	0	0	0	272448	264192	426366197183	413446009389	839812206572	0	0.000000	
layer0.attn.res	47937	48710	773	32	0	0	0	528384	264192	683549805950	341774902975	1025324708926	0	0.000000	
layer0.ffn.fc2	71878	93620	21742	11397	0	0	0	16942400	8256	779247539324	379725876	779627265200	268435456	1.437571	
layer0.attn.proj	40124	47937	7813	4163	0	0	0	4235840	8256	542152822219	1056700371	543209522590	67108864	0.983906	
