OpName	StartCycle	EndCycle	TotalCycle	ComputeCycles	MemoryStalls	WeightLoadCycles	SystolicMemoryStalls	MemoryReads	MemoryWrites	ReadBandwidth	WriteBandwidth	TotalMemoryBandwidth	NumCalculation	NpuUtilization	
layer0.ffn.swish	210983	211164	181	32	0	0	0	133120	133120	735469613259	735469613259	1470939226519	0	0.000000	
layer0.ffn.rn	187786	188314	528	160	0	0	0	272448	264192	516000000000	500363636363	1016363636363	0	0.000000	
layer0.ffn.fc2	211164	229860	18696	12191	0	0	0	16942400	8256	906204535729	441591784	906646127513	268435456	1.343942	
layer0.ffn.fc1	188314	210983	22669	13189	0	0	0	17074496	8256	753209052009	364197803	753573249812	268435456	1.242247	
layer0.attn.res	186924	187786	862	32	0	0	0	528384	264192	612974477958	306487238979	919461716937	0	0.000000	
layer0.ffn.res	229860	230769	909	32	0	0	0	528384	264192	581280528052	290640264026	871920792079	0	0.000000	
layer0.attn.proj	179926	186924	6998	4163	0	0	0	4235840	8256	605292940840	1179765647	606472706487	67108864	0.983906	
