OpName	StartCycle	EndCycle	TotalCycle	ComputeCycles	MemoryStalls	WeightLoadCycles	SystolicMemoryStalls	MemoryReads	MemoryWrites	ReadBandwidth	WriteBandwidth	TotalMemoryBandwidth	NumCalculation	NpuUtilization	
layer0.attn.QKVgen	93660	109810	16150	11141	0	0	0	12872000	8256	797027863777	511207430	797539071207	201326592	1.102953	
layer0.ffn.fc1	49798	71360	21562	13697	0	0	0	17074496	8256	791879046470	382895835	792261942305	268435456	1.196174	
layer0.ffn.swish	71360	71542	182	32	0	0	0	133120	133120	731428571428	731428571428	1462857142857	0	0.000000	
layer0.attn.rn	93121	93660	539	160	0	0	0	272448	264192	505469387755	490152133580	995621521335	0	0.000000	
layer0.ffn.res	92494	93121	627	32	0	0	0	528384	264192	842717703349	421358851674	1264076555023	0	0.000000	
layer0.ffn.rn	49419	49798	379	160	0	0	0	272448	264192	718860158311	697076517150	1415936675461	0	0.000000	
layer0.attn.res	48501	49419	918	32	0	0	0	528384	264192	575581699346	287790849673	863372549019	0	0.000000	
layer0.ffn.fc2	71542	92494	20952	11397	0	0	0	16942400	8256	808629247804	394043528	809023291332	268435456	1.437571	
layer0.attn.proj	40567	48501	7934	3655	0	0	0	4235840	8256	533884547517	1040584824	534925132341	67108864	1.120657	
