OpName	StartCycle	EndCycle	TotalCycle	ComputeCycles	MemoryStalls	WeightLoadCycles	SystolicMemoryStalls	MemoryReads	MemoryWrites	ReadBandwidth	WriteBandwidth	TotalMemoryBandwidth	NumCalculation	NpuUtilization	
layer0.ffn.swish	204568	204763	195	32	0	0	0	133120	133120	682666666666	682666666666	1365333333333	0	0.000000	
layer0.ffn.rn	184568	185104	536	160	0	0	0	272448	264192	508298507462	492895522388	1001194029850	0	0.000000	
layer0.ffn.fc2	204763	224998	20235	11397	0	0	0	16942400	8256	837281937237	408005930	837689943167	268435456	1.437571	
layer0.ffn.fc1	185104	204568	19464	14348	0	0	0	17074496	8256	877234689683	424167694	877658857377	268435456	1.141901	
layer0.attn.res	183942	184568	626	32	0	0	0	528384	264192	844063897763	422031948881	1266095846645	0	0.000000	
layer0.ffn.res	224998	225580	582	32	0	0	0	528384	264192	907876288659	453938144329	1361814432989	0	0.000000	
layer0.attn.proj	176414	183942	7528	4417	0	0	0	4235840	8256	562678002125	1096705632	563774707757	67108864	0.927326	
