OpName	StartCycle	EndCycle	TotalCycle	ComputeCycles	MemoryStalls	WeightLoadCycles	SystolicMemoryStalls	MemoryReads	MemoryWrites	ReadBandwidth	WriteBandwidth	TotalMemoryBandwidth	NumCalculation	NpuUtilization	
layer0.attn.proj	111624	118414	6790	3909	0	0	0	4235840	8256	623835051546	1215905743	625050957290	67108864	1.047838	
layer0.ffn.swish	140448	140869	421	32	0	0	0	133120	133120	316199524940	316199524940	632399049881	0	0.000000	
layer0.ffn.res	158874	159427	553	32	0	0	0	528384	264192	955486437613	477743218806	1433229656419	0	0.000000	
layer0.attn.rn	159427	160351	924	160	0	0	0	272448	264192	294857142857	285922077922	580779220779	0	0.000000	
layer0.ffn.rn	119222	119604	382	160	0	0	0	272448	264192	713214659685	691602094240	1404816753926	0	0.000000	
layer0.ffn.fc2	140869	158874	18005	13683	0	0	0	16942400	8256	940983060261	458539294	941441599555	268435456	1.197398	
layer0.attn.QKVgen	160351	179828	19477	10633	0	0	0	12872000	8256	660882066026	423884581	661305950608	201326592	1.155648	
layer0.ffn.fc1	119604	140448	20844	13189	0	0	0	17074496	8256	819156399923	396085204	819552485127	268435456	1.242247	
layer0.attn.res	118414	119222	808	32	0	0	0	528384	264192	653940594059	326970297029	980910891089	0	0.000000	
