OpName	StartCycle	EndCycle	TotalCycle	ComputeCycles	MemoryStalls	WeightLoadCycles	SystolicMemoryStalls	MemoryReads	MemoryWrites	ReadBandwidth	WriteBandwidth	TotalMemoryBandwidth	NumCalculation	NpuUtilization	
layer0.ffn.fc2	256514	277511	20997	12159	0	0	0	16942400	8256	806896223269	393199028	807289422298	268435456	1.347479	
layer0.attn.res	231221	231808	587	32	0	0	0	528384	264192	900143100511	450071550255	1350214650766	0	0.000000	
layer0.ffn.fc1	232504	256335	23831	14205	0	0	0	17074496	8256	716482564726	346439511	716829004238	268435456	1.153397	
layer0.ffn.rn	231808	232504	696	160	0	0	0	272448	264192	391448275862	379586206896	771034482758	0	0.000000	
layer0.attn.proj	224700	231221	6521	3655	0	0	0	4235840	8256	649569084496	1266063487	650835147983	67108864	1.120657	
layer0.ffn.swish	256335	256514	179	32	0	0	0	133120	133120	743687150837	743687150837	1487374301675	0	0.000000	
layer0.ffn.res	277511	278078	567	32	0	0	0	528384	264192	931894179894	465947089947	1397841269841	0	0.000000	
